pipeline,id,categoria,titulo,descricao,gatilho,verificavel_por_texto,exemplos,fonte_livro,fonte_pagina,fonte_citacao
voice2sign,ASLFD.SINTAXE.001,sintaxe,Ordem flexível de sujeito e verbo em frases simples,"Em ASL, o sujeito pode aparecer antes ou depois do verbo em frases simples, sem alterar o significado. Isso permite variações naturais na estrutura da frase, dependendo do foco ou do contexto.","frase simples com sujeito e verbo, sem objetos diretos ou indiretos",True,HE RAN → RAN HIM ; SHE FELL → FELL HER,ASL for Dummies — Caps. 1-13 (gramática + vocabulário temático),37,"Unlike English grammar rules, which dictate that the subject must go before the verb, Sign allows you to put the subject before or after the verb when dealing with simple sentences; it doesn’t matter which word comes first."
voice2sign,ASLFD.SINTAXE.002,sintaxe,Objeto direto pode vir antes do sujeito ou depois do verbo,"O objeto direto em ASL pode ser posicionado antes do sujeito ou após o verbo, dependendo do foco da mensagem. A ordem natural em inglês é mantida apenas quando há risco de ambiguidade.","frase com sujeito, verbo e objeto direto, especialmente quando a mudança de ordem não causa ambiguidade",True,HE SELLS FOOD → FOOD HE SELLS ; ME EAT PIZZA → PIZZA ME EAT,ASL for Dummies — Caps. 1-13 (gramática + vocabulário temático),38,"In ASL, the direct object can go either before the subject or after the verb."
voice2sign,ASLFD.SINTAXE.003,sintaxe,Objeto indireto posicionado após o sujeito,"Em frases com objeto indireto, o objeto indireto é colocado imediatamente após o sujeito, seguido pelo verbo e pelo objeto direto, formando a sequência sujeito-objeto indireto-objeto direto-verb.","frase com sujeito, verbo, objeto indireto e objeto direto",True,DOG BONE — GIRL — THROW ; ME TEACHER — APPLE GAVE,ASL for Dummies — Caps. 1-13 (gramática + vocabulário temático),40,You place the indirect object right after the subject and then show the action.
voice2sign,ASLFD.TEMPO-ASPECTO.001,tempo-aspecto,Indicação de passado com 'finish' no início da frase,"Para indicar que uma ação já ocorreu no passado, o sinal 'FINISH' é usado no início da frase, com movimento no nível do peito ou acima, dependendo da intensidade. O sinal é acompanhado pela pronúncia de 'fish' (versão abreviada de 'finish').",frase que descreve uma ação concluída no passado,True,FINISH HE GO — WILL,ASL for Dummies — Caps. 1-13 (gramática + vocabulário temático),34,"To place everything you sign into past tense, you sign finish at chest level or higher, depending on the level of intensity, at either the beginning or end of the sentence (most signers do it at the beginning for clarity), while saying the word fish, a shortened version of finish."
voice2sign,ASLFD.TEMPO-ASPECTO.002,tempo-aspecto,Indicação de futuro com 'will' no final da frase,"Para indicar futuro, o sinal 'WILL' é colocado no final da frase. A distância do corpo ao qual o sinal é feito indica o grau de proximidade ou distância no tempo: quanto mais longe, mais distante no futuro.",frase que descreve uma ação futura planejada,True,HE GO — WILL ; MY HOUSE — M-I-K-E — WALK — WILL,ASL for Dummies — Caps. 1-13 (gramática + vocabulário temático),34,"You indicate future tense by signing and saying will at the end of a sentence. The farther you sign the word will from the front of your body, the farther into the future you go."
voice2sign,ASLFD.MORFOLOGIA.001,morfologia,Adjetivos e advérbios geralmente seguem o termo que modificam,"Em ASL, adjetivos e advérbios são normalmente colocados após o substantivo ou verbo que modificam, diferentemente do inglês, onde podem vir antes ou depois.",frase com adjetivo ou advérbio que modifica um substantivo ou verbo,True,SMALL PLANES — FLY — LIKE ME ; PRETTY GIRL ; BAD MOVIE,ASL for Dummies — Caps. 1-13 (gramática + vocabulário temático),32,"In Sign, you typically place the adjective or adverb — the modifier — after the word it modifies."
voice2sign,ASLFD.EXPRESSOES-IDIOMATICAS.001,expressoes-idiomaticas,OH/I SEE WHAT,"Expressão usada como exclamação única para indicar surpresa, compreensão repentina ou incredulidade. É formada pela datilologia 'W-T' (What?) e usada apenas como uma palavra isolada.","situação de surpresa, compreensão súbita ou dúvida",True,WHAT:,ASL for Dummies — Caps. 1-13 (gramática + vocabulário temático),45,OH/I SEE WHAT: This exclamation is fingerspelled simply as W-T; it’s only used as a one-word exclamation (as “What?!”).
voice2sign,ASLFD.SINTAXE.004,sintaxe,Construção de frases com 'if' (condicionais),"Em ASL, frases condicionais são formadas com o sinal 'IF' seguido pelo condicionante, e o resultado da condição. O sinal 'IF' é acompanhado por sobrancelhas levantadas, mas as sobrancelhas retornam à posição normal após o sinal 'IF'.",Frase condicional iniciada com 'if' ou 'suppose' em inglês,True,IF BEER ORDER YOU — WINE ORDER ME ; IF YOU WANT TO GO — I WILL GO,ASL for Dummies — Caps. 1-13 (gramática + vocabulário temático),50,"Sign the conditional word while raising your eyebrows, but then follow with the rest of the conditional phrase and sentence with your eyebrows back down in their normal position."
voice2sign,ASLFD.SINTAXE.005,sintaxe,Evitar verbos 'to be' em ASL,"Verbos como 'am', 'are', 'was', 'were', 'be', 'being', 'been' não são usados em ASL. Em vez disso, a estrutura ativa é usada, e a afirmação é confirmada com o sinal 'TRUE' no final da frase.",Quando se deseja fazer uma afirmação ou declarar um estado,True,"TRUE ; I AM HERE → (sem sinal de 'am', apenas 'I HERE TRUE')",ASL for Dummies — Caps. 1-13 (gramática + vocabulário temático),55,"Never sign am, are, was, were, be, being, or been. They aren’t used in ASL."
voice2sign,ASLFD.EXPRESSOES-IDIOMATICAS.003,expressoes-idiomaticas,OH I SEE WHY,Expressão usada para indicar compreensão imediata de uma razão ou motivação. É usada quando alguém entende o porquê de uma ação ou decisão.,"Após uma explicação ou justificativa, quando se entende a razão",True,OH I SEE WHY — Q ; OH I SEE WHY — YES,ASL for Dummies — Caps. 1-13 (gramática + vocabulário temático),48,OH I SEE WHY — Q
voice2sign,ASLFD.EXPRESSOES-IDIOMATICAS.004,expressoes-idiomaticas,WOW,"Expressão usada para mostrar surpresa, admiração ou entusiasmo diante de algo significativo ou emocionante.","Quando algo surpreendente ou importante é mencionado, como aniversários, conquistas ou eventos especiais",True,ANNIVERSARY — 50 YEARS — US — WOW ; WOW — THAT’S A LONG TIME!,ASL for Dummies — Caps. 1-13 (gramática + vocabulário temático),46,Wow! Our 50th anniversary!
voice2sign,ASLFD.EXPRESSOES-IDIOMATICAS.005,expressoes-idiomaticas,WHAT’S UP?,"Gíria informal usada como saudação, equivalente a 'Oi' ou 'Tudo bem?'. É comum em contextos casuais e entre amigos.","Início de conversa informal, especialmente com pessoas conhecidas ou em ambientes descontraídos",True,WHAT’S_UP ; WHAT’S UP? — SIGN YOU Q,ASL for Dummies — Caps. 1-13 (gramática + vocabulário temático),56,"Signing What’s up? is a simple, informal greeting that’s a great opener, too."
voice2sign,ASLFD.PRONOMES.001,pronomes,Uso de 'MY SISTER' como referente,"Em ASL, pronomes como 'my sister' são usados com o sinal do possuidor seguido do nome ou referente. O sinal 'MY' é feito com a mão na posição do peito, seguido pelo sinal do referente.",Quando se faz referência a uma pessoa próxima com vínculo familiar,True,MY SISTER — DEAF ; MY BROTHER — STUDENT,ASL for Dummies — Caps. 1-13 (gramática + vocabulário temático),60,"No, my sister is deaf."
voice2sign,ASLFD.VERBOS.001,verbos,Sinal 'FINISH' para interromper,"O sinal 'FINISH' é usado para interromper ou concluir uma ação, especialmente em contextos de negação ou impaciência. É uma forma direta de dizer 'pare' ou 'acabe com isso'.",Quando se quer interromper uma ação ou expressar frustração com algo que está acontecendo,True,FINISH ; STOP THAT — FINISH,ASL for Dummies — Caps. 1-13 (gramática + vocabulário temático),49,You stop that!
voice2sign,ASLFD.SINTAXE.006,sintaxe,Uso de 'SO FAR' para tempo longo,"O sinal 'SO FAR' é usado para indicar um período de tempo muito longo, especialmente em contextos de aniversários, experiências ou espera prolongada.","Quando se fala de um tempo extenso, como em aniversários ou experiências duradouras",True,LONG TIME — SO FAR ; SO FAR — 50 YEARS,ASL for Dummies — Caps. 1-13 (gramática + vocabulário temático),47,(flick!) — LONG TIME — SO FAR
voice2sign,ASLFD.SINTAXE.007,sintaxe,Posição do tempo no início da frase,"Em ASL, a expressão de tempo deve ser colocada o mais próximo possível do início da frase, antes do sujeito, para fornecer um contexto claro sobre quando o evento ocorreu.","Frase que inclui informação de tempo (data, hora, dia, momento do dia)",True,7 P.M. — MY HOUSE — COME — CAN YOU — Q ; MORNING — I ARRIVE — LATE,ASL for Dummies — Caps. 1-13 (gramática + vocabulário temático),85,"In ASL, telling time can be an important tool to make sure that you’re never too late or too early. As you’re learning this valuable piece of information, always remember that you should put the expression of time as close to the beginning of the sentence as possible; that is, you generally express the time before the subject."
voice2sign,ASLFD.SINTAXE.008,sintaxe,Ordem de itens e quantidade em frases numéricas,"Para expressar pluralidade ou quantidade em ASL, o item é sinalizado primeiro, seguido pelo número, sem necessidade de mudar o item para forma plural.",Frase que expressa quantidade de objetos ou pessoas,True,BOOK TWO ; CAR FOUR,ASL for Dummies — Caps. 1-13 (gramática + vocabulário temático),79,"When you want to specify more than one item — that is, express a plural — you sign the item first, followed by the quantity. Unlike English, you don’t have to change the item to a plural by adding “s.”"
voice2sign,ASLFD.MORFOLOGIA.004,morfologia,Formação de números de 11 a 19,"Números de 11 a 19 são formados com o número base (1-9) seguido do número 10, com a palma da mão voltada para o interlocutor.",Sinalização de números entre 11 e 19,True,ELEVEN ; TWELVE,ASL for Dummies — Caps. 1-13 (gramática + vocabulário temático),80,"When you’re indicating quantity and counting things, sign the numbers 1 through 5 and 11 through 15 with your palm facing you and the numbers 6 through 10 and 16 through 19 with your palm facing the person to whom you’re signing."
voice2sign,ASLFD.MORFOLOGIA.005,morfologia,Formação de dezenas e centenas,"Números de dezenas (30, 40, etc.) são formados com o número base (3, 4, 5, etc.) seguido do sinal para '0'. Números de centenas (600, 700, etc.) são formados com o número base seguido do sinal para 'hundred'.",Sinalização de números múltiplos de 10 ou 100,True,THIRTY ; SIX HUNDRED,ASL for Dummies — Caps. 1-13 (gramática + vocabulário temático),83,"To sign decade numbers — 30, 40, 50, and so on — you sign the first number (3, 4, 5) followed by the sign for the number 0. You sign hundreds — such as 600, 700, 800, and so on — by first signing the number (6, 7, 8) and then the sign for hundred."
voice2sign,ASLFD.MORFOLOGIA.006,morfologia,Formação de números ordinais,"Para indicar números ordinais (primeiro, segundo, terceiro), o sinal do número é feito com um movimento de torção do pulso para dentro.",Expressão de ordem ou posição em uma sequência,True,FIRST ; SECOND ; THIRD,ASL for Dummies — Caps. 1-13 (gramática + vocabulário temático),84,"To indicate an ordinal number in ASL, twist your wrist inward while signing the respective number."
voice2sign,ASLFD.SINTAXE.009,sintaxe,Sinalização de números em telefone e códigos,"Números de telefone e códigos (como número de seguro social) são sinalizados com a palma da mão voltada para fora, em direção ao interlocutor.","Comunicação de números de telefone, código de segurança ou endereço",True,7 P.M. — MY HOUSE — COME — CAN YOU — Q ; AREA CODE — 555 — 1234,ASL for Dummies — Caps. 1-13 (gramática + vocabulário temático),85,"As you meet more Deaf people and give out your phone number, sign the numbers with your palm facing outward, toward the person to whom you’re giving the information."
voice2sign,ASLFD.SINTAXE.010,sintaxe,Uso de parênteses em números,"É comum usar o sinal de parênteses (com o dedo indicador) antes de sinalizar um código de área, para tornar a informação mais clara.",Sinalização de número de telefone com código de área,True,PARENTHESIS — 555 — 1234,ASL for Dummies — Caps. 1-13 (gramática + vocabulário temático),85,You’ll also encounter some Deaf people who use their index fingers to sign parenthesis before signing an area code. Doing so does make the information clearer.
voice2sign,ASLFD.SINTAXE.011,sintaxe,Fórmula para sinalizar horas,"Para sinalizar horas, primeiro toca-se o pulso (para indicar relógio) e depois sinaliza-se o número da hora, com a palma da mão voltada para fora.",Expressão de hora em um relógio,True,WATCH — ONE O'CLOCK ; WATCH — TWO O'CLOCK,ASL for Dummies — Caps. 1-13 (gramática + vocabulário temático),85,"The time factor can be a date, a day, a month, “now,” “dawn,” “tomorrow,” “immediately,” and so on. However, at this time, the idea of “when” can be as simple as pointing to your watch and then expressing any given hour."
voice2sign,ASLFD.SINTAXE.012,sintaxe,Fórmula para sinalizar minutos,"Minutos são sinalizados com dois sinais: primeiro toca-se o pulso (para indicar relógio) e depois sinaliza-se o número de minutos, com a palma da mão voltada para fora.",Expressão de minutos em um relógio,True,WATCH — TWO MINUTES ; WATCH — TEN MINUTES,ASL for Dummies — Caps. 1-13 (gramática + vocabulário temático),86,You sign the following time expressions with two signs: First touch your wrist to indicate a watch/time and then sign the number. Keep your hand with your palm facing outward and you’ll be as clear as Big Ben on a sunny day!
voice2sign,ASLFD.SINTAXE.013,sintaxe,Fórmula para sinalizar segundos,"Como não há sinal específico para segundos, eles são expressos por soletração do termo 'S-E-C' após o número.",Expressão de segundos em uma frase,True,THREE S-E-C,ASL for Dummies — Caps. 1-13 (gramática + vocabulário temático),85,"“Seconds” doesn’t have a sign, but if you spell S-E-C after a number, your point will be clear — for example, three S-E-C."
voice2sign,ASLFD.SINTAXE.014,sintaxe,Fórmula para sinalizar dias do ano,"Meses do ano são sinalizados por soletração (fingerspell), com exceção de alguns que podem ser abreviados (Jan., Feb., etc.), mas é recomendado soletrar todos os meses até dominar o uso.",Sinalização de data com mês,True,"J-A-N 22, 2022 ; N-O-V 17, 2022",ASL for Dummies — Caps. 1-13 (gramática + vocabulário temático),89,"To sign months of the year in ASL, you fingerspell them. You may see a person signing calendar while using the first letter of the month incorporated in the sign. This can get confusing because three months start with the letter “J,” two start with the letter “M,” and two start with the letter “A.” This method isn’t uncommon, but it’s not formal signing either. Until you get your feet under you, fingerspell the months of the year."
voice2sign,ASLFD.SINTAXE.015,sintaxe,Sinalização de números repetidos,"Quando dois números são iguais, a palma da mão é virada para baixo (em direção ao chão) e o número é sinalizado de um lado para o outro.","Sinalização de um número repetido (ex: 22, 11, 00)",True,22 ; 00,ASL for Dummies — Caps. 1-13 (gramática + vocabulário temático),89,"When two numbers are the same, point your palm downward facing the ground and then sign the number from one side to the other."
voice2sign,ASLFD.SINTAXE.016,sintaxe,Ordem de sinais em descrições de localização,"Em descrições de localização, o padrão é: [Referente] [Localização] [Direção] [Nome da rua ou estrutura]. O sinal de localização (como 'THIRD RIGHT') vem antes do nome da rua ou estrutura.",Frase que descreve a localização de um endereço ou ponto de referência,True,Right on West Drive; the third house on the right -> HOUSE - THIRD RIGHT - STREET - WEST - D-R ; The garage has a window -> GARAGE - WINDOW HAVE,ASL for Dummies — Caps. 1-13 (gramática + vocabulário temático),92,HOUSE - THIRD RIGHT - STREET - WEST - D-R
voice2sign,ASLFD.SINTAXE.017,sintaxe,Construção de perguntas com 'CAN' e 'Q',Perguntas com 'CAN' são formadas colocando 'CAN' antes do sujeito e terminando com 'Q' (sinal de pergunta). O sujeito vem após 'CAN'.,Frase interrogativa com 'Can you...' ou 'Can I...' no início,True,Can you give me directions? -> DIRECTIONS - GIVE ME - CAN - Q ; Can I go upstairs? -> UPSTAIRS - GO ME CAN Q,ASL for Dummies — Caps. 1-13 (gramática + vocabulário temático),91,DIRECTIONS - GIVE ME - CAN - Q
voice2sign,ASLFD.SINTAXE.018,sintaxe,Construção de perguntas com 'WHICH' para escolha,"Perguntas que envolvem escolha entre duas opções usam 'WHICH Q' no final, com o sujeito e os itens antecedendo o sinal de pergunta.",Frase interrogativa com 'Do you own your home or rent?',True,Do you own your home or rent? -> YOUR HOME - OWN - RENT WHICH Q,ASL for Dummies — Caps. 1-13 (gramática + vocabulário temático),96,YOUR HOME - OWN - RENT WHICH Q
voice2sign,ASLFD.VERBOS.002,verbos,Verbo 'HAVE' em estruturas possessivas,"O verbo 'HAVE' é usado para indicar posse ou existência de algo em um local, com o sujeito seguido por 'HAVE' e o objeto.",Frase que indica que algo existe ou pertence a um lugar,True,The garage has a window -> GARAGE - WINDOW HAVE ; The kitchen is hot -> KITCHEN - HOT,ASL for Dummies — Caps. 1-13 (gramática + vocabulário temático),97,GARAGE - WINDOW HAVE
voice2sign,ASLFD.SINTAXE.019,sintaxe,Construção de imperativos com 'DON'T' e 'THERE',"Imperativos negativos com 'Don't' são formados com 'DON'T' seguido pelo verbo, o local e 'THERE' para indicar o lugar onde a ação não deve ocorrer.",Frase imperativa negativa com 'Don't play in the living room',True,Don't play in the living room -> LIVING ROOM - PLAY THERE - DON'T,ASL for Dummies — Caps. 1-13 (gramática + vocabulário temático),102,LIVING ROOM - PLAY THERE - DON'T
voice2sign,ASLFD.SINTAXE.020,sintaxe,Construção de frases com 'SIT' e objeto,"Frase com verbo 'SIT' seguido diretamente pelo objeto (como 'couch') sem preposição, com o objeto vindo antes do verbo.",Frase com 'Sit on the couch' ou similar,True,Sit on the couch -> COUCH - SIT,ASL for Dummies — Caps. 1-13 (gramática + vocabulário temático),105,COUCH - SIT
voice2sign,ASLFD.MORFOLOGIA.007,morfologia,Formação de 'condo' e 'apartment' por abreviação e datilologia,"Para 'condo', usa-se a abreviação 'C-O-N-D-O' por datilologia. Para 'apartment', usa-se a abreviação 'A-P-T' por datilologia.",Frase que menciona 'condo' ou 'apartment',True,"To sign condo, you fingerspell C-O-N-D-O ; To sign apartment, you use the abbreviation and fingerspell just A-P-T",ASL for Dummies — Caps. 1-13 (gramática + vocabulário temático),96,"To sign condo, you fingerspell C-O-N-D-O, and to sign apartment, you use the abbreviation and fingerspell just A-P-T."
voice2sign,ASLFD.SINTAXE.021,sintaxe,Ordem de palavras em frases declarativas,"Em ASL, a ordem dos sinais em frases declarativas geralmente segue o padrão: sujeito, objeto, verbo, mas com flexibilidade baseada no foco e no espaço. O verbo pode vir antes do sujeito quando o foco está no verbo ou na ação.",frase declarativa com verbo principal,True,HOUSE YARD — BIG ; KITCHEN — WANT SEE ME ; COUCH LAMP PICTURES — NEED US,ASL for Dummies — Caps. 1-13 (gramática + vocabulário temático),106,The house has a big yard. Sign: HOUSE YARD — BIG
voice2sign,ASLFD.PERGUNTA.002,pergunta,Posição do pronome interrogativo no final da frase,"Em perguntas simples, os pronomes interrogativos (who, what, when, where, which, why, how) são colocados no final da frase, seguidos do sinal de interrogação manual no final.",frase com intenção de fazer pergunta,True,GOING — WHO Q ; WANT SEE — KITCHEN Q,ASL for Dummies — Caps. 1-13 (gramática + vocabulário temático),119,"When you want to sign a question, you simply put the question word at the end of the sentence — words such as who, what, when, where, which, why, and how."
voice2sign,ASLFD.SINTAXE.022,sintaxe,Construção de frases com múltiplos objetos,"Quando se lista mais de um objeto, os sinais são apresentados em sequência, sem separadores, e o verbo é colocado no final, com o sinal de necessidade ou desejo aplicado ao grupo.",frase com lista de objetos e verbo de necessidade ou desejo,True,COUCH LAMP PICTURES — NEED US ; SLEEP DREAM REST PRAY LAUGH VACATION — WANT,ASL for Dummies — Caps. 1-13 (gramática + vocabulário temático),108,"Dave: We need a couch, lamp, and pictures. Sign: COUCH LAMP PICTURES — NEED US"
voice2sign,ASLFD.NEGACAO.001,negacao,Negativa com 'not' no final da frase,"A negação em ASL é expressa com o sinal 'NOT' colocado no final da frase, após o verbo ou o adjetivo, e pode ser combinada com expressões como 'not rent' para indicar contraste.",frase com negação de uma ação ou estado,True,HOUSE — OWN GREAT — RENT NOT ; NOT WANT,ASL for Dummies — Caps. 1-13 (gramática + vocabulário temático),108,"Debbie: It’s great to own, not rent, a house. Sign: HOUSE — OWN GREAT — RENT NOT"
voice2sign,ASLFD.TEMPO-ASPECTO.004,tempo-aspecto,Expressão de estado permanente com 'own' e 'great',"A combinação de 'OWN' com 'GREAT' expressa um estado de posse duradouro e positivo, indicando que algo é valioso e pertence à pessoa de forma permanente, sem necessidade de tempo específico.",frase sobre posse de algo com valor emocional ou material,True,HOUSE — OWN GREAT — RENT NOT,ASL for Dummies — Caps. 1-13 (gramática + vocabulário temático),108,"Debbie: It’s great to own, not rent, a house. Sign: HOUSE — OWN GREAT — RENT NOT"
voice2sign,ASLFD.SINTAXE.023,sintaxe,Ordem de sinais em perguntas com 'what' e 'where',"Em perguntas que envolvem 'what' ou 'where', o sinal do interrogativo vem no início da frase, seguido pelo sujeito e pelo verbo, com o sinal de 'Q' no final para indicar pergunta. O pronome 'you' é implícito quando o interlocutor já está presente.",Frase com pergunta que começa com 'what' ou 'where' e envolve o interlocutor direto,True,What do you mean? -> MEAN — WHAT Q ; Where are you moving? -> MOVING YOU — WHERE Q,ASL for Dummies — Caps. 1-13 (gramática + vocabulário temático),121,MEAN — WHAT Q (the word “you” is implied because you’re talking to that person already)
voice2sign,ASLFD.SINTAXE.024,sintaxe,Respostas curtas com intensidade e modificador de tempo,"Respostas curtas podem incluir moduladores como 'SHORT' para indicar duração reduzida, e a intensidade do sinal pode reforçar o significado, como em 'I am only working briefly'.",Resposta afirmativa curta a uma pergunta sobre duração de atividade,True,"Yes, for two hours. -> YES — TWO HOURS — SHORT",ASL for Dummies — Caps. 1-13 (gramática + vocabulário temático),121,"this signed answer can be translated to mean, “I am only working briefly”"
voice2sign,ASLFD.PRONOMES.003,pronomes,Pronomes pessoais em perguntas com 'you' e 'me',"Em perguntas diretas, o pronome 'you' é sinalizado antes do verbo, e 'me' é sinalizado antes do verbo quando é o objeto. O pronome 'you' é implícito quando o interlocutor é o foco da conversa.",Pergunta direta com 'you' ou 'me' como sujeito ou objeto,True,May I join you? -> YOU — ME Q ; Is she your sister? -> (point) HER — SISTER — YOURS Q,ASL for Dummies — Caps. 1-13 (gramática + vocabulário temático),122,YOU — ME Q
voice2sign,ASLFD.SINTAXE.025,sintaxe,Construção de 'sister-in-law' e 'sibling' com sinais compostos,"Para formar 'sister-in-law', o sinal 'law' é adicionado ao sinal 'sister'. Para 'half sibling', o sinal '½' (com palma voltada para o signer e movimento descendente) é usado antes do sinal 'brother' ou 'sister'.",Expressão de parentesco com 'in-law' ou 'half',True,"No, my sister-in-law. -> NO — SISTER LAW — MINE ; He is my half brother. -> MY 1-2 (as in ½) BROTHER — HIM (point)",ASL for Dummies — Caps. 1-13 (gramática + vocabulário temático),126,NO — SISTER LAW — MINE
voice2sign,ASLFD.SINTAXE.026,sintaxe,Formação de endereços com fingerspelling e sinais,"Endereços são sinalizados com o nome da rua em fingerspelling, seguido pelo número da casa, com a palma voltada para o interlocutor. O nome da cidade é sinalizado com o sinal ou fingerspelling, dependendo da popularidade.",Sinalização de endereço residencial,True,"171 Anywhere Lane, 98765. -> 1-7-1 A-N-Y-W-H-E-R-E L-A-N-E 9-8-7-6-5",ASL for Dummies — Caps. 1-13 (gramática + vocabulário temático),131,1-7-1 A-N-Y-W-H-E-R-E L-A-N-E 9-8-7-6-5
voice2sign,ASLFD.SINTAXE.027,sintaxe,Sinalização de números em telefones com flexibilidade,"O sufixo do número de telefone pode ser sinalizado como quatro dígitos consecutivos ou em dois pares, sem necessidade de hífen. O sinal 'L-D' pode ser usado antes do número para indicar longa distância.",Sinalização de número de telefone após o código de área,True,"1212 -> 1, 2, 1, 2 ou 12, 12 ; Phone me when you arrive -> THANKS — ARRIVE YOU — PHONE ME",ASL for Dummies — Caps. 1-13 (gramática + vocabulário temático),129,You don’t need to worry about putting a hyphen between the numbers like you would if you were writing the number down.
voice2sign,ASLFD.SINTAXE.028,sintaxe,Sinalização de profissões com acrônimos e sinais,"Nomes de empresas ou cargos com acrônimos são fingerspellados. Cargos como 'vice president' são sinalizados como 'V-P' ao lado da cabeça, independentemente do contexto.",Sinalização de cargo ou nome de empresa com acrônimo,True,Vice president -> V-P (by the side of the head),ASL for Dummies — Caps. 1-13 (gramática + vocabulário temático),134,"All vice presidents are signed V-P by the side of the head, regardless of whether you’re talking about the vice president of the United States or the vice"
voice2sign,ASLFD.SINTAXE.029,sintaxe,Sinalização de 'long distance' com 'L-D',"Para indicar chamada de longa distância, o sinal 'L-D' é usado antes de fornecer o número de telefone, especialmente quando há dúvida sobre clareza.",Fornecimento de número de telefone com possibilidade de erro ou necessidade de clareza,True,Phone me when you arrive -> THANKS — ARRIVE YOU — PHONE ME,ASL for Dummies — Caps. 1-13 (gramática + vocabulário temático),128,"Alternatively, just sign L-D (for long distance) before you give the number."
voice2sign,ASLFD.SINTAXE.030,sintaxe,Ordem de palavras em frases simples,"Em frases simples, a ordem dos sinais segue a estrutura do inglês (sujeito-verbo-objeto), com o sujeito geralmente sinalizado primeiro, seguido pelo verbo e depois pelo objeto. O sujeito pode ser indicado por um pronome ou nome próprio.","Frase simples com sujeito, verbo e objeto, sem estrutura complexa ou foco especial",True,English: He is rich. -> Sign: RICH HIM ; English: She has wisdom. -> Sign: WISDOM HERS,ASL for Dummies — Caps. 1-13 (gramática + vocabulário temático),142,Simple sentences can follow English word order.
voice2sign,ASLFD.PRONOMES.004,pronomes,Uso de pronomes pessoais com base em referência,"Pronomes pessoais (I, YOU, HE, SHE, WE, THEY) são usados para referir-se a pessoas já mencionadas ou presentes no espaço. O pronome é sinalizado com a mão dominante apontando para a pessoa ou localização correspondente.",Referência a uma pessoa já mencionada ou presente no espaço visual,True,English: He is rich. -> Sign: RICH HIM ; English: They have gold. -> Sign: GOLD HAVE THEM,ASL for Dummies — Caps. 1-13 (gramática + vocabulário temático),142,You use pronouns in Sign the same way that you do in English; you need to refer to a noun before you use a pronoun.
voice2sign,ASLFD.OUTROS.001,possessivos,Sinalização de posse com palma aberta,"Para indicar posse, sinaliza-se a pessoa ou coisa possuída, seguido por uma palma aberta voltada para a pessoa a quem pertence o objeto. O movimento pode ser simples (singular) ou com movimento lateral (plural).",Expressão de posse sobre um objeto ou pessoa,True,English: He has money. -> Sign: MONEY HIS ; English: The gold is theirs. -> Sign: GOLD THEIRS,ASL for Dummies — Caps. 1-13 (gramática + vocabulário temático),140,Show possession by indicating whom you’re talking about or what’s being possessed and then showing an open palm facing the person.
voice2sign,ASLFD.OUTROS.002,possessivos,Uso de nome próprio com soletração para posse,"Para perguntar sobre posse de um objeto, soletra-se o nome da pessoa, aponta-se para o objeto e sinaliza-se um ponto de interrogação. Isso equivale a perguntar 'Is that yours?'",Pergunta sobre posse de um objeto com nome próprio associado,True,"Fingerspell T-O-N-Y, point to coat, sign ? -> 'Is that Tony's?'",ASL for Dummies — Caps. 1-13 (gramática + vocabulário temático),138,"Fingerspell the name of the person, point to the item you’re talking about, and sign a question mark."
voice2sign,ASLFD.OUTROS.003,demonstrativos,Sinalização de demonstrativos com mão em forma de Y,"Os pronomes demonstrativos (this, that, these, those) são sinalizados com a mão dominante em forma de Y, dobrada no pulso, apontando para o referente. O movimento lateral indica plural.",Referência a um objeto ou grupo de objetos visíveis ou recentemente mencionados,True,Sign: THIS -> apontar com mão em Y para um objeto próximo ; Sign: THESE -> apontar com movimento lateral para múltiplos objetos,ASL for Dummies — Caps. 1-13 (gramática + vocabulário temático),141,Sign the pronoun that by pointing to your subject with your dominant hand in the Y shape and bent at the wrist.
voice2sign,ASLFD.SINTAXE.031,sintaxe,Ordem de direções: ponto de referência geral para específico,"Ao dar direções, comece com um ponto de referência familiar (como uma loja ou ponte), depois progrida de forma geral para específica (estado → cidade → bairro → rua → número).",Dando ou recebendo direções em ASL,True,English: My house is west of the store. -> Sign: STORE — MY HOUSE — WEST,ASL for Dummies — Caps. 1-13 (gramática + vocabulário temático),144,"Try to start with a point of reference that’s familiar to both of you, such as a store, restaurant, or bridge, and then give the directions. Go from big to small; from general to specific."
voice2sign,ASLFD.SINTAXE.032,sintaxe,Repetição de sinais para intensidade ou quantidade,"Para indicar repetição de um movimento (como virar duas vezes), o sinal é repetido. O corpo pode se mover ligeiramente entre as repetições para indicar mudança.","Expressão de repetição de ação ou movimento, especialmente em direções",True,English: Turn right twice. -> Sign: RIGHT — RIGHT,ASL for Dummies — Caps. 1-13 (gramática + vocabulário temático),146,Notice that you don’t sign the word twice; you simply sign right twice. Make sure you shift your body ever so slightly as you start to sign right the second time.
voice2sign,ASLFD.SINTAXE.033,sintaxe,Uso de 'straight' para direção e estado,O sinal 'STRAIGHT' usa a forma manual B e é movido diretamente à frente. O mesmo sinal pode significar 'sober' dependendo do contexto. Também é usado para indicar virar à esquerda ou direita.,Indicação de direção reta ou estado de sobriedade,True,English: Go straight; don’t turn. -> Sign: STRAIGHT — TURN — DON’T,ASL for Dummies — Caps. 1-13 (gramática + vocabulário temático),147,"To sign straight, use the B manual handshape and then move it straight out in front of you, bending your wrist. The sign for straight is also one sign for sober — the sentence’s context tells you which word is being signed."
voice2sign,ASLFD.EXPRESSOES-IDIOMATICAS.009,expressoes-idiomaticas,What an interesting job,"Expressão usada para elogiar ou demonstrar interesse em um cargo ou trabalho. Traduz-se literalmente como 'JOB INTERESTING TRUE', indicando que o trabalho é verdadeiramente interessante.",Ao ouvir ou comentar sobre um trabalho ou cargo que parece fascinante ou incomum,True,English: What an interesting job. -> Sign: JOB — INTERESTING — TRUE,ASL for Dummies — Caps. 1-13 (gramática + vocabulário temático),137,Kim: What an interesting job. Sign: JOB — INTERESTING — TRUE
voice2sign,ASLFD.SINTAXE.034,sintaxe,Uso de 'after' e 'before' em relações temporais,Os sinais 'AFTER' e 'BEFORE' são usados para indicar sequência temporal. São sinalizados com movimentos que indicam progressão ou antecedência no tempo.,Expressão de sequência temporal em direções ou eventos,True,English: Turn east after two miles. -> Sign: TWO M-I-L-E-S FINISH — GO EAST,ASL for Dummies — Caps. 1-13 (gramática + vocabulário temático),150,"Linda: Yes, but turn east after two miles. Sign: YES — BUT TWO M-I-L-E-S FINISH — GO EAST"
voice2sign,ASLFD.SINTAXE.035,sintaxe,Uso de 'near' e 'far' para distância,Os sinais 'NEAR' e 'FAR' são usados para indicar proximidade ou distância de um local. São sinalizados com movimentos da mão que aproximam ou afastam do corpo.,Descrever distância entre dois pontos ou locais,True,English: The cross street is near. -> Sign: CROSS STREET NEAR,ASL for Dummies — Caps. 1-13 (gramática + vocabulário temático),147,TABLE 7-2 lists the signs for the situational relationships you use to give directions as well as some landmarks and distances that you might use.
voice2sign,ASLFD.SINTAXE.036,sintaxe,Ordem de sinais em direções com landmark,"Em direções, os sinais de localização (landmarks) são posicionados antes do verbo de movimento, com o verbo de movimento no final da frase. O sinal de 'arrive' é usado para 'get to', e o sinal de 'there' pode indicar localização final.","Frase com direção que inclui um landmark (ex: lake, mountain, stop sign) e ação de chegada ou movimento",True,LAKE ARRIVE — RIGHT TURN ; MOUNTAIN BASE — SMALL STORE — THERE ; STOP SIGN ARRIVE — RIGHT,ASL for Dummies — Caps. 1-13 (gramática + vocabulário temático),152,"When you get to the lake, turn right. Sign: LAKE ARRIVE — RIGHT TURN"
voice2sign,ASLFD.VERBOS.004,verbos,Uso do verbo 'arrive' para 'get to',"O verbo 'arrive' é usado em vez de 'get to' em ASL para indicar chegada a um local, especialmente em contextos de direções.","Frase com 'get to' seguido de um local (ex: lake, mountain, stop sign)",True,LAKE ARRIVE — RIGHT TURN ; STOP SIGN ARRIVE — RIGHT,ASL for Dummies — Caps. 1-13 (gramática + vocabulário temático),152,"In ASL, you sign get to as arrive."
voice2sign,ASLFD.SINTAXE.037,sintaxe,Ordem de sinais em frases de localização com 'near',"O sinal 'near' é usado após o local de referência e antes do objeto que está próximo, com a estrutura: [local] — [objeto] — NEAR.",Frase com 'near' indicando proximidade entre dois locais,True,HIGHWAY — GAS STATION — NEAR,ASL for Dummies — Caps. 1-13 (gramática + vocabulário temático),156,The gas station is near the highway. Sign: HIGHWAY — GAS STATION — NEAR
voice2sign,ASLFD.VERBOS.005,verbos,Uso do verbo 'go over' para 'go across',"O verbo 'go over' é usado para indicar passagem sobre uma estrutura, como uma ponte, em ASL.",Frase com 'go across' seguido de uma estrutura (ex: bridge),True,BRIDGE — GO OVER,ASL for Dummies — Caps. 1-13 (gramática + vocabulário temático),156,Go across the bridge. Sign: BRIDGE — GO OVER
voice2sign,ASLFD.SINTAXE.038,sintaxe,Estrutura de frases com 'pass' em direções,"O sinal 'pass' é usado para indicar passagem por um local, seguido do nome do local e do verbo de movimento.",Frase com 'pass' seguido de um local (ex: park) e direção,True,P-A-R-K PASS — SOUTH THREE M-I-L-E-S GO,ASL for Dummies — Caps. 1-13 (gramática + vocabulário temático),155,Pass the park and go three miles south. Sign: P-A-R-K PASS — SOUTH THREE M-I-L-E-S GO
voice2sign,ASLFD.SINTAXE.039,sintaxe,Uso de 'me' como objeto direto em frases de necessidade,"O pronome 'me' é usado como objeto direto em frases de necessidade, posicionado após o verbo e antes do objeto necessário.",Frase com 'I need' seguido de um objeto,True,PLEASE — FORK — KNIFE — SPOON — NEED ME ; THREE BOWLS — NEED ME,ASL for Dummies — Caps. 1-13 (gramática + vocabulário temático),165,"I need another place setting, please. Sign: PLEASE — FORK — KNIFE — SPOON — NEED ME"
voice2sign,ASLFD.VERBOS.006,verbos,Uso do verbo 'have' para 'was in an accident',"O verbo 'have' é usado para indicar que algo aconteceu com um objeto, como um acidente com um carro.",Frase com 'was in an accident' referindo-se a um objeto (ex: car),True,FINISH — CAR — ACCIDENT — HAVE,ASL for Dummies — Caps. 1-13 (gramática + vocabulário temático),158,The car was in an accident. Sign: FINISH — CAR — ACCIDENT — HAVE
voice2sign,ASLFD.CONCORDANCIA.001,concordancia,Uso de 'me' como sujeito em frases com 'will',"Em frases com 'will', o pronome 'me' é usado como sujeito para indicar ação futura que afeta o próprio signador.",Frase com 'I will' seguido de um verbo de ação futura,True,TRAIN MISS — FLY ME — WILL,ASL for Dummies — Caps. 1-13 (gramática + vocabulário temático),158,"If I miss the train, I’ll fly. Sign: TRAIN MISS — FLY ME — WILL"
voice2sign,ASLFD.PRONOMES.005,pronomes,Uso de 'you' como objeto em frases de necessidade,O pronome 'you' é usado como objeto direto em frases de necessidade quando o sujeito é 'you' e o verbo é 'need'.,Frase com 'You need' seguido de um objeto,True,MOTORCYCLE HELMET — NEED YOU,ASL for Dummies — Caps. 1-13 (gramática + vocabulário temático),158,You need a motorcycle helmet. Sign: MOTORCYCLE HELMET — NEED YOU
voice2sign,ASLFD.SINTAXE.040,sintaxe,Estrutura de frases com 'but' para contraste,"O sinal 'but' é usado para introduzir uma contradição ou condição oposta, posicionado entre duas ideias principais.",Frase com 'but' conectando duas ações ou condições,True,PARTY GO — BUT HOME MIDNIGHT — MUST YOU,ASL for Dummies — Caps. 1-13 (gramática + vocabulário temático),159,Go to the party but be home at midnight. Sign: PARTY GO — BUT HOME MIDNIGHT — MUST YOU
voice2sign,ASLFD.EXPRESSOES-IDIOMATICAS.010,expressoes-idiomaticas,EITHER/FINE como resposta a 'which one?',"Quando alguém pergunta 'which one?' em um contexto de escolha, 'EITHER' seguido de 'FINE' é uma resposta idiomática que significa 'qualquer um é bom'.",Resposta a uma pergunta 'which one?' com escolha entre duas opções,True,EITHER FINE,ASL for Dummies — Caps. 1-13 (gramática + vocabulário temático),161,Either apples or oranges would be fine. Sign response: EITHER FINE
voice2sign,ASLFD.SINTAXE.042,sintaxe,Ordem de objetos em frases de pedido,"Os itens desejados são sinalizados antes do verbo 'want' (QUERER), com o pronome 'me' no final da frase, formando a estrutura: [OBJETOS] — QUERER — ME.","Frase de pedido com 'I want...' em inglês, traduzida para ASL.",True,"I want eggs, not cereal. -> EGGS QUERER — CEREAL NÃO — ME ; I want a cheeseburger and fries. -> CHEESEBURGER — FRIES — QUERER — ME ; I want a fish sandwich and water. -> FISH SANDWICH — WATER — QUERER — ME ; I'd like a potato with my fish. -> MY FISH — POTATO JUNTO — QUERER — ME",ASL for Dummies — Caps. 1-13 (gramática + vocabulário temático),169,"I want eggs, not cereal. Sign: EGGS WANT — CEREAL NOT — ME"
voice2sign,ASLFD.SINTAXE.043,sintaxe,Uso de 'now' e 'noon' para indicar tempo presente,"O sinal 'NOW' ou 'NOON' é usado no início da frase para indicar o tempo presente, especialmente em contextos de refeições, e é seguido por 'FOOD' para especificar a refeição.","Frase que indica o momento atual de uma refeição, como 'It's time for lunch.'",True,"I'm hungry, and it's time for lunch. -> AGORA TEMPO — NOON FOOD — HUNGRY ME ; I want a sandwich and salad for lunch. -> NOON FOOD — SANDWICH — SALAD — QUERER ME",ASL for Dummies — Caps. 1-13 (gramática + vocabulário temático),172,"I’m hungry, and it’s time for lunch. Sign: NOW TIME — NOON FOOD — HUNGRY ME"
voice2sign,ASLFD.VERBOS.007,verbos,Uso do verbo 'serve' com 'finish' no início para passado,"Colocar 'FINISH' no início de uma frase adiciona o tempo passado a todo o enunciado, indicando que a ação já foi concluída.",Frase em passado com ação de servir refeições.,True,Soup and bread were served. -> FINISH — SOUP — BREAD — SERVE,ASL for Dummies — Caps. 1-13 (gramática + vocabulário temático),178,Finish at the beginning of a sentence adds past tense to the whole sentence.
voice2sign,ASLFD.MORFOLOGIA.009,morfologia,Uso do manual alphabet para alimentos com nomes compostos,"Alimentos com nomes compostos, como 'French fries' ou 'pizza', são sinalizados usando a alfabetização manual (datilologia) para partes do nome, especialmente quando o sinal não é intuitivo.",Quando o nome do alimento é composto e não tem um sinal direto ou não é intuitivo.,True,French fries -> F (repetido de um lado a outro) ; Pizza -> Z (com dedos dobrados),ASL for Dummies — Caps. 1-13 (gramática + vocabulário temático),172,"For example, you sign French fries by repeating the letter F from one side to the other side as if you are dipping them, and you sign pizza by bending your index and middle fingers and then making a manual Z."
voice2sign,ASLFD.MORFOLOGIA.010,morfologia,Uso de abreviações para bebidas com letras manuais,Bebidas comuns como 'orange juice' são sinalizadas com as letras iniciais 'O' e 'J' em vez de sinalizar o nome completo.,Quando se sinaliza uma bebida comum que tem uma abreviação comum em ASL.,True,Orange juice -> O-J,ASL for Dummies — Caps. 1-13 (gramática + vocabulário temático),169,Use the common abbreviations for orange juice and sign the letters O and J to convey this popular breakfast beverage.
voice2sign,ASLFD.TEMPO-ASPECTO.005,tempo-aspecto,Uso de 'R-A-R-E' para indicar cozedura rara,"Para indicar que uma carne está mal passada, use a datilologia para 'R-A-R-E', sem sacudir a mão, para evitar confusão com 'restroom' ou 'right'.",Quando se quer pedir uma carne mal passada em um restaurante.,True,The steak is rare. -> STEAK — R-A-R-E,ASL for Dummies — Caps. 1-13 (gramática + vocabulário temático),177,"If you want your steak rare, fingerspell R-A-R-E. Don’t sign rare with a shaken R — the untrained eye could mistake that motion for “restroom” or the direction “right.”"
voice2sign,ASLFD.PRONOMES.006,pronomes,Uso do pronome 'me' no final da frase para indicar posse ou desejo,"O pronome 'ME' é colocado no final da frase para indicar que a ação ou objeto se refere ao próprio sinalizador, especialmente em frases de desejo ou posse.",Frase com 'I want...' ou 'I'd like...' em inglês.,True,"I want eggs, not cereal. -> EGGS WANT — CEREAL NOT — ME ; I'd like a potato with my fish. -> MY FISH — POTATO TOGETHER — WANT ME",ASL for Dummies — Caps. 1-13 (gramática + vocabulário temático),169,"I want eggs, not cereal. Sign: EGGS WANT — CEREAL NOT — ME"
voice2sign,ASLFD.SINTAXE.044,sintaxe,Uso de 'what' para indicar promoção ou especial,A palavra 'SPECIAL' é seguida por 'WHAT' para indicar que algo está em promoção ou é especial no cardápio.,Frase que indica que um item está em promoção ou é especial.,True,Chicken and spaghetti are on special. -> SPECIAL — WHAT — CHICKEN — SPAGHETTI,ASL for Dummies — Caps. 1-13 (gramática + vocabulário temático),178,Chicken and spaghetti are on special. Sign: SPECIAL — WHAT — CHICKEN — SPAGHETTI
voice2sign,ASLFD.SINTAXE.045,sintaxe,Uso de 'together' para indicar combinação de alimentos,"O sinal 'TOGETHER' é usado para indicar que dois alimentos são consumidos juntos, especialmente em frases de pedido.","Quando se quer expressar que dois alimentos são consumidos juntos, como um acompanhamento.",True,I'd like a potato with my fish. -> MY FISH — POTATO TOGETHER — WANT ME,ASL for Dummies — Caps. 1-13 (gramática + vocabulário temático),179,I’d like a potato with my fish. Sign: MY FISH — POTATO TOGETHER — WANT ME
voice2sign,ASLFD.SINTAXE.046,sintaxe,Ordem de sinais em frases de comida e bebida,"Em frases sobre alimentos e bebidas, o padrão de ordem é: [objeto] — [atributo ou estado] — [ação ou verbo], com o sujeito geralmente implícito ou indicado por pronomes. O verbo 'EAT' ou 'DRINK' é frequentemente omitido quando o contexto é claro.","Frase sobre consumo de comida ou bebida, com objeto e atributo explícitos",True,TOSTADA — CHEAP ; COLD BEER ; WATER — WARM ; GLASS RED WINE,ASL for Dummies — Caps. 1-13 (gramática + vocabulário temático),183,Tostadas are cheap. Sign: TOSTADA — CHEAP
voice2sign,ASLFD.VERBOS.008,verbos,Verbo 'LIKE' com pronominação direta,"O verbo 'LIKE' em ASL é usado com o pronome 'ME' para indicar 'eu gosto', e com o pronome 'SHE' para indicar 'ela gosta', sem necessidade de repetir o sujeito. O pronome é colocado após o objeto.","Frase com 'gosto' ou 'gostar' de algo, com sujeito pessoal",True,EGG R-O-L-L-S — LIKE ME ; TORTILLAS — SHE LIKES,ASL for Dummies — Caps. 1-13 (gramática + vocabulário temático),182,I like egg rolls. Sign: EGG R-O-L-L-S — LIKE ME
voice2sign,ASLFD.SINTAXE.047,sintaxe,Construção de perguntas com 'WHAT' no início,"Perguntas com 'WHAT' são formadas colocando 'WHAT' no início da frase, seguido do verbo ou ação, com a entonação facial de pergunta. O sujeito é geralmente implícito.",Frase interrogativa com 'o que' como elemento central,True,DRINK — WANT WHAT Q,ASL for Dummies — Caps. 1-13 (gramática + vocabulário temático),186,What would you like to drink? Sign: DRINK — WANT WHAT Q
voice2sign,ASLFD.SINTAXE.048,sintaxe,Frase de ação com 'GO' e 'FINISH' para passado,"Para indicar ações passadas, especialmente em contextos de locais, o sinal 'FINISH' é usado antes do local, seguido do verbo 'GO' e do sujeito. Isso indica que a ação foi concluída.",Frase sobre ir a um local no passado,True,FINISH — MEAT STORE — GO ME,ASL for Dummies — Caps. 1-13 (gramática + vocabulário temático),187,I went to the butcher's. Sign: FINISH — MEAT STORE — GO ME
voice2sign,ASLFD.SINTAXE.049,sintaxe,Construção de frases com 'TODAY' e 'SALE' para promoções,"Para indicar promoções ou ofertas do dia, o sinal 'TODAY' é colocado no início da frase, seguido do objeto e do sinal 'SALE', formando uma estrutura direta e concisa.",Frase sobre produto em promoção no dia,True,TODAY — MEAT — SALE,ASL for Dummies — Caps. 1-13 (gramática + vocabulário temático),189,The meat is on sale today. Sign: TODAY — MEAT — SALE
voice2sign,ASLFD.SINTAXE.050,sintaxe,Frase de preço com 'TWO' e 'ONLY ONE',"Para expressar promoções como 'dois por um', o sinal 'TWO' é seguido por 'PAY' e 'ONLY ONE', indicando que o pagamento é feito apenas por um item.",Frase com oferta de dois itens por preço de um,True,TWO STEAKS — PAY — ONLY ONE,ASL for Dummies — Caps. 1-13 (gramática + vocabulário temático),190,You can buy two steaks for the price of one. Sign: TWO STEAKS — PAY — ONLY ONE
voice2sign,ASLFD.SINTAXE.051,sintaxe,Frase de economia com 'FINISH' e 'SAVE' ou 'SPEND',"Para indicar que algo foi economizado ou gasto, o sinal 'FINISH' é usado no início da frase, seguido do verbo 'SAVE' ou 'SPEND' e do pronome 'ME' ou 'YOU', com o sujeito implícito.",Frase sobre economia ou gasto de dinheiro,True,FINISH — MONEY — SAVE ME ; FINISH — SPEND — (you is implied) TOO MUCH,ASL for Dummies — Caps. 1-13 (gramática + vocabulário temático),190,I saved money. Sign: FINISH — MONEY — SAVE ME
voice2sign,ASLFD.SINTAXE.052,sintaxe,Frase de posse com 'YOURS' no final,"Para perguntar sobre posse, o sinal 'GLOVES' é seguido por 'YOURS Q', com a pergunta indicada pela entonação facial. O pronome 'YOURS' é colocado no final da frase.",Frase interrogativa sobre posse de objeto,True,GLOVES YOURS Q,ASL for Dummies — Caps. 1-13 (gramática + vocabulário temático),192,Are these your gloves? Sign: GLOVES YOURS Q
voice2sign,ASLFD.SINTAXE.053,sintaxe,Frase de comando com 'YOUR' e 'WEAR',"Para dar ordens ou instruções sobre vestimenta, o sinal 'YOUR' é seguido pelo sinal 'WEAR', com o objeto no meio. O sujeito é implícito.",Frase de instrução para usar roupas,True,YOUR COAT WEAR,ASL for Dummies — Caps. 1-13 (gramática + vocabulário temático),193,Wear your coat. Sign: YOUR COAT WEAR
voice2sign,ASLFD.SINTAXE.054,sintaxe,Frase de atributo com objeto e adjetivo em sequência,"Para indicar características de objetos, como cor ou estado, o objeto é seguido diretamente pelo adjetivo, sem preposição. A estrutura é [objeto] — [adjetivo].","Frase com atributo de objeto (cor, temperatura, estado)",True,SCARF WHITE ; WATER WARM,ASL for Dummies — Caps. 1-13 (gramática + vocabulário temático),195,The scarf is white. Sign: SCARF WHITE
voice2sign,ASLFD.EXPRESSOES-IDIOMATICAS.014,expressoes-idiomaticas,Frase de oferta 'TWO FOR THE PRICE OF ONE',"Expressão idiomática usada para indicar promoção de dois itens por um preço. O sinal 'TWO' é seguido por 'PAY' e 'ONLY ONE', com a estrutura direta e sem preposição.",Oferta de dois itens por preço de um,True,TWO STEAKS — PAY — ONLY ONE,ASL for Dummies — Caps. 1-13 (gramática + vocabulário temático),190,You can buy two steaks for the price of one. Sign: TWO STEAKS — PAY — ONLY ONE
voice2sign,ASLFD.MORFOLOGIA.011,morfologia,Formação de compostos com sinais base,"Sinais compostos são formados pela combinação direta de dois ou mais sinais base, sem necessidade de modificação morfológica. A ordem dos sinais no composto segue a estrutura do significado, com o primeiro sinal geralmente indicando o tipo ou categoria e o segundo o objeto específico.","Quando se forma um sinal composto para roupas ou objetos, como 'T-SHIRT' ou 'SUNGLASSES'.",True,T-SHIRT -> T SHIRT ; SUNGLASSES -> SUN GLASSES,ASL for Dummies — Caps. 1-13 (gramática + vocabulário temático),196,One way to sign T-shirt is with the manual handshape T and then shirt.
voice2sign,ASLFD.MORFOLOGIA.012,morfologia,Formação de sinais compostos com adjetivos,"Adjetivos são colocados diretamente após o substantivo no sinal composto, sem separação ou estrutura sintática adicional. A ordem é substantivo seguido por adjetivo(s), refletindo a estrutura do significado.","Quando se descreve um objeto com uma característica, como cor ou tamanho.",True,HER DRESS — BLUE WHITE ; HER PURSE — BLACK LEATHER,ASL for Dummies — Caps. 1-13 (gramática + vocabulário temático),207,Her dress is blue and white. Sign: HER DRESS — BLUE WHITE
voice2sign,ASLFD.SINTAXE.055,sintaxe,Ordem de elementos em frases de descrição,"Em frases que descrevem objetos, a estrutura é: [REFERENTE] — [CARACTERÍSTICA(S)]. O referente é sinalizado primeiro, seguido pela característica, com o sinal de '—' indicando a ligação semântica.","Quando se descreve um objeto com atributos, como cor, material ou estado.",True,YOUR DRESS — PRETTY ; HER BLOUSE — NICE,ASL for Dummies — Caps. 1-13 (gramática + vocabulário temático),198,English: Your dress is pretty. Sign: YOUR DRESS — PRETTY
voice2sign,ASLFD.SINTAXE.056,sintaxe,Estrutura de frases condicionais com 'if',"Frase condicional com 'if' é estruturada como: [IF + condição] — [resultado]. A condição vem antes do sinal de '—', seguida pelo resultado, com o sujeito do resultado sinalizado após o '—'.",Quando se usa 'if' para expressar uma condição que influencia um resultado.,True,IF PANTS WEAR — HIGH HEELS WEAR NOT ; IF BLOUSE YOU WEAR — TIE ME WEAR,ASL for Dummies — Caps. 1-13 (gramática + vocabulário temático),198,"English: If you wear pants, don’t wear high heels. Sign: IF PANTS WEAR — HIGH HEELS WEAR NOT"
voice2sign,ASLFD.SINTAXE.057,sintaxe,Estrutura de perguntas com 'where' e 'when',"Perguntas com 'where' ou 'when' são formadas com o sinal do objeto ou ação seguido por 'WHERE Q' ou 'WHEN Q', onde 'Q' indica a pergunta. O sinal 'Q' é usado para marcar a intenção interrogativa.",Quando se faz uma pergunta sobre localização ou tempo.,True,MY SWEATER — WHERE Q ; T-SHIRT SHOP — OPEN — WHEN Q,ASL for Dummies — Caps. 1-13 (gramática + vocabulário temático),199,English: Where is my sweater? Sign: MY SWEATER — WHERE Q
voice2sign,ASLFD.SINTAXE.058,sintaxe,Estrutura de desejos com 'want',"A estrutura para expressar desejo é: [objeto] — [THAT (one)] — [WANT ME], onde 'THAT (one)' indica o objeto desejado e 'WANT ME' expressa o desejo do falante.",Quando se expressa desejo por um objeto específico.,True,SKIRT — THAT (one) — WANT ME,ASL for Dummies — Caps. 1-13 (gramática + vocabulário temático),201,English: I want that skirt. Sign: SKIRT — THAT (one) — WANT ME
voice2sign,ASLFD.SINTAXE.059,sintaxe,Estrutura de preferência com 'like',"Para expressar preferência, o sujeito é sinalizado primeiro, seguido por 'LIKE ME' ou 'LIKE YOU', dependendo do sujeito. O objeto é sinalizado antes do verbo.",Quando se expressa preferência por um objeto.,True,LEATHER PANTS — LIKE ME ; BLACK SLACKS — YOU LIKE Q,ASL for Dummies — Caps. 1-13 (gramática + vocabulário temático),210,English: I like the leather pants. Sign: LEATHER PANTS — LIKE ME
voice2sign,ASLFD.EXPRESSOES-IDIOMATICAS.015,expressoes-idiomaticas,Sinalizar 'Speedos' como 'panties',"Quando se refere a 'Speedos' (biquínis masculinos), o sinal é feito como 'panties', não como 'swimsuit' ou 'trunks'. Isso é uma convenção fixa para esse tipo específico de roupa.",Quando se fala de 'Speedos' em contexto de roupas de banho masculinas.,True,Speedos -> PANTIES,ASL for Dummies — Caps. 1-13 (gramática + vocabulário temático),204,"But if you’re talking Speedos, sign it like panties."
voice2sign,ASLFD.MORFOLOGIA.013,morfologia,Fingerspelling para itens específicos,"Itens como 'men’s swimming trunks' são fingerspellados, especialmente quando se refere a marcas ou tipos específicos. Isso é uma convenção fixa para evitar ambiguidade.",Quando se menciona 'men’s swimming trunks' ou itens com design específico.,True,men’s swimming trunks -> J-O-H-N-S,ASL for Dummies — Caps. 1-13 (gramática + vocabulário temático),204,"You fingerspell men’s swimming trunks, or you can sign shorts."
voice2sign,ASLFD.SINTAXE.060,sintaxe,Uso do sinal 'FINISH' para indicar conclusão,"O sinal 'FINISH' é usado antes de descrever um evento passado, especialmente quando se fala de algo que já aconteceu, como vestir uma roupa. Serve como marcador de tempo passado.","Quando se descreve uma ação passada, como vestir uma roupa.",True,FINISH — HE WEAR SHIRT — YELLOW COTTON ; FINISH — HER PURSE — BLACK LEATHER,ASL for Dummies — Caps. 1-13 (gramática + vocabulário temático),208,English: He wore a yellow cotton shirt. Sign: FINISH — HE WEAR SHIRT — YELLOW COTTON
voice2sign,ASLFD.SINTAXE.061,sintaxe,Ordem de sinais em frases de pagamento,"Em frases sobre pagamento, o sinal de pagamento (PAY) vem após o sinal do método de pagamento, com o sujeito indicado por pronomes ou referência espacial. O tempo verbal é indicado por sinais como FINISH para passado.","Frase que descreve um pagamento com método específico (ex: cartão de crédito, dinheiro)",True,I’ll pay with my credit card. -> CREDIT (outline card) — PAY WILL ME ; She wrote a $50 check. -> FINISH — CHECK 5-0 DOLLARS — WRITE HER,ASL for Dummies — Caps. 1-13 (gramática + vocabulário temático),212,English: I’ll pay with my credit card. Sign: CREDIT (outline card) — PAY WILL ME
voice2sign,ASLFD.CLASSIFICADORES.002,classificadores,Uso de classificadores para cartão,"O sinal para cartão (ATM/DEBIT CARD ou CREDIT CARD) pode ser feito com um movimento de contorno de forma de cartão após o sinal base, ou com movimento de deslizar como se fosse em leitor de cartão.",Sinal para cartão de crédito ou débito,True,CREDIT (outline card) — YOURS USE ; A-T-M (outline card) — B-A-N-K — GIVE ME,ASL for Dummies — Caps. 1-13 (gramática + vocabulário temático),213,"When signing ATM/debit card or credit card, outline a card shape after making the signs in Table 9-8."
voice2sign,ASLFD.SINTAXE.062,sintaxe,Construção de superlativos com 'top' ou 'worst',"Para indicar superlativo, após o adjetivo base (ex: cheap, expensive, warm, ugly), adiciona-se o sinal TOP para o maior grau ou WORST para o menor grau.",Frase que compara um item como o melhor ou pior em relação a outros,True,His coat is the warmest. -> HIS COAT — WARM — TOP ; Your shoes are the ugliest. -> YOUR SHOES — UGLY — WORST,ASL for Dummies — Caps. 1-13 (gramática + vocabulário temático),218,"To sign that you found the cheapest or most expensive item, simply sign cheap or expensive and then sign the word top."
voice2sign,ASLFD.SINTAXE.063,sintaxe,Comparação com 'better' após adjetivo,"Para expressar comparação entre dois itens, após o adjetivo base (ex: cheap, expensive), adiciona-se o sinal BETTER para indicar superioridade relativa.",Frase que compara dois itens com 'better than',True,The red shirt is better than the green one. -> RED SHIRT — GREEN SHIRT — RED BETTER,ASL for Dummies — Caps. 1-13 (gramática + vocabulário temático),217,English: The red shirt is better than the green one. Sign: RED SHIRT — GREEN SHIRT — RED BETTER
voice2sign,ASLFD.TEMPO-ASPECTO.006,tempo-aspecto,Indicação de passado com 'finish',"O sinal FINISH é usado para indicar que uma ação foi concluída, funcionando como marcador de tempo passado em frases.",Frase no passado que descreve uma ação concluída,True,The event was cancelled. -> FINISH — EVENT — CANCEL,ASL for Dummies — Caps. 1-13 (gramática + vocabulário temático),222,You sign finish to show that the sentence is in past tense (see Chapter 2 for a discussion of tenses).
voice2sign,ASLFD.PRONOMES.008,pronomes,Uso de pronomes para sujeito em frases de pagamento,"O sujeito de uma frase de pagamento é indicado por pronomes como ME, HER, YOURS, que aparecem após o sinal do método de pagamento.","Frase de pagamento com sujeito específico (ex: I’ll pay, She wrote)",True,I’ll pay with my credit card. -> CREDIT (outline card) — PAY WILL ME ; She wrote a $50 check. -> FINISH — CHECK 5-0 DOLLARS — WRITE HER,ASL for Dummies — Caps. 1-13 (gramática + vocabulário temático),212,English: I’ll pay with my credit card. Sign: CREDIT (outline card) — PAY WILL ME
voice2sign,ASLFD.VERBOS.009,verbos,Uso de 'write down' e 'record' com mesmo sinal,"Os verbos 'write down' e 'record' compartilham o mesmo sinal em ASL, indicando que são sinônimos na estrutura de comunicação.",Frase que envolve anotar ou registrar algo,True,Write it down on your calendar. -> YOUR CALENDAR — WRITE DOWN,ASL for Dummies — Caps. 1-13 (gramática + vocabulário temático),221,Write down and record share the same sign.
voice2sign,ASLFD.PRONOMES.009,pronomes,Uso de 'yours' para posse em frases de pagamento,"O pronome YOURS é usado para indicar posse no contexto de pagamento, substituindo 'your' em frases como 'use your card'.",Frase que envolve uso de um objeto de posse em transação,True,Use your credit card. -> CREDIT (outline card) — YOURS USE,ASL for Dummies — Caps. 1-13 (gramática + vocabulário temático),215,Robert: Use your credit card. Sign: CREDIT (outline card) — YOURS USE
voice2sign,ASLFD.EXPRESSOES-IDIOMATICAS.016,expressoes-idiomaticas,Indicação de 'bargain' com 'cheap' + 'top',"Para indicar que algo é o melhor negócio (bargain), sinaliza-se 'cheap' seguido de 'top', mesmo que o item não seja necessariamente barato, mas sim o mais vantajoso.",Situação de comparação de preços onde se busca o melhor valor,True,This item is the best bargain. -> CHEAP — TOP,ASL for Dummies — Caps. 1-13 (gramática + vocabulário temático),217,"To sign that you found the cheapest or most expensive item, simply sign cheap or expensive and then sign the word top."
voice2sign,ASLFD.SINTAXE.066,sintaxe,Uso de 'if' para condição com estrutura direta,"A estrutura condicional 'if' é sinalizada com o sinal IF seguido pelo verbo principal e o sujeito, sem inversão, mantendo a ordem natural da frase.","Frase com condição 'if' (ex: If I buy blouses, I’ll need pants)",True,"If I buy blouses, I’ll need pants. -> IF BLOUSES BUY — PANTS NEED ME",ASL for Dummies — Caps. 1-13 (gramática + vocabulário temático),215,"English: If I buy blouses, I’ll need pants. Sign: IF BLOUSES BUY — PANTS NEED ME"
voice2sign,ASLFD.SINTAXE.067,sintaxe,Uso de 'finish' para indicar conclusão de evento,"O sinal FINISH é usado para indicar que um evento foi concluído, especialmente em contextos de agendamento ou planejamento.",Frase que descreve um evento que foi cancelado ou encerrado,True,The event was cancelled. -> FINISH — EVENT — CANCEL,ASL for Dummies — Caps. 1-13 (gramática + vocabulário temático),222,The event was cancelled. Sign: FINISH — EVENT — CANCEL
voice2sign,ASLFD.SINTAXE.069,sintaxe,Ordem de sinais em frases com tempo e evento,"Em frases que indicam um evento futuro ou condicional, o sinal de tempo (como 'next Saturday') vem antes do sinal do evento principal, seguido do verbo ou ação. O tempo é expresso antes do evento, não após.","Frase com tempo futuro ou condicional (ex: 'next Saturday', 'if')",True,YES — NEXT WEEK — SATURDAY — GO FUNNY MOVIE — MAYBE ; IF MOVIE O-C — ME GO,ASL for Dummies — Caps. 1-13 (gramática + vocabulário temático),233,"Yes, I can go next Saturday — maybe a comedy. Sign: YES — NEXT WEEK — SATURDAY — GO FUNNY MOVIE — MAYBE"
voice2sign,ASLFD.VERBOS.010,verbos,Verbo 'go' com marcador de sujeito,"O verbo 'GO' é usado com o pronome 'ME' para indicar que o sujeito está indo, especialmente em contextos de intenção ou plano. O pronome 'ME' é colocado antes do verbo 'GO' para indicar o sujeito do movimento.","Frase com intenção de ir a um lugar (ex: 'I'll go', 'I want to go')",True,MOVIE — GO WANT Q ; IF MOVIE O-C — ME GO,ASL for Dummies — Caps. 1-13 (gramática + vocabulário temático),233,Denni: Want to go to a movie? Sign: MOVIE — GO WANT Q
voice2sign,ASLFD.SINTAXE.070,sintaxe,Construção de frases com 'finish' para ação concluída,"O sinal 'FINISH' é usado como marcador de ação concluída antes de um verbo ou objeto, indicando que a ação já foi realizada. É comum em frases que descrevem experiências passadas.","Frase que descreve uma ação já realizada (ex: 'We saw...', 'We went to...')",True,FINISH — NEW MYSTERY — SEE US ; FINISH — PHOTOGRAPHY EXHIBIT SEE,ASL for Dummies — Caps. 1-13 (gramática + vocabulário temático),227,We went to see the new mystery. Sign: FINISH — NEW MYSTERY — SEE US
voice2sign,ASLFD.SINTAXE.071,sintaxe,Construção de perguntas com 'Q' no final,"Perguntas são marcadas com o sinal 'Q' no final da frase, especialmente em perguntas diretas. O sinal 'Q' é usado para indicar que a frase é uma pergunta, mesmo sem mudança de expressão facial.","Frase que é uma pergunta direta (ex: 'Is that the manager?', 'When is payday?')",True,MOVIE — GO WANT Q ; MANAGER — HIM (point) Q ; PAYDAY — WHEN Q,ASL for Dummies — Caps. 1-13 (gramática + vocabulário temático),233,Denni: Want to go to a movie? Sign: MOVIE — GO WANT Q
voice2sign,ASLFD.PRONOMES.010,pronomes,Uso do pronome 'ME' para sujeito em ações pessoais,"O pronome 'ME' é usado como sujeito em ações que envolvem o próprio signador, especialmente em frases de intenção ou planejamento. O sinal 'ME' é colocado antes do verbo para indicar que o sujeito é o signador.","Frase com intenção de fazer algo (ex: 'I'll write it down', 'I want to go')",True,SCHEDULE — WRITE DOWN — ME WILL ; WRITE DOWN — TOO — ME WILL,ASL for Dummies — Caps. 1-13 (gramática + vocabulário temático),234,I’ll write it down on my schedule. Sign: SCHEDULE — WRITE DOWN — ME WILL
voice2sign,ASLFD.SINTAXE.072,sintaxe,Construção de frases com 'during' e 'when' para tempo,"O sinal 'DURING' é usado para indicar um período de tempo durante o qual uma ação ocorre, seguido do verbo. O sinal 'WHEN' é usado em perguntas sobre tempo, geralmente no início da frase.","Frase com tempo específico (ex: 'during intermission', 'when is payday?')",True,DURING INTERMISSION — LEAVE ME ; PAYDAY — WHEN Q,ASL for Dummies — Caps. 1-13 (gramática + vocabulário temático),229,"During intermission, I’m leaving. Sign: DURING INTERMISSION — LEAVE ME"
voice2sign,ASLFD.EXPRESSOES-IDIOMATICAS.017,expressoes-idiomaticas,Pintar a cidade de vermelho,"Expressão idiomática que significa sair para se divertir, especialmente à noite, em grupo. É usada para descrever uma noite de lazer intensa ou social.","Frase sobre sair à noite com amigos, especialmente em contexto de diversão ou festa",True,Deaf people enjoy their social bonds and can paint the town red with the best of them.,ASL for Dummies — Caps. 1-13 (gramática + vocabulário temático),232,Deaf people enjoy their social bonds and can paint the town red with the best of them.
voice2sign,ASLFD.SINTAXE.073,sintaxe,Construção de frases com 'light' e 'lights' para estado de iluminação,"O sinal 'LIGHTS OUT' é usado para indicar que as luzes foram apagadas. O sinal 'LIGHTS' é usado com movimento de 'flick' (duplo clique) sob o queixo para indicar luzes acesas ou apagadas, dependendo do contexto.",Frase sobre estado de luzes em teatro ou ambiente,True,"LIGHTS OUT — TALKING STOP ; You sign light with a double flick, using your index finger and thumb under your chin and then mimicking the action of screwing in or taking out a light bulb.",ASL for Dummies — Caps. 1-13 (gramática + vocabulário temático),228,"When the lights go out, stop talking. Sign: LIGHTS OUT — TALKING STOP"
voice2sign,ASLFD.MORFOLOGIA.014,morfologia,Formação de 'time period' com movimento circular do sinal 'T',O sinal 'TIME' é usado para indicar 'time period' ou 'era' quando feito com movimento circular da mão ativa sobre a mão passiva. O sinal 'T' manual é usado com esse movimento específico.,"Frase que descreve um período histórico ou era (ex: 'in the 1920s', 'time period')",True,You sign time periods by signing the manual T in a circular motion with your active hand on your passive hand. This means time period or era.,ASL for Dummies — Caps. 1-13 (gramática + vocabulário temático),231,You sign time periods by signing the manual T in a circular motion with your active hand on your passive hand. This means time period or era.
voice2sign,ASLFD.MORFOLOGIA.015,morfologia,Formação de 'photography' com movimento de 'double click',"O sinal 'PHOTOGRAPHY' é feito com um movimento de 'double click' (duplo clique) com a mão, simbolizando o ato de tirar uma foto. Um único clique significa apenas 'to take a picture'.",Frase sobre fotografia ou tirar fotos,True,You sign photography by mimicking taking a picture. Make sure that you give it a double click because a single click means 'to take a picture.',ASL for Dummies — Caps. 1-13 (gramática + vocabulário temático),231,You sign photography by mimicking taking a picture. Make sure that you give it a double click because a single click means 'to take a picture.'
voice2sign,ASLFD.SINTAXE.074,sintaxe,Construção de frases com 'museum' e 'open',"O sinal 'MUSEUM' é usado com o sinal 'OPEN' para indicar que o museu está aberto. A ordem é 'MUSEUM — OPEN', sem necessidade de verbo adicional.",Frase sobre o estado de abertura de um museu,True,The museum is open. Sign: MUSEUM — OPEN,ASL for Dummies — Caps. 1-13 (gramática + vocabulário temático),231,The museum is open. Sign: MUSEUM — OPEN
voice2sign,ASLFD.SINTAXE.075,sintaxe,Construção de frases com 'boss' e 'have' para posse,"A posse é expressa com o sinal 'HAVE' seguido do possuidor. O sinal 'BOSS' é usado como sujeito, e 'MINE' é usado para indicar posse do objeto.",Frase sobre posse de um documento ou objeto por alguém (ex: 'The boss has my time sheet'),True,TIME SHEET MINE — BOSS HAVE,ASL for Dummies — Caps. 1-13 (gramática + vocabulário temático),238,The boss has my time sheet. Sign: TIME SHEET MINE — BOSS HAVE
voice2sign,ASLFD.SINTAXE.076,sintaxe,Construção de frases com 'write down' e 'me will' para intenção futura,"A intenção futura é expressa com o sinal 'ME WILL' no final da frase, após o verbo. O sinal 'WRITE DOWN' é usado para indicar anotação ou registro.",Frase com intenção de anotar algo no futuro (ex: 'I'll write it down'),True,SCHEDULE — WRITE DOWN — ME WILL ; WRITE DOWN — TOO — ME WILL,ASL for Dummies — Caps. 1-13 (gramática + vocabulário temático),234,I’ll write it down on my schedule. Sign: SCHEDULE — WRITE DOWN — ME WILL
voice2sign,ASLFD.SINTAXE.077,sintaxe,Construção de frases com 'terminate' e 'H-R' para demissão,A demissão é expressa com o sinal 'TERMINATE' seguido do sujeito. 'H-R' é usado como abreviação de 'Human Resources' e é fingerspelled.,Frase sobre demissão por parte da empresa ou RH,True,H-R TERMINATE HER,ASL for Dummies — Caps. 1-13 (gramática + vocabulário temático),238,She was terminated by Human Resources. Sign: H-R TERMINATE HER
voice2sign,ASLFD.SINTAXE.078,sintaxe,Construção de frases com 'true' para afirmação,"A afirmação é marcada com o sinal 'TRUE' no final da frase, especialmente em respostas afirmativas. É usado para reforçar a validade de uma informação.",Frase que confirma algo (ex: 'She is a good boss'),True,D-E-E — GOOD BOSS — TRUE (affirmation),ASL for Dummies — Caps. 1-13 (gramática + vocabulário temático),239,"Dee, she is a good boss. Sign: D-E-E — GOOD BOSS — TRUE (affirmation)"
voice2sign,ASLFD.SINTAXE.079,sintaxe,Ordem de sinais em frases de ação com sujeito e verbo,"O sujeito do verbo é sinalizado antes do verbo, e o verbo é sinalizado com movimento direto para o espaço, sem necessidade de pronomes explícitos quando o sujeito já foi introduzido.","Frase com verbo de ação e sujeito definido, como 'We're going on a picnic.'",True,PICNIC GO US — COME YOU Q ; HIKING — US GO,ASL for Dummies — Caps. 1-13 (gramática + vocabulário temático),256,Let’s go hiking. Sign: HIKING — US GO
voice2sign,ASLFD.PERGUNTA.006,pergunta,Forma de perguntas com pronomes interrogativos,"Perguntas em ASL são formadas com pronomes interrogativos (who, what, why, where, when, how) no início da frase, seguidos do verbo e do restante da estrutura, com a entonação facial de pergunta.","Frase com pergunta direta que exige resposta, como 'Are you coming?' ou 'Who wants to play poker?'",True,PICNIC GO US — COME YOU Q ; P-O-K-E-R — PLAY — WANTS — WHO Q,ASL for Dummies — Caps. 1-13 (gramática + vocabulário temático),257,Are you coming? Sign: PICNIC GO US — COME YOU Q
voice2sign,ASLFD.SINTAXE.080,sintaxe,Ordem de sinais em frases com tempo e localização,"Sinais de tempo (como 'today', 'now night') e localização (como 'outside') são colocados no início da frase, seguidos pelos sinais de estado ou condição.","Frase que inclui tempo ou localização como elemento de contexto, como 'It’s dark and windy this evening.'",True,NOW NIGHT — DARK WINDY ; OUTSIDE SUNNY,ASL for Dummies — Caps. 1-13 (gramática + vocabulário temático),268,It’s dark and windy this evening. Sign: NOW NIGHT — DARK WINDY
voice2sign,ASLFD.SINTAXE.081,sintaxe,Construção de frases com múltiplos elementos de estado,"Quando há mais de um estado ou condição (como clima), os sinais são colocados em sequência direta, sem conectores, com o movimento natural do sinal indicando a relação.","Frase com múltiplos sinais de condição climática, como 'There is thunder and lightning outside.'",True,OUTSIDE — THUNDER LIGHTNING,ASL for Dummies — Caps. 1-13 (gramática + vocabulário temático),268,There is thunder and lightning outside. Sign: OUTSIDE — THUNDER LIGHTNING
voice2sign,ASLFD.EXPRESSOES-IDIOMATICAS.018,expressoes-idiomaticas,Expressão 'as right as rain',"Expressão idiomática que significa estar em perfeitas condições ou tudo certo, usada para indicar que algo está funcionando bem ou está no seu estado ideal.","Frase que descreve um estado de segurança ou correção, especialmente em contextos de previsão ou preparação, como 'you’ll be as right as rain.'",True,you’ll be as right as rain,ASL for Dummies — Caps. 1-13 (gramática + vocabulário temático),264,Practice the basic weather signs in Table 12-7 and you’ll be as right as rain.
voice2sign,ASLFD.SINTAXE.082,sintaxe,Uso de sinais de tempo e localização no início da frase,"Sinais de tempo (como 'today', 'now night') e localização (como 'outside') são posicionados no início da frase para estabelecer o contexto imediatamente.","Frase que inclui um elemento de tempo ou localização como parte do contexto inicial, como 'It is cloudy today.'",True,TODAY — CLOUDY,ASL for Dummies — Caps. 1-13 (gramática + vocabulário temático),267,It is cloudy today. Sign: TODAY — CLOUDY
voice2sign,ASLFD.VERBOS.011,verbos,Verbo 'to finish' com sinal de conclusão,"O sinal 'FINISH' é usado para indicar o término de uma ação ou evento, frequentemente seguido por um sinal que representa o evento concluído.","Frase que descreve o fim de um evento ou ação, como 'Did you see the shooting star?'",True,FINISH — SHOOTING STAR — SEE— Q,ASL for Dummies — Caps. 1-13 (gramática + vocabulário temático),264,Did you see the shooting star? Sign: FINISH — SHOOTING STAR — SEE— Q
voice2sign,ASLFD.SINTAXE.083,sintaxe,Construção de frases com foco no corpo,"Quando descrever uma condição física ou sensação corporal, o sinal do corpo parte é colocado no início da frase, seguido pelo sinal de estado ou sintoma, com a estrutura: [CORPO] — [SINTOMA].","Frase que descreve uma condição física ou sensação corporal, como dor, rigidez ou alteração visual.",True,My throat is red -> MY THROAT — RED ; My neck is stiff -> MY NECK — STIFF ; Dizzy me — stomach hurts -> DIZZY ME — STOMACH HURTS,ASL for Dummies — Caps. 1-13 (gramática + vocabulário temático),289,"When you’re not feeling that well, these sentences can help you get all the sympathy your hands can hold."
voice2sign,ASLFD.SINTAXE.084,sintaxe,Construção de frases com obrigação ou necessidade,"A estrutura para expressar obrigação ou necessidade é: [VERBO DE MOVIMENTO] — [SUJEITO] — [MUST] ou [WILL], com o sujeito indicado por pronominação espacial ou sinal de pessoa.","Frase que expressa necessidade ou intenção de ir a um lugar, especialmente em contexto de emergência.",True,You need to get to the hospital -> HOSPITAL — GO — MUST YOU ; We’ll go to the ER -> E-R — GO US — WILL,ASL for Dummies — Caps. 1-13 (gramática + vocabulário temático),291,Lily: You need to get to the hospital. Sign: HOSPITAL — GO — MUST YOU
voice2sign,ASLFD.SINTAXE.085,sintaxe,Ordem de palavras em frases simples,"A ordem dos sinais em frases simples geralmente segue o padrão Tópico-Comentário, onde o tópico é apresentado primeiro, seguido pelo comentário. O tópico pode ser um substantivo, uma frase ou uma informação já conhecida, e o comentário fornece nova informação sobre o tópico.",em frases declarativas simples com tópico definido ou já conhecido,True,THIS	CHAIR	(point)	—	PLEASE	—	SIT ; YES	—	SOON	—	CHRISTMAS	GIFTS	—	START	BUYING	—	WANT	ME,ASL for Dummies — Caps. 1-13 (gramática + vocabulário temático),29,"In this chapter, we talk about the building blocks that you need to communicate in any language — nouns, verbs, adjectives, and adverbs — and we tell you how to put them together to form simple sentences."
voice2sign,ASLFD.VERBOS.014,verbos,Distinção entre verbo e substantivo por movimento,"A distinção entre um verbo e um substantivo que compartilham a mesma forma manual é feita pelo número de movimentos: um movimento indica o verbo, dois movimentos indicam o substantivo. Isso é uma regra geral, com algumas exceções.",quando um sinal tem a mesma forma manual para verbo e substantivo,True,CHAIR	—	SIT ; PLANE	—	FLY ; CAR	—	DRIVE,ASL for Dummies — Caps. 1-13 (gramática + vocabulário temático),30,"You distinguish the part of speech by signing the motion once if it’s a verb and twice if it’s a noun. Like any language, there are exceptions to the rule."
voice2sign,ASLFD.MORFOLOGIA.017,morfologia,Formação de palavras compostas,"Palavras compostas em ASL são formadas pela combinação de dois ou mais sinais, onde o significado é derivado da junção dos elementos. Essa combinação pode ser literal ou simbólica, dependendo do contexto.",quando dois ou mais sinais são combinados para formar um novo significado,True,M-A-L-L	—	RIDE	—	WANT	YOU	Q ; YES	—	SOON	—	CHRISTMAS	GIFTS	—	START	BUYING	—	WANT	ME,ASL for Dummies — Caps. 1-13 (gramática + vocabulário temático),27,Belinda and Terry are getting ready for the holidays. Belinda wants to start shopping for Christmas presents.
voice2sign,ASLFD.MORFOLOGIA.018,morfologia,Uso de palavras abreviadas com dedilhado,"Palavras abreviadas como LA, SF, BK, BR são formadas por dedilhado completo antes da abreviação, para evitar ambiguidade. Isso garante clareza, pois letras isoladas podem ter significados diferentes.",quando se usa abreviações de nomes próprios ou marcas,True,L-A ; B-R,ASL for Dummies — Caps. 1-13 (gramática + vocabulário temático),22,"Remember to fingerspell the complete word before you abbreviate it, because L-A could mean Louisiana and B-R could mean Baton Rouge."
voice2sign,ASLFD.MORFOLOGIA.019,morfologia,Uso de dedilhado para palavras com significado gestual,"Palavras como 'okay' podem ser dedilhadas (O-K) ou expressas com o sinal da mão F, que é um gesto comum. Isso mostra que gestos e dedilhado são usados alternativamente para palavras com significado claro.",quando se comunica uma palavra com um gesto reconhecível,True,O-K ; F	handshape,ASL for Dummies — Caps. 1-13 (gramática + vocabulário temático),21,"You can fingerspell a word like okay as O-K, or you can just show the F handshape. Yes, it’s a gesture, but it gets the point across."
voice2sign,ASLFD.MORFOLOGIA.020,morfologia,Uso de dedilhado para nomes próprios e palavras desconhecidas,"O dedilhado é usado para nomes próprios e palavras desconhecidas, especialmente por iniciantes. É uma prática comum e aceitável para garantir clareza.",quando não se conhece o sinal de uma palavra ou nome,True,P-H-I-L-L-I-P ; M-A-L-L,ASL for Dummies — Caps. 1-13 (gramática + vocabulário temático),19,"So as a beginner, feel free to fingerspell any word you don’t know the sign for."
voice2sign,ASLFD.MORFOLOGIA.021,morfologia,Uso de pausa entre palavras dedilhadas,"Quando se dedilha duas ou mais palavras consecutivas, como em títulos ou nomes completos, é necessário fazer uma pausa de um segundo entre cada palavra para evitar confusão.",quando se dedilha mais de uma palavra em sequência,True,P-H-I-L-L-I-P,ASL for Dummies — Caps. 1-13 (gramática + vocabulário temático),19,"If you want to fingerspell two or more words in a row, such as a title or someone’s first and last name, pause for just a second between each word."
voice2sign,ASLFD.MORFOLOGIA.023,morfologia,Uso de sinais para conceitos abreviados,"Conceitos como a.m. e p.m. são sinalizados como 'morning' e 'evening', respectivamente, em vez de serem dedilhados. Isso mostra que certos conceitos têm sinais específicos em vez de serem representados por letras.",quando se expressa horários como a.m. ou p.m.,True,morning ; evening,ASL for Dummies — Caps. 1-13 (gramática + vocabulário temático),21,"You sign, rather than fingerspell, some initializations — concepts such as a.m. and p.m., which you sign as morning and evening, respectively."
voice2sign,ASLFD.SINTAXE.086,sintaxe,Introduções com nome completo,"Em introduções, o nome completo (primeiro e último nome) deve ser sinalizado como uma sequência de sinais, com o nome próprio fingerspellado após o sinal de 'ME' para indicar posse ou identificação. O uso de 'ME' após o nome é obrigatório para manter a cortesia e clareza.","Durante apresentações ou introduções em ASL, quando alguém está se apresentando",True,"Hi, I'm Dee. -> HI — D-E-E ME ; I'm Cameron. -> C-A-M-E-R-O-N ME",ASL for Dummies — Caps. 1-13 (gramática + vocabulário temático),62,"During introductions, simply fingerspell your name. ... Keep in mind that when someone asks you your name, sign your first and last name — it’s good manners."
voice2sign,ASLFD.PRONOMES.013,pronomes,Uso de 'ME' para indicar posse ou identificação,"O sinal 'ME' é usado após o nome fingerspellado para indicar que o nome pertence ao sinalizador, funcionando como um pronome possessivo em contextos de apresentação. É essencial para clareza e cortesia.",Após fingerspellar um nome em contexto de apresentação,True,C-A-M-E-R-O-N ME ; D-E-E ME,ASL for Dummies — Caps. 1-13 (gramática + vocabulário temático),62,"During introductions, simply fingerspell your name. ... Keep in mind that when someone asks you your name, sign your first and last name — it’s good manners."
voice2sign,ASLFD.NEGACAO.003,negacao,Expressão de ausência com 'NONE',"O sinal 'NONE' é usado para indicar ausência total ou negação de algo, especialmente em frases que expressam ausência de opções, recursos ou eventos. É mais natural que 'NO' em contextos de negação completa.",Quando se quer expressar que algo não existe ou não está disponível,True,No sales -> TRUE — DISCOUNTS NONE ; There are so many rivers -> RIVERS — MANY,ASL for Dummies — Caps. 1-13 (gramática + vocabulário temático),64,"Buddy: Yes, and no sales. Sign: TRUE — DISCOUNTS NONE"
voice2sign,ASLFD.TEMPO-ASPECTO.008,tempo-aspecto,Uso de 'WILL' para futuro,"O sinal 'WILL' é usado para indicar futuro, geralmente posicionado antes do verbo principal ou no início da frase. É uma marcação clara de tempo futuro em ASL, substituindo a estrutura verbal de futuro em inglês.",Quando se fala de ações futuras ou planos,True,We are going to Texas -> US TRAVEL WHERE — TEXAS CALIFORNIA COLORADO ; Buddy and I are taking a trip -> B-U-D-D-Y (point) ME — TRAVEL — WILL,ASL for Dummies — Caps. 1-13 (gramática + vocabulário temático),70,Lindsey: Buddy and I are taking a trip. Sign: B-U-D-D-Y (point) ME — TRAVEL — WILL
voice2sign,ASLFD.PERGUNTA.009,pergunta,Formação de perguntas com 'Q' no final,"Perguntas em ASL são marcadas com o sinal 'Q' no final da frase, especialmente quando a estrutura não envolve mudança de expressão facial ou movimento de cabeça. O 'Q' é um marcador de interrogação textual.",Quando se faz uma pergunta direta que não depende de expressão facial para ser identificada como tal,True,Will you see Chip? -> YOU SEE C-H-I-P Q,ASL for Dummies — Caps. 1-13 (gramática + vocabulário temático),72,Angie: Will you see Chip? Sign: YOU SEE C-H-I-P Q
voice2sign,ASLFD.SINTAXE.087,sintaxe,Uso de 'TOO' para concordância de sujeito,"O sinal 'TOO' é usado para indicar que o sujeito também está incluído na ação ou sentimento expresso, geralmente posicionado após o sujeito ou em estruturas de concordância. É uma forma natural de expressar inclusão em ASL.",Quando alguém concorda com uma afirmação ou sentimento expresso por outro,True,"Me, too. -> ME TOO ; Nice to meet you, too. -> NICE MEET TOO",ASL for Dummies — Caps. 1-13 (gramática + vocabulário temático),65,"Dee: Me, too. Sign: ME TOO"
voice2sign,ASLFD.EXPRESSOES-IDIOMATICAS.022,expressoes-idiomaticas,Expressão 'WOW — SEEMS FUN',A expressão 'WOW — SEEMS FUN' é usada para expressar entusiasmo ou surpresa positiva em resposta a uma notícia ou plano. É uma convenção fixa em conversas informais para reagir a algo interessante ou agradável.,Quando alguém compartilha um plano ou experiência que parece atraente ou emocionante,True,Wow! Sounds like a fun time. -> WOW — SEEMS FUN,ASL for Dummies — Caps. 1-13 (gramática + vocabulário temático),71,Angie: Wow! Sounds like a fun time. Sign: WOW — SEEMS FUN
voice2sign,ASLFD.SINTAXE.088,sintaxe,Uso de 'WHERE' para localização em viagens,"O sinal 'WHERE' é usado para indicar o destino ou local de uma ação, especialmente em frases sobre viagens ou deslocamentos. É posicionado antes dos nomes de locais para indicar o foco da ação.",Quando se menciona destinos em uma viagem ou deslocamento,True,"We’re going to Texas, California, and Colorado. -> US TRAVEL WHERE — TEXAS CALIFORNIA COLORADO",ASL for Dummies — Caps. 1-13 (gramática + vocabulário temático),71,"Lindsey: We’re going to Texas, California, and Colorado. Sign: US TRAVEL WHERE — TEXAS CALIFORNIA COLORADO"
voice2sign,ASLFD.FOCO.005,foco,Uso de 'LA' como abreviação para Los Angeles,"O sinal 'LA' é usado como abreviação padrão para 'Los Angeles' em contextos de localização, especialmente em conversas sobre viagens ou localizações. É uma convenção fixa e amplamente aceita.",Quando se menciona Los Angeles em conversas sobre locais,True,Chip’s in Los Angeles. -> YES — C-H-I-P LA,ASL for Dummies — Caps. 1-13 (gramática + vocabulário temático),72,"Lindsey: Yes, Chip’s in Los Angeles. Sign: YES — C-H-I-P LA"
voice2sign,ASLFD.SINTAXE.089,sintaxe,Uso de 'TRUE' para concordância afirmativa,"O sinal 'TRUE' é usado para concordar com uma afirmação anterior, especialmente em respostas curtas. É mais natural que 'YES' em contextos de confirmação direta.",Quando se confirma uma afirmação feita por outra pessoa,True,"Yes, and no sales. -> TRUE — DISCOUNTS NONE",ASL for Dummies — Caps. 1-13 (gramática + vocabulário temático),64,"Buddy: Yes, and no sales. Sign: TRUE — DISCOUNTS NONE"
voice2sign,ASLFD.SINTAXE.090,sintaxe,Uso de 'BEAUTIFUL' para expressar admiração,"O sinal 'BEAUTIFUL' é usado para expressar admiração ou apreciação visual, especialmente em contextos de paisagens ou experiências estéticas. É frequentemente usado com locais ou objetos naturais.",Quando se expressa surpresa ou apreciação por algo visualmente atraente,True,The trees are beautiful in Japan. -> JAPAN — TREES — BEAUTIFUL,ASL for Dummies — Caps. 1-13 (gramática + vocabulário temático),74,Dee: The trees are beautiful in Japan. Sign: JAPAN — TREES — BEAUTIFUL
voice2sign,ASLFD.SINTAXE.091,sintaxe,Uso de 'HIGH' para intensidade de altura,"O sinal 'HIGH' é usado para indicar grandeza ou intensidade em termos de altura, especialmente em descrições de montanhas ou estruturas. É uma forma natural de expressar escala em ASL.",Quando se descreve a altura de montanhas ou estruturas naturais,True,The mountains are so high. -> MOUNTAINS HIGH,ASL for Dummies — Caps. 1-13 (gramática + vocabulário temático),75,Ted: The mountains are so high. Sign: MOUNTAINS HIGH
voice2sign,ASLFD.SINTAXE.092,sintaxe,Uso de 'MANY' para quantidade,"O sinal 'MANY' é usado para indicar grande quantidade, especialmente em frases que descrevem abundância de algo. É mais natural que 'LOTS' em contextos de descrição de quantidade.","Quando se descreve a abundância de algo, como rios, pessoas ou objetos",True,There are so many rivers. -> RIVERS — MANY,ASL for Dummies — Caps. 1-13 (gramática + vocabulário temático),75,Dee: There are so many rivers. Sign: RIVERS — MANY
voice2sign,ASLFD.SINTAXE.093,sintaxe,"Ordem de sinais em frases com sujeito, verbo e objeto","O sujeito geralmente vem antes do verbo, e o objeto vem após o verbo. Em frases com pronomes, o pronome sujeito pode ser omitido se já estiver claro no contexto, mas o verbo ainda segue a ordem padrão.","Frase com sujeito, verbo e objeto em contexto de trabalho ou lazer",True,The business is closed. -> BUSINESS CLOSED ; The soccer game was good. -> SOCCER GAME GOOD ; He can box and wrestle. -> BOX WRESTLE BOTH CAN HIM,ASL for Dummies — Caps. 1-13 (gramática + vocabulário temático),246,The business is closed. Sign: BUSINESS CLOSED
voice2sign,ASLFD.VERBOS.015,verbos,Forma verbal para 'frozen' e 'froze' em contextos de computador,"O verbo 'frozen' ou 'froze' é sinalizado com o movimento de 'congelar', usando a mão em forma manual S, como se estivesse quebrando um galho, com movimento de quebra em ambas as mãos.",Frase com computador travado ou congelado,True,My computer is frozen. -> MY COMPUTER FROZE ; The computer froze. -> COMPUTER FROZE,ASL for Dummies — Caps. 1-13 (gramática + vocabulário temático),243,Sign froze or frozen like the word freeze (see Chapter 5).
voice2sign,ASLFD.VERBOS.016,verbos,Forma verbal para 'broke' e 'broken' em equipamentos,"O verbo 'broke' ou 'broken' é sinalizado com movimento de quebra, usando a mão em forma manual S, com ambas as mãos se movendo como se estivessem quebrando um objeto.",Frase com equipamento quebrado,True,The copy machine is broken. -> COPY MACHINE BROKE ; The machine broke. -> MACHINE BROKE,ASL for Dummies — Caps. 1-13 (gramática + vocabulário temático),242,Sign broke or broken like you’re breaking a stick with both hands in the manual S handshape.
voice2sign,ASLFD.SINTAXE.094,sintaxe,Construção de perguntas com 'Q' no final,"Perguntas são formadas colocando o sinal 'Q' no final da frase, após o sinal principal, indicando que a frase é interrogativa.",Frase com intenção de perguntar,True,Where is the stapler? -> STAPLER WHERE Q ; Do we have enough paper? -> PAPER ENOUGH HAVE Q ; What's the score? -> SCORE WHAT Q,ASL for Dummies — Caps. 1-13 (gramática + vocabulário temático),243,Where is the stapler? Sign: STAPLER — WHERE — Q
voice2sign,ASLFD.SINTAXE.095,sintaxe,Construção de perguntas com 'Q' após o sujeito,"Em perguntas com sujeito, o sinal 'Q' é colocado após o pronome sujeito, indicando a interrogação.",Frase interrogativa com sujeito pronome,True,Are you going to the conference? -> CONFERENCE GO YOU Q ; Where do you work? -> WORK YOU WHERE Q,ASL for Dummies — Caps. 1-13 (gramática + vocabulário temático),245,Are you going to the conference? Sign: CONFERENCE — GO — YOU — Q
voice2sign,ASLFD.SINTAXE.096,sintaxe,Construção de frases condicionais com 'IF' e 'ME' para 'também',"Frase condicional com 'IF' seguida do verbo e sujeito, e 'ME' usado para indicar 'também' ou 'eu também'.",Frase com condição e expressão de participação mútua,True,"If you trade stocks, I will, too. -> IF TRADE YOU ME SAME ; If you play soccer, you can't play basketball. -> IF SOCCER PLAY YOU BASKETBALL PLAY YOU CAN'T",ASL for Dummies — Caps. 1-13 (gramática + vocabulário temático),245,"If you trade stocks, I will, too. Sign: IF TRADE — YOU — ME — SAME"
voice2sign,ASLFD.VERBOS.017,verbos,Forma verbal para 'win' e 'won' em competições,"O verbo 'win' ou 'won' é sinalizado com movimento de 'vencer', usando a mão em forma manual V, batendo na palma da mão passiva e rebatendo para cima.",Frase com vitória em competição,True,Our team won the race. -> OUR TEAM RACE WON ; He won the match. -> HE MATCH WON,ASL for Dummies — Caps. 1-13 (gramática + vocabulário temático),250,Win and won are the same sign. Make the manual V handshape with your dominant hand and allow it to hit your passive palm and bounce up again.
voice2sign,ASLFD.VERBOS.018,verbos,Forma verbal para 'lose' e 'lost' em competições,"O verbo 'lose' ou 'lost' é sinalizado com movimento de 'perder', usando a mão em forma manual V, batendo na palma da mão passiva e rebatendo para cima, com movimento semelhante ao de 'win'.",Frase com derrota em competição,True,Did we win or lose? -> WIN LOSE US WHICH Q ; They lost the game. -> THEY GAME LOST,ASL for Dummies — Caps. 1-13 (gramática + vocabulário temático),250,Lose and lost are the same sign. Make the manual V handshape with your dominant hand and allow it to hit your passive palm and bounce up again.
voice2sign,ASLFD.SINTAXE.097,sintaxe,Construção de frases com 'both' para indicar múltiplas ações,O sinal 'BOTH' é usado para indicar que duas ações ou habilidades são possíveis ou realizadas simultaneamente.,Frase com duas ações ou habilidades realizadas por uma pessoa,True,He can box and wrestle. -> BOX WRESTLE BOTH CAN HIM ; She can swim and run. -> SWIM RUN BOTH CAN HER,ASL for Dummies — Caps. 1-13 (gramática + vocabulário temático),251,He can box and wrestle. Sign: BOX — WRESTLE — BOTH CAN HIM
voice2sign,ASLFD.SINTAXE.098,sintaxe,Construção de frases com 'can't' para negação de possibilidade,"A negação de possibilidade é indicada com o sinal 'CAN’T' no final da frase, após o verbo e o sujeito.",Frase com impossibilidade de realizar duas ações simultaneamente,True,"If you play soccer, you can't play basketball. -> IF SOCCER PLAY YOU BASKETBALL PLAY YOU CAN'T ; You can't go and stay. -> GO STAY CAN'T",ASL for Dummies — Caps. 1-13 (gramática + vocabulário temático),251,"If you play soccer, you can't play basketball. Sign: IF SOCCER PLAY YOU — BASKETBALL PLAY YOU — CAN’T"
voice2sign,ASLFD.SINTAXE.099,sintaxe,Construção de frases com 'good' como adjetivo final,"O adjetivo 'good' é colocado no final da frase, após o substantivo, para descrever o estado ou qualidade do objeto.",Frase com avaliação positiva de um evento ou objeto,True,The soccer game was good. -> SOCCER GAME GOOD ; The meeting was good. -> MEETING GOOD,ASL for Dummies — Caps. 1-13 (gramática + vocabulário temático),251,The soccer game was good. Sign: SOCCER GAME — GOOD
voice2sign,ASLFD.SINTAXE.100,sintaxe,Construção de frases com 'upstairs' como localização,O sinal 'UPSTAIRS' é usado no final da frase para indicar localização no andar superior.,Frase com localização de reunião ou evento no andar superior,True,The managers meeting is upstairs. -> MANAGERS MEETING UPSTAIRS ; The office is upstairs. -> OFFICE UPSTAIRS,ASL for Dummies — Caps. 1-13 (gramática + vocabulário temático),245,The managers meeting is upstairs. Sign: MANAGERS MEETING — UPSTAIRS
voice2sign,ASLFD.SINTAXE.101,sintaxe,Construção de frases com 'player' usando o sinal do esporte + 'AGENT',"Para indicar que alguém é jogador de um esporte, o sinal do esporte é seguido pelo sinal 'AGENT' para indicar o agente.",Frase com pessoa que pratica um esporte,True,He’s a football player. -> FOOTBALL PLAY HIM ; She’s a golfer. -> GOLF AGENT,ASL for Dummies — Caps. 1-13 (gramática + vocabulário temático),252,He’s a football player. Sign: FOOTBALL — PLAY HIM
voice2sign,ASLFD.VERBOS.019,verbos,"Forma verbal para 'match', 'game' e 'challenge' com movimento duplo ou simples","Os sinais para 'match', 'game' e 'challenge' são iguais, mas com movimento duplo quando são substantivos e movimento simples quando são verbos.","Frase com 'match', 'game' ou 'challenge' como substantivo ou verbo",True,The match was exciting. -> MATCH EXCITING ; We challenge you. -> CHALLENGE YOU,ASL for Dummies — Caps. 1-13 (gramática + vocabulário temático),250,"You sign match, game, and challenge the same way, except the nouns game and match get a double motion while the verb challenge gets a single motion."
voice2sign,ASLFD.VERBOS.020,verbos,"Forma verbal para 'race', 'compete' e 'sports' com movimento de A","Os sinais para 'race', 'compete' e 'sports' são feitos com a mão em forma manual A, palmas juntas, alternando para frente e para trás.",Frase com competição ou corrida,True,They are racing. -> RACE ; We compete in sports. -> COMPETE SPORTS,ASL for Dummies — Caps. 1-13 (gramática + vocabulário temático),250,"You sign compete, sports, and race the same way. Make the manual A handshape with both hands, put your palms together, and then alternate them back and forth."
voice2sign,ASLFD.SINTAXE.104,sintaxe,Construção de frases com 'versus' usando o sinal de 'challenge',"O sinal para 'versus' é o mesmo que o sinal para 'challenge', usado para indicar confronto entre dois lados.",Frase com confronto entre dois times ou pessoas,True,The game is team A versus team B. -> TEAM A CHALLENGE TEAM B ; It's me versus you. -> ME CHALLENGE YOU,ASL for Dummies — Caps. 1-13 (gramática + vocabulário temático),250,"If you want to sign versus, use the same sign as the one for challenge."
voice2sign,ASLFD.SINTAXE.105,sintaxe,Construção de frases com 'team' como sujeito,"O sinal 'TEAM' é usado como sujeito em frases, geralmente seguido por verbo e complemento.",Frase com equipe como sujeito,True,Our team won the race. -> OUR TEAM RACE WON ; The team is strong. -> TEAM STRONG,ASL for Dummies — Caps. 1-13 (gramática + vocabulário temático),252,Our team won the race. Sign: OUR TEAM — RACE — WON
voice2sign,ASLFD.SINTAXE.106,sintaxe,Construção de frases com 'tied' ou 'even' usando 'TIE/EVEN',O sinal 'TIE/EVEN' é usado para indicar empate em competição.,Frase com empate em jogo ou competição,True,The game ended in a tie. -> GAME TIE ; It's even. -> EVEN,ASL for Dummies — Caps. 1-13 (gramática + vocabulário temático),249,TIE/EVEN
voice2sign,ASLFD.SINTAXE.107,sintaxe,Construção de frases com 'closed' para negação de abertura,O sinal 'CLOSED' é usado para indicar que um local ou serviço não está aberto.,Frase com local fechado,True,The business is closed. -> BUSINESS CLOSED ; The office is closed. -> OFFICE CLOSED,ASL for Dummies — Caps. 1-13 (gramática + vocabulário temático),246,The business is closed. Sign: BUSINESS CLOSED
voice2sign,ASLFD.SINTAXE.108,sintaxe,Construção de frases com 'discuss' para reunião,O sinal 'DISCUSS' é usado para indicar uma reunião ou conversa formal.,Frase com reunião ou discussão,True,We need to discuss this. -> DISCUSS THIS ; The meeting is about discussion. -> MEETING DISCUSS,ASL for Dummies — Caps. 1-13 (gramática + vocabulário temático),244,DISCUSS
voice2sign,ASLFD.SINTAXE.109,sintaxe,Construção de frases com 'promotion' para avanço profissional,O sinal 'PROMOTION' é usado para indicar promoção no trabalho.,Frase com avanço de cargo,True,She got a promotion. -> SHE PROMOTION ; He was promoted. -> HE PROMOTION,ASL for Dummies — Caps. 1-13 (gramática + vocabulário temático),244,PROMOTION
voice2sign,ASLFD.SINTAXE.110,sintaxe,Construção de frases com 'trading' para negociação de ações,O sinal 'TRADING' é usado para indicar compra e venda de ações.,Frase com negociação de ações,True,He is trading stocks. -> HE TRADING STOCKS ; Trading is risky. -> TRADING RISKY,ASL for Dummies — Caps. 1-13 (gramática + vocabulário temático),244,TRADING (stocks)
voice2sign,ASLFD.SINTAXE.111,sintaxe,Construção de frases com 'work' como verbo ou substantivo,"O sinal 'WORK' é usado tanto como verbo quanto como substantivo, dependendo do contexto.",Frase com trabalho como atividade ou ocupação,True,I work every day. -> WORK EVERY DAY ; Work is important. -> WORK IMPORTANT,ASL for Dummies — Caps. 1-13 (gramática + vocabulário temático),244,WORK
voice2sign,ASLFD.SINTAXE.112,sintaxe,Construção de frases com 'closed down' para tela de computador,O sinal 'CLOSED DOWN' é usado para indicar que a tela do computador está fechada.,Frase com tela de computador fechada,True,The computer is closed down. -> COMPUTER CLOSED DOWN ; The screen is closed down. -> SCREEN CLOSED DOWN,ASL for Dummies — Caps. 1-13 (gramática + vocabulário temático),244,CLOSED DOWN (as in computer screen)
voice2sign,ASLFD.SINTAXE.113,sintaxe,Construção de frases com 'business' como local ou atividade,O sinal 'BUSINESS' é usado para indicar um local de trabalho ou atividade comercial.,Frase com empresa ou negócio,True,The business is open. -> BUSINESS OPEN ; I work in business. -> WORK BUSINESS,ASL for Dummies — Caps. 1-13 (gramática + vocabulário temático),244,BUSINESS
voice2sign,ASLFD.SINTAXE.114,sintaxe,Ordem de elementos em frases com tempo futuro,"Em frases com tempo futuro, o sinal de tempo (como TOMORROW) é posicionado antes do verbo principal, seguido pelo sujeito e pelo verbo. O sujeito é indicado por um pronome de pessoa (ME, YOU, HIM, HER) ou por um sinal de referência no espaço.","Frase com tempo futuro expresso por palavras como 'tomorrow', 'next week', ou 'will' em inglês",True,I’ll go swimming tomorrow. -> TOMORROW — SWIM ME ; I’ll stay home and read. -> NO — HOME STAY — READ,ASL for Dummies — Caps. 1-13 (gramática + vocabulário temático),271,TOMORROW — SWIM ME
voice2sign,ASLFD.PERGUNTA.010,pergunta,Forma de perguntas com 'if' e 'how',"Perguntas iniciadas com 'if' ou 'how' são sinalizadas com o sinal Q no final da frase, e o sinal 'IF' ou 'HOW' é colocado no início. O sinal Q é usado para indicar que a frase é uma pergunta, mesmo que não haja mudança de expressão facial.",Frase com início em 'if' ou 'how' em inglês,True,"If it rains, are you going swimming? -> IF RAIN — YOU SWIMMING Q ; How do I get blood drawn? -> ME — BLOOD DRAWN — HOW Q",ASL for Dummies — Caps. 1-13 (gramática + vocabulário temático),271,IF RAIN — YOU SWIMMING Q
voice2sign,ASLFD.PRONOMES.015,pronomes,Uso de pronomes pessoais como sujeito,"O pronome pessoal (ME, YOU, HIM, HER, US) é usado como sujeito da frase e é sinalizado antes do verbo. O sinal 'ME' e 'YOU' são feitos com o dedo indicador apontando para o próprio corpo ou para o interlocutor.","Frase com sujeito pessoal em inglês (I, you, he, she, we)",True,I’ll stay home and read. -> NO — HOME STAY — READ ; He needs an injection. -> INJECTION — NEED — HIM,ASL for Dummies — Caps. 1-13 (gramática + vocabulário temático),279,INJECTION — NEED — HIM
voice2sign,ASLFD.VERBOS.022,verbos,Uso de 'need' com sujeito e objeto,"O verbo 'need' é sinalizado com o sujeito antes do verbo, seguido do objeto. O sinal 'NEED' é feito com a mão dominante em forma de C, movendo-se para frente com leve pressão.",Frase com 'need' em inglês,True,Do you need a nurse? -> NURSE — NEED Q ; You need to see a chiropractor. -> CHIROPRACTOR — NEED YOU,ASL for Dummies — Caps. 1-13 (gramática + vocabulário temático),275,NURSE — NEED Q
voice2sign,ASLFD.SINTAXE.115,sintaxe,Ordem de objetos e ações em frases de ação,"Em frases com ações, o objeto é sinalizado antes do verbo, seguido do sujeito. O verbo é sinalizado com movimento direto e claro, sem necessidade de sinal de sujeito explícito se já estiver no contexto.",Frase com ação e objeto em inglês (ex: 'sit in the wheelchair'),True,Sit in the wheelchair. -> WHEELCHAIR — SIT,ASL for Dummies — Caps. 1-13 (gramática + vocabulário temático),283,WHEELCHAIR — SIT
voice2sign,ASLFD.NEGACAO.004,negacao,Uso de 'no' para negação,"A negação é sinalizada com o sinal 'NO', que é feito com a mão dominante em forma de C, movendo-se para baixo e para frente, geralmente com expressão facial de negação. O sinal 'NO' é colocado no início da frase.","Frase com negação em inglês (ex: 'no, I'll stay home')",True,"No, I’ll stay home and read. -> NO — HOME STAY — READ",ASL for Dummies — Caps. 1-13 (gramática + vocabulário temático),272,NO — HOME STAY — READ
voice2sign,ASLFD.TEMPO-ASPECTO.009,tempo-aspecto,Uso de 'here' para indicar presença,"O sinal 'HERE' é usado para indicar que alguém ou algo está presente no momento. É sinalizado com o dedo indicador apontando para o local onde a pessoa está, e é comum em frases como 'The doctor is in'.",Frase com 'is in' ou 'is here' em inglês,True,The doctor is in. -> DOCTOR HERE,ASL for Dummies — Caps. 1-13 (gramática + vocabulário temático),275,DOCTOR HERE
voice2sign,ASLFD.SINTAXE.116,sintaxe,Uso de 'your' como possessivo em ASL,O sinal 'YOUR' é usado para indicar posse e é sinalizado com o dedo indicador apontando para o interlocutor. É colocado antes do substantivo que é possuído.,Frase com 'your' em inglês,True,I need to check your blood pressure. -> YOUR — BLOOD PRESSURE — CHECK — ME — MUST,ASL for Dummies — Caps. 1-13 (gramática + vocabulário temático),279,YOUR — BLOOD PRESSURE — CHECK — ME — MUST
voice2sign,ASLFD.SINTAXE.117,sintaxe,Uso de 'has' com sujeito e objeto,"O verbo 'has' é sinalizado com o sujeito antes do verbo, seguido do objeto. O sinal 'HAS' é feito com a mão dominante em forma de C, movendo-se para frente com leve pressão.",Frase com 'has' em inglês,True,She has an infection. -> INFECTION — HAS — HER,ASL for Dummies — Caps. 1-13 (gramática + vocabulário temático),283,INFECTION — HAS — HER
voice2sign,ASLFD.SINTAXE.118,sintaxe,Uso de 'have' com sujeito e objeto,"O verbo 'have' é sinalizado com o sujeito antes do verbo, seguido do objeto. O sinal 'HAVE' é feito com a mão dominante em forma de C, movendo-se para frente com leve pressão.",Frase com 'have' em inglês,True,You have a sprain. -> SPRAIN — HAVE — YOU,ASL for Dummies — Caps. 1-13 (gramática + vocabulário temático),284,SPRAIN — HAVE — YOU
