id,text,gloss,health
124,hepatitis c written statement see minutes,HEPATITIS C WRITE STATEMENT SEE MINUTE,NO
127,community action on the provision of cross border health care vote,COMMUNITY ACTION ON PROVISION CROSS BORDER HEALTH CARE VOTE,NO
168,discharge 2005 european monitoring centre for drugs and drug addiction vote,DISCHARGE 2005 EUROPEAN MONITORING CENTER FOR DRUG AND DRUG ADDICTION VOTE,NO
170,discharge 2005 european agency for safety and health at work vote,DISCHARGE 2005 EUROPEAN AGENCY FOR SAFETY AND HEALTH AT WORK VOTE,NO
172,discharge 2005 european agency for the evaluation of medicinal products vote,DISCHARGE 2005 EUROPEAN AGENCY FOR EVALUATION MEDICINAL PRODUCT VOTE,NO
178,discharge 2005 european centre for disease prevention and control vote,DISCHARGE 2005 EUROPEAN CENTER FOR DISEASE PREVENTION AND CONTROL VOTE,NO
182,combating hiv / aids within the eu and in the neighbouring countries 2006 2009 vote,COMBATE HIV AID WITHIN EU AND IN NEIGHBOURING COUNTRY 2006 2009 VOTE,NO
212,directives concerning the protection of health and safety of workers simplifying and rationalising practical implementation reports vote,DIRECTIVE CONCERN PROTECTION HEALTH AND SAFETY WORKER SIMPLIFY AND RATIONALISE DESC-PRACTICAL IMPLEMENTATION REPORT VOTE,NO
247,report reynaud,REPORT REYNAUD,NO
319,addition of vitamins and minerals and of certain other substances to foods vote,ADDITION VITAMIN AND MINERAL AND DESC-CERTAIN DESC-OR SUBSTANCE TO FOOD VOTE,NO
321,nutrition and health claims made on foods vote,NUTRITION AND HEALTH CLAIM MAKE ON FOOD VOTE,NO
432,community action programme in the field of health 2007 2013 vote,COMMUNITY ACTION PROGRAM IN FIELD HEALTH 2007 2013 VOTE,NO
466,action to tackle cardiovascular disease vote,ACTION TO TACKLE DESC-CARDIOVASCULAR DISEASE VOTE,NO
472,trips agreement and access to medicines vote,TRIP AGREEMENT AND ACCESS TO MEDICINE VOTE,NO
507,reducing alcohol related harm vote,REDUCE ALCOHOL RELATE HARM VOTE,NO
510,international health regulations vote,DESC-INTERNATIONAL HEALTH REGULATION VOTE,NO
562,need for a comprehensive strategy to control cancer written declaration see minutes,NEED FOR DESC-COMPREHENSIVE STRATEGY TO CONTROL CANCER WRITE DECLARATION SEE MINUTE,NO
573,dys crimination and social exclusion affecting children withdys abilities written declaration see minutes,DY CRIMINATION AND DESC-SOCIAL EXCLUSION AFFECT CHILD WITHDY ABILITY WRITE DECLARATION SEE MINUTE,NO
722,electro medical equipment used in veterinary medicine vote,ELECTRO DESC-MEDICAL EQUIPMENT USE IN DESC-VETERINARY MEDICINE VOTE,NO
773,the innovative medicines initiative joint undertaking vote,DESC-INNOVATIVE MEDICINE INITIATIVE DESC-JOINT UNDERTAKING VOTE,NO
897,cap health check,CAP HEALTH CHECK,NO
917,animal health requirements applicable to the non commercial movements of pet animals,ANIMAL HEALTH REQUIREMENT DESC-APPLICABLE TO NON DESC-COMMERCIAL MOVEMENT PET ANIMAL,NO
943,2006 discharge european centre for disease prevention and control,2006 DISCHARGE EUROPEAN CENTER FOR DISEASE PREVENTION AND CONTROL,NO
944,2006 discharge european monitoring centre for drugs and drug addiction,2006 DISCHARGE EUROPEAN MONITORING CENTER FOR DRUG AND DRUG ADDICTION,NO
948,2006 discharge european medicines agency,2006 DISCHARGE EUROPEAN MEDICINE AGENCY,NO
961,the role of civil society in drugs policy in the european union,ROLE DESC-CIVIL SOCIETY IN DRUG POLICY IN EUROPEAN UNION,NO
993,community tobacco fund,COMMUNITY TOBACCO FUND,NO
1006,rheumatic diseases written declaration see minutes,RHEUMATIC DISEASE WRITE DECLARATION SEE MINUTE,NO
1026,hygiene of foodstuffs,HYGIENE FOODSTUFF,NO
1027,prohibition on the use in stockfarming of certain substances having a hormonal or thyreostatic action and of beta agonists,PROHIBITION ON USE IN STOCKFARM DESC-CERTAIN SUBSTANCE HAVE HORMONAL OR THYREOSTATIC ACTION AND BETA AGONIST,NO
1081,minimum safety and health requirements for the use of work equipment,MINIMUM SAFETY AND HEALTH REQUIREMENT FOR USE WORK EQUIPMENT,NO
1152,mid term review of the european environment and health action plan 2004 2010,MID TERM REVIEW EUROPEAN ENVIRONMENT AND HEALTH ACTION PLAN 2004 2010,NO
1170,colouring matters for medicinal products recast version,COLOR MATTER FOR MEDICINAL PRODUCT RECAST VERSION,NO
1196,"white paper on nutrition , overweight and obesity related health issues","DESC-WHITE PAPER ON NUTRITION , DESC-OVERWEIGHT AND OBESITY RELATE HEALTH ISSUE",NO
1219,supplementary protection certificate for medicinal products codified version,DESC-SUPPLEMENTARY PROTECTION CERTIFICATE FOR MEDICINAL PRODUCT CODIFY VERSION,NO
1244,variations to the terms of marketing authorisations for medicinal products,VARIATION TO TERM MARKETING AUTHORISATION FOR MEDICINAL PRODUCT,NO
1270,school fresh fruit scheme amendment of single cmo regulation,SCHOOL DESC-FRESH FRUIT SCHEME AMENDMENT DESC-SINGLE CMO REGULATION,NO
1275,community statistics on public health and health and safety at work,COMMUNITY STATISTICS ON PUBLIC HEALTH AND HEALTH AND SAFETY AT WORK,NO
1292,hiv / aids early diagnosis and early care vote,HIV AID DESC-EARLY DIAGNOSIS AND DESC-EARLY CARE VOTE,NO
1505,"plant protection products are , in fact , medicine for plants .","PLANT PROTECTION PRODUCT BE , IN FACT , MEDICINE FOR PLANT .",NO
1514,"a headache tablet is a blessing , but if you take 20 it becomes dangerous , even life threatening .","HEADACHE TABLET BE BLESSING , BUT IF X-YOU TAKE 20 X-IT BECOME DESC-DANGEROUS , DESC-EVEN LIFE THREATEN .",NO
1528,the agreement reached represents significant progress in the protection of public health and the environment in the european union .,AGREEMENT REACH REPRESENT DESC-SIGNIFICANT PROGRESS IN PROTECTION PUBLIC HEALTH AND ENVIRONMENT IN EUROPEAN UNION .,NO
1530,"however , they can also have an impact on human health , animal health and the environment .","DESC-HOWEVER , X-Y CAN DESC-ALSO HAVE IMPACT ON DESC-HUMAN HEALTH , ANIMAL HEALTH AND ENVIRONMENT .",NO
1533,clear and strict criteria would be set for the approval of active substances .,DESC-CLEAR AND DESC-STRICT CRITERION WOULD BE SET FOR APPROVAL DESC-ACTIVE SUBSTANCE .,NO
1540,"they have worked hard to reach this compromise , which strikes a balance between human health and agricultural production .","X-Y HAVE WORK DESC-HARD TO REACH THIS COMPROMISE , WHICH STRIKE BALANCE BETWEEN DESC-HUMAN HEALTH AND DESC-AGRICULTURAL PRODUCTION .",NO
1544,"neurotoxic substances , for example .","DESC-NEUROTOXIC SUBSTANCE , FOR EXAMPLE .",NO
1545,these are substances that impair the development of children's brains .,SE BE SUBSTANCE THAT IMPAIR DEVELOPMENT CHILD X-POSS BRAIN .,NO
1548,this is a victory for health and for the environment .,THIS BE VICTORY FOR HEALTH AND FOR ENVIRONMENT .,NO
1549,i must address the very controversial issue of endocrine disrupters .,X-I MUST ADDRESS DESC-VERY DESC-CONTROVERSIAL ISSUE ENDOCRINE DISRUPTER .,NO
1559,there is no doubt that rates of cancer have increased .,DESC-RE BE NO DOUBT THAT RATE CANCER HAVE INCREASE .,NO
1560,"we have increased residues in our air , water and food , which affect our health and environment .","X-WE HAVE INCREASE RESIDUE IN X-WE AIR , WATER AND FOOD , WHICH AFFECT X-WE HEALTH AND ENVIRONMENT .",NO
1599,in certain regions a particularly rapid increase in various types of cancer has actually been observed .,IN DESC-CERTAIN REGION DESC-PARTICULARLY DESC-RAPID INCREASE IN DESC-VARIOUS TYPE CANCER HAVE DESC-ACTUALLY BE OBSERVE .,NO
1614,this package lacks the sufficient scientific rigour which is needed both to defend our health and our economy .,THIS PACKAGE LACK DESC-SUFFICIENT DESC-SCIENTIFIC RIGOR WHICH BE NEED BOTH TO DEFEND X-WE HEALTH AND X-WE ECONOMY .,NO
1620,the use of poisons such as alcohol and tobacco must be an individual decision .,USE POISON DESC-SUCH AS ALCOHOL AND TOBACCO MUST BE INDIVIDUAL DECISION .,NO
1625,we should be very strict when it comes to poisons of this kind .,X-WE SHOULD BE DESC-VERY DESC-STRICT WHEN X-IT COME TO POISON THIS KIND .,NO
1647,these are all measures that benefit the environment and public health .,SE BE ALL MEASURE THAT BENEFIT ENVIRONMENT AND PUBLIC HEALTH .,NO
1649,"in my country , poland , the disposal of plant protection products is a major issue .","IN X-MY COUNTRY , POLAND , DISPOSAL PLANT PROTECTION PRODUCT BE DESC-MAJOR ISSUE .",NO
1652,who is giving thought to the current public health problems ?,WHO BE GIVE THINK TO DESC-CURRENT PUBLIC HEALTH PROBLEM ?,NO
1658,we are told pesticides might disrupt dna .,X-WE BE TELL PESTICIDE MIGHT DISRUPT DNA .,NO
1664,the new plant protection regulation is a great step towards more consumer and health protection .,DESC-NEW PLANT PROTECTION REGULATION BE DESC-GREAT STEP TOWARDS MORE CONSUMER AND HEALTH PROTECTION .,NO
1681,they should ensure that the restrictions introduced will promote health without threatening the development of european agriculture .,X-Y SHOULD ENSURE THAT RESTRICTION INTRODUCE WILL PROMOTE HEALTH WITHOUT THREATEN DEVELOPMENT EUROPEAN AGRICULTURE .,NO
1718,no farmer in his right mind would use a chemical which is dangerous to public health .,NO FARMER IN X-HE DESC-RIGHT MIND WOULD USE CHEMICAL WHICH BE DESC-DANGEROUS TO PUBLIC HEALTH .,NO
1721,sl there are some alarming health trends which are largely due to the irresponsible use of pesticides .,SL DESC-RE BE SOME DESC-ALARMING HEALTH TREND WHICH BE DESC-LARGELY DESC-DUE TO DESC-IRRESPONSIBLE USE PESTICIDE .,NO
1732,"alcohol , pure alcohol , is a hazard .","ALCOHOL , DESC-PURE ALCOHOL , BE HAZARD .",NO
1733,"if you drink pure alcohol , we know what happens .","IF X-YOU DRINK DESC-PURE ALCOHOL , X-WE KNOW WHAT HAPPEN .",NO
1736,"the scientific definition , and lack thereof , of endocrine disruptors has already been referred to .","DESC-SCIENTIFIC DEFINITION , AND LACK DESC-REOF , ENDOCRINE DISRUPTOR HAVE DESC-ALREADY BE REFER TO .",NO
1752,"the compromise reached will help improve the condition of the population's health , but will increase production costs .","COMPROMISE REACH WILL HELP IMPROVE CONDITION POPULATION X-POSS HEALTH , BUT WILL INCREASE PRODUCTION COST .",NO
1761,the principle of prevention must be applied .,PRINCIPLE PREVENTION MUST BE APPLY .,NO
1870,i should like to take this opportunity to offer her my sincere wishes for a speedy recovery .,X-I SHOULD LIKE TO TAKE THIS OPPORTUNITY TO OFFER X-SHE X-MY DESC-SINCERE WISH FOR DESC-SPEEDY RECOVERY .,YES
1937,"es mr president , commissioner , may I also wish mrs kroes a swift recovery .","E MR PRESIDENT , COMMISSIONER , MAY X-I DESC-ALSO WISH MR KRO SWIFT RECOVERY .",YES
1994,thirty thousand children die of hunger and poverty related illnesses a day .,THIRTY THOUSAND CHILD DIE HUNGER AND POVERTY RELATE ILLNESS DAY .,NO
2392,framework for community action to achieve a sustainable use of pesticides,FRAMEWORK FOR COMMUNITY ACTION TO ACHIEVE DESC-SUSTAINABLE USE PESTICIDE,NO
2590,i voted for the directive because it is in line with my views on health protection .,X-I VOTE FOR DIRECTIVE BECAUSE X-IT BE IN LINE WITH X-MY VIEW ON HEALTH PROTECTION .,NO
2620,i have incurred no apparent detriment to my health or the wellbeing of the environment .,X-I HAVE INCUR NO DESC-APPARENT DETRIMENT TO X-MY HEALTH OR WELLBEING ENVIRONMENT .,YES
2623,"similarly , farmers have also been the basis of our health .","DESC-SIMILARLY , FARMER HAVE DESC-ALSO BE BASIS X-WE HEALTH .",NO
2624,they produce the good food that is the basis of our good health .,X-Y PRODUCE DESC-GOOD FOOD THAT BE BASIS X-WE DESC-GOOD HEALTH .,NO
2659,how will we manage this when already over 850 million people in the world are undernourished ?,HOW WILL X-WE MANAGE THIS WHEN DESC-ALREADY OVER 850 MILLION PEOPLE IN WORLD BE UNDERNOURISH ?,NO
2745,"to protect human health and the environment , it is vital to help change the approach to agricultural pesticides .","TO PROTECT DESC-HUMAN HEALTH AND ENVIRONMENT , X-IT BE DESC-VITAL TO HELP CHANGE APPROACH TO DESC-AGRICULTURAL PESTICIDE .",NO
2761,controls must also be much more restrictive in order to fully protect public health .,CONTROL MUST DESC-ALSO BE DESC-MUCH MORE DESC-RESTRICTIVE IN ORDER TO DESC-FULLY PROTECT PUBLIC HEALTH .,NO
2765,a european minimum distance would have been preferable from an environmental and public health point of view .,EUROPEAN MINIMUM DISTANCE WOULD HAVE BE DESC-PREFERABLE FROM DESC-ENVIRONMENTAL AND PUBLIC HEALTH POINT VIEW .,NO
2781,it is important to regulate substances which have a proven adverse effect on human health .,X-IT BE DESC-IMPORTANT TO REGULATE SUBSTANCE WHICH HAVE PROVE DESC-ADVERSE EFFECT ON DESC-HUMAN HEALTH .,NO
2795,i would prefer the common position as it would give a better balance between public health and food production .,X-I WOULD PREFER DESC-COMMON POSITION AS X-IT WOULD GIVE DESC-BETTER BALANCE BETWEEN PUBLIC HEALTH AND FOOD PRODUCTION .,NO
2798,the emphasis of this legislation is clearly on health and the links between chemical substances and cancer .,EMPHASIS THIS LEGISLATION BE DESC-CLEARLY ON HEALTH AND LINK BETWEEN CHEMICAL SUBSTANCE AND CANCER .,NO
2833,"yet this would require reliable biometric data , which at the moment cannot be guaranteed .","DESC-YET THIS WOULD REQUIRE DESC-RELIABLE DESC-BIOMETRIC DATUM , WHICH AT MOMENT CAN DESC-NOT BE GUARANTEE .",NO
2845,there is still no secure knowledge about the use of biometric fingerprints from children under the age of the main ambiguity is how long fingerprints from growing children are in fact reliable .,DESC-RE BE DESC-STILL NO DESC-SECURE KNOWLEDGE ABOUT USE DESC-BIOMETRIC FINGERPRINT FROM CHILD UNDER AGE DESC-MAIN AMBIGUITY BE HOW DESC-LONG FINGERPRINT FROM GROW CHILD BE IN FACT DESC-RELIABLE .,NO
3207,are you confident that the reforms of the health check are sufficient in view of all this uncertainty ?,BE X-YOU DESC-CONFIDENT THAT REFORM HEALTH CHECK BE DESC-SUFFICIENT IN VIEW ALL THIS UNCERTAINTY ?,NO
3334,the question about pharmacists was raised by mr angelakas .,QUESTION ABOUT PHARMACIST BE RAISE BY MR ANGELAKA .,NO
3364,pharmaceutical products package debate,DESC-PHARMACEUTICAL PRODUCT PACKAGE DEBATE,NO
3365,the next item is the commission statement on the pharmaceutical products package .,NEXT ITEM BE COMMISSION STATEMENT ON DESC-PHARMACEUTICAL PRODUCT PACKAGE .,NO
3366,patients are the subject of healthcare policy .,PATIENT BE SUBJECT HEALTHCARE POLICY .,NO
3367,"however , health or restoration to health is not just a right .","DESC-HOWEVER , HEALTH OR RESTORATION TO HEALTH BE DESC-NOT DESC-JUST DESC-RIGHT .",NO
3368,this also applies to protection against counterfeit medicines .,THIS DESC-ALSO APPLY TO PROTECTION AGAINST COUNTERFEIT MEDICINE .,NO
3369,the rapidly growing numbers of fake medicines have forced us to act .,DESC-RAPIDLY GROW NUMBER FAKE MEDICINE HAVE FORCE X-WE TO ACT .,NO
3370,"the number of counterfeit medicines confiscated at the eu's external borders increased almost fourfold between 2005 and 200if we do not act now , the first deaths will be caused sooner or later .","NUMBER COUNTERFEIT MEDICINE CONFISCATE AT EU X-POSS DESC-EXTERNAL BORDER INCREASE DESC-ALMOST DESC-FOURFOLD BETWEEN 2005 AND DESC-200IF X-WE DO DESC-NOT ACT DESC-NOW , DESC-FIRST DEATH WILL BE CAUSE DESC-SOONER OR DESC-LATER .",NO
3371,the problem has also affected the legal supply chain for medicines .,PROBLEM HAVE DESC-ALSO AFFECT DESC-LEGAL SUPPLY CHAIN FOR MEDICINE .,NO
3372,we have discovered fake medicines at different stages of the supply chain .,X-WE HAVE DISCOVER FAKE MEDICINE AT DESC-DIFFERENT STAGE SUPPLY CHAIN .,NO
3373,"each individual case involves thousands of packages and , therefore , thousands of patients are potentially at risk .","EACH INDIVIDUAL CASE INVOLVE THOUSAND PACKAGE AND , DESC-REFORE , THOUSAND PATIENT BE DESC-POTENTIALLY AT RISK .",NO
3374,the proposal's sole objective is to improve patient safety .,PROPOSAL X-POSS DESC-SOLE OBJECTIVE BE TO IMPROVE PATIENT SAFETY .,NO
3375,"it is not intended to prevent a specific form of medicine distribution , such as parallel trade .","X-IT BE DESC-NOT INTEND TO PREVENT SPECIFIC FORM MEDICINE DISTRIBUTION , DESC-SUCH AS PARALLEL TRADE .",NO
3382,community wide access to information about undesirable or previously unknown side effects will make community wide risk management significantly easier .,COMMUNITY DESC-WIDE ACCESS TO INFORMATION ABOUT DESC-UNDESIRABLE OR DESC-PREVIOUSLY UNKNOWN SIDE EFFECT WILL MAKE COMMUNITY DESC-WIDE RISK MANAGEMENT DESC-SIGNIFICANTLY DESC-EASIER .,NO
3383,"finally , the pharmaceutical package includes a proposal for improved patient information .","DESC-FINALLY , DESC-PHARMACEUTICAL PACKAGE INCLUDE PROPOSAL FOR IMPROVE PATIENT INFORMATION .",NO
3384,patients have a right to information and this applies in particular to medicines .,PATIENT HAVE DESC-RIGHT TO INFORMATION AND THIS APPLY IN DESC-PARTICULAR TO MEDICINE .,NO
3386,the significance of health will continue to increase in our aging society .,SIGNIFICANCE HEALTH WILL CONTINUE TO INCREASE IN X-WE AGE SOCIETY .,NO
3388,patients are already actively searching for information .,PATIENT BE DESC-ALREADY DESC-ACTIVELY SEARCH FOR INFORMATION .,NO
3396,it draws the obvious conclusions from the increasing importance which citizens place on questions that concern their own health .,X-IT DRAW DESC-OBVIOUS CONCLUSION FROM INCREASE IMPORTANCE WHICH CITIZEN PLACE ON QUESTION THAT CONCERN X-Y DESC-OWN HEALTH .,NO
3400,"you have referred , rightly , to information to patients and you have dwelt on the detail of that .","X-YOU HAVE REFER , DESC-RIGHTLY , TO INFORMATION TO PATIENT AND X-YOU HAVE DWELL ON DETAIL THAT .",NO
3404,"thirdly , you referred to pharmacovigilance .","DESC-THIRDLY , X-YOU REFER TO PHARMACOVIGILANCE .",NO
3405,"so it is vitally important that we have a simplified , more reliable package on pharmacovigilance too .","DESC-SO X-IT BE DESC-VITALLY DESC-IMPORTANT THAT X-WE HAVE SIMPLIFY , MORE DESC-RELIABLE PACKAGE ON PHARMACOVIGILANCE DESC-TOO .",NO
3408,i would also stress the point that the patient must play the central role in this regard .,X-I WOULD DESC-ALSO STRESS POINT THAT PATIENT MUST PLAY DESC-CENTRAL ROLE IN THIS REGARD .,YES
3409,supervision of a medicine is limited once it reaches the market .,SUPERVISION MEDICINE BE LIMIT DESC-ONCE X-IT REACH MARKET .,NO
3410,"side effects are reported , but there is little research into the effectiveness of medicines .","SIDE EFFECT BE REPORT , BUT DESC-RE BE DESC-LITTLE RESEARCH INTO EFFECTIVENESS MEDICINE .",NO
3412,the same applies to antidepressants and other drugs which have an impact on people's mental health .,DESC-SAME APPLY TO ANTIDEPRESSANT AND DESC-OR DRUG WHICH HAVE IMPACT ON PEOPLE X-POSS DESC-MENTAL HEALTH .,NO
3414,we all know that patient information about medicines is a controversial topic .,X-WE ALL KNOW THAT PATIENT INFORMATION ABOUT MEDICINE BE DESC-CONTROVERSIAL TOPIC .,NO
3416,ask your doctor for x medicine for breast cancer or y medicine for cystitis .,ASK X-YOU DOCTOR FOR X MEDICINE FOR BREAST CANCER OR Y MEDICINE FOR CYSTITIS .,YES
3417,we cannot allow anyone to saddle us with a diagnosis or talk us into taking a drug .,X-WE CAN DESC-NOT ALLOW ANYONE TO SADDLE X-WE WITH DIAGNOSIS OR TALK X-WE INTO TAKE DRUG .,YES
3423,contamination from pharmaceutical products is a growing problem in treatment works .,CONTAMINATION FROM DESC-PHARMACEUTICAL PRODUCT BE GROW PROBLEM IN TREATMENT WORK .,NO
3424,"as regards advertisements for pharmaceutical products , I would like to see the toughest possible restrictions .","AS REGARD ADVERTISEMENT FOR DESC-PHARMACEUTICAL PRODUCT , X-I WOULD LIKE TO SEE DESC-TOUGHEST DESC-POSSIBLE RESTRICTION .",NO
3426,"one evening when I was watching television , a quarter of all the advertisements were for over the counter pharmaceutical products .","ONE EVENING WHEN X-I BE WATCH TELEVISION , QUARTER ALL ADVERTISEMENT BE FOR OVER DESC-COUNTER DESC-PHARMACEUTICAL PRODUCT .",NO
3428,"as regards the counterfeiting of medicines , this is probably also connected to our current patent system .","AS REGARD COUNTERFEITING MEDICINE , THIS BE DESC-PROBABLY DESC-ALSO CONNECT TO X-WE DESC-CURRENT PATENT SYSTEM .",NO
3432,"there are nanoparticles in medicine , but we know very little about their toxicological effects .","DESC-RE BE NANOPARTICLE IN MEDICINE , BUT X-WE KNOW DESC-VERY DESC-LITTLE ABOUT X-Y DESC-TOXICOLOGICAL EFFECT .",NO
3433,i would like better methods to be introduced for investigating the toxicology of nanoparticles .,X-I WOULD LIKE DESC-BETTER METHOD TO BE INTRODUCE FOR INVESTIGATE TOXICOLOGY NANOPARTICLE .,NO
3434,sk many of us will probably talk about healthcare subsidiarity in connection with the pharmaceutical package .,SK DESC-MANY X-WE WILL DESC-PROBABLY TALK ABOUT HEALTHCARE SUBSIDIARITY IN CONNECTION WITH DESC-PHARMACEUTICAL PACKAGE .,NO
3435,that is why medicine prices have been rising disproportionately on european markets .,THAT BE WHY MEDICINE PRICE HAVE BE RISE DESC-DISPROPORTIONATELY ON EUROPEAN MARKET .,NO
3437,"this is perhaps not particularly strange , as pharmaceutical products affect everyone .","THIS BE DESC-PERHAPS DESC-NOT DESC-PARTICULARLY DESC-STRANGE , AS DESC-PHARMACEUTICAL PRODUCT AFFECT EVERYONE .",NO
3439,i do not want to see advertisements for prescription pharmaceutical products .,X-I DO DESC-NOT WANT TO SEE ADVERTISEMENT FOR PRESCRIPTION DESC-PHARMACEUTICAL PRODUCT .,NO
3442,"in sweden , for example , we have a system called fass .","IN SWEDEN , FOR EXAMPLE , X-WE HAVE SYSTEM CALL FASS .",NO
3445,my other question relates to the names of medicines in cross border regions .,X-MY DESC-OR QUESTION RELATE TO NAME MEDICINE IN CROSS BORDER REGION .,NO
3446,the names are often different despite the fact that the medicines contain identical substances .,NAME BE DESC-OFTEN DESC-DIFFERENT DESPITE FACT THAT MEDICINE CONTAIN DESC-IDENTICAL SUBSTANCE .,NO
3448,some years ago here we had the pharmaceutical review .,SOME YEAR DESC-AGO DESC-HERE X-WE HAVE DESC-PHARMACEUTICAL REVIEW .,NO
3449,"that included veterinary medicines , as well as human pharmaceuticals .","THAT INCLUDE DESC-VETERINARY MEDICINE , AS DESC-WELL AS DESC-HUMAN DESC-PHARMACEUTICAL .",NO
3451,i have been critical of serious shortcomings in the veterinary medicines directive now for some time .,X-I HAVE BE DESC-CRITICAL DESC-SERIOUS SHORTCOMING IN DESC-VETERINARY MEDICINE DIRECTIVE DESC-NOW FOR SOME TIME .,NO
3452,"i , like others , feel there should be far more patient information now .","X-I , LIKE DESC-OR , FEEL DESC-RE SHOULD BE DESC-FAR MORE PATIENT INFORMATION DESC-NOW .",NO
3453,they should get properly reviewed scientific information at first hand with their medicines .,X-Y SHOULD GET DESC-PROPERLY REVIEW DESC-SCIENTIFIC INFORMATION AT DESC-FIRST HAND WITH X-Y MEDICINE .,NO
3454,"finally , I also have concerns with the role of drug companies in influencing doctorsprescription habits .","DESC-FINALLY , X-I DESC-ALSO HAVE CONCERN WITH ROLE DRUG COMPANY IN INFLUENCE DOCTORSPRESCRIPTION HABIT .",NO
3461,mr schlyter has highlighted the question of vaccines .,MR SCHLYTER HAVE HIGHLIGHT QUESTION VACCINE .,NO
3462,"i must state clearly at this point that vaccines are , of course , not freely available .","X-I MUST STATE DESC-CLEARLY AT THIS POINT THAT VACCINE BE , COURSE , DESC-NOT DESC-FREELY DESC-AVAILABLE .",NO
3464,the issue of counterfeit medicines is unrelated to intellectual property .,ISSUE COUNTERFEIT MEDICINE BE DESC-UNRELATED TO DESC-INTELLECTUAL PROPERTY .,NO
3465,fake medicines are not produced as a result of a dispute about intellectual property .,FAKE MEDICINE BE DESC-NOT PRODUCE AS RESULT DISPUTE ABOUT DESC-INTELLECTUAL PROPERTY .,NO
3466,counterfeit medicines are produced for reasons of pure greed .,COUNTERFEIT MEDICINE BE PRODUCE FOR REASON DESC-PURE GREED .,NO
3470,these statistics show that patient information can even save money .,SE STATISTICS SHOW THAT PATIENT INFORMATION CAN DESC-EVEN SAVE MONEY .,NO
3473,"i am thinking , for example , of the very well known publication apothekenumschau in my native country .","X-I BE THINK , FOR EXAMPLE , DESC-VERY DESC-WELL KNOW PUBLICATION APOKENUMSCHAU IN X-MY NATIVE COUNTRY .",NO
3474,these publications are not allowed to contain advertising for prescription only medicines .,SE PUBLICATION BE DESC-NOT ALLOW TO CONTAIN ADVERTISING FOR PRESCRIPTION DESC-ONLY MEDICINE .,NO
3479,"for example , animals are not able to find out about medicines themselves .","FOR EXAMPLE , ANIMAL BE DESC-NOT DESC-ABLE TO FIND OUT ABOUT MEDICINE X-MSELVES .",NO
3485,it is also an industrial chemical that is actually used a lot in the pharmaceutical industry .,X-IT BE DESC-ALSO DESC-INDUSTRIAL CHEMICAL THAT BE DESC-ACTUALLY USE LOT IN DESC-PHARMACEUTICAL INDUSTRY .,NO
3488,a proper protective set up consists of very high spec gloves that have to be changed every three hours .,DESC-PROPER DESC-PROTECTIVE SET DESC-UP CONSIST DESC-VERY DESC-HIGH SPEC GLOVE THAT HAVE TO BE CHANGE EVERY THREE HOUR .,NO
3491,the protective equipment is very often left at home or just not available at all .,DESC-PROTECTIVE EQUIPMENT BE DESC-VERY DESC-OFTEN LEAVE AT HOME OR DESC-JUST DESC-NOT DESC-AVAILABLE AT ALL .,NO
3496,"it will improve people's ability to strip paint safely without being exposed to dangerous , carcinogenic chemicals .","X-IT WILL IMPROVE PEOPLE X-POSS ABILITY TO STRIP PAINT DESC-SAFELY WITHOUT BE EXPOSE TO DESC-DANGEROUS , DESC-CARCINOGENIC CHEMICAL .",NO
3501,there is no doubt that dichloromethane is hazardous to human health because it is highly volatile .,DESC-RE BE NO DOUBT THAT DICHLOROMETHANE BE DESC-HAZARDOUS TO DESC-HUMAN HEALTH BECAUSE X-IT BE DESC-HIGHLY DESC-VOLATILE .,NO
3514,they are carcinogenic and they cause neurotic effects with nerve damage .,X-Y BE DESC-CARCINOGENIC AND X-Y CAUSE DESC-NEUROTIC EFFECT WITH NERVE DAMAGE .,NO
3517,there is no effective way to ensure the safe use of dichloromethanes for the public .,DESC-RE BE NO DESC-EFFECTIVE WAY TO ENSURE DESC-SAFE USE DICHLOROMETHANE FOR PUBLIC .,NO
3525,dichloromethanes will come off the market for non industrial use .,DICHLOROMETHANE WILL COME OFF MARKET FOR NON DESC-INDUSTRIAL USE .,NO
3558,my last remark concerns the comments made by mr bowis in relation to the toxic effects of the alternatives .,X-MY DESC-LAST REMARK CONCERN COMMENT MAKE BY MR BOWUS IN RELATION TO DESC-TOXIC EFFECT ALTERNATIVE .,NO
3563,we take the healthcare related and environmental arguments of the member states seriously .,X-WE TAKE HEALTHCARE RELATE AND DESC-ENVIRONMENTAL ARGUMENT MEMBER STATE DESC-SERIOUSLY .,NO
3573,in recent years there have been many fatalities as a consequence of dichloromethane use .,IN DESC-RECENT YEAR DESC-RE HAVE BE DESC-MANY FATALITY AS CONSEQUENCE DICHLOROMETHANE USE .,NO
3574,"this extremely volatile substance is damaging to the nervous system , and for the same reason is also carcinogenic .","THIS DESC-EXTREMELY DESC-VOLATILE SUBSTANCE BE DAMAGE TO DESC-NERVOUS SYSTEM , AND FOR DESC-SAME REASON BE DESC-ALSO DESC-CARCINOGENIC .",NO
3575,"it is a substance that is particularly harmful to human health , as it is classified as a carcinogen .","X-IT BE SUBSTANCE THAT BE DESC-PARTICULARLY DESC-HARMFUL TO DESC-HUMAN HEALTH , AS X-IT BE CLASSIFY AS CARCINOGEN .",NO
3576,"it damages the nervous system and causes serious damage to internal organs , which can directly lead to death .","X-IT DAMAGE DESC-NERVOUS SYSTEM AND CAUSE DESC-SERIOUS DAMAGE TO DESC-INTERNAL ORGAN , WHICH CAN DESC-DIRECTLY LEAD TO DEATH .",NO
3577,it also alarming that there have been deaths linked to dichloromethane poisoning .,X-IT DESC-ALSO DESC-ALARMING THAT DESC-RE HAVE BE DEATH LINK TO DICHLOROMETHANE POISONING .,NO
3589,what conditions do those working in that factory ship experience ?,WHAT CONDITION DO THOSE WORK IN THAT FACTORY SHIP EXPERIENCE ?,NO
3991,"nowhere is that more important than in medical science , and that goes , too , for mental health .","DESC-NOWHERE BE THAT MORE DESC-IMPORTANT THAN IN DESC-MEDICAL SCIENCE , AND THAT GO , DESC-TOO , FOR DESC-MENTAL HEALTH .",NO
3997,and finally I would like to wish president vaclav havel a rapid recovery from his recent operation .,AND DESC-FINALLY X-I WOULD LIKE TO WISH PRESIDENT VACLAV HAVEL DESC-RAPID RECOVERY FROM X-HE DESC-RECENT OPERATION .,YES
4033,"the question of smuggling people , drugs and children , child trafficking and the like .","QUESTION SMUGGLING PEOPLE , DRUG AND CHILD , CHILD TRAFFICKING AND LIKE .",NO
4041,václav havel is gravely ill and has been hospitalised .,Và`CLAV HAVEL BE DESC-GRAVELY DESC-ILL AND HAVE BE HOSPITALISE .,YES
4193,i suggest that this report could have done more for areas of disability that need more work .,X-I SUGGEST THAT THIS REPORT COULD HAVE DO MORE FOR AREA DISABILITY THAT NEED MORE WORK .,NO
4253,the protection of human health must prevail over industrial interests .,PROTECTION DESC-HUMAN HEALTH MUST PREVAIL OVER DESC-INDUSTRIAL INTEREST .,NO
4254,this substance is classified as a category 3 carcinogenic agent .,THIS SUBSTANCE BE CLASSIFY AS CATEGORY 3 DESC-CARCINOGENIC AGENT .,NO
4261,every year in the 27 member states approximately 1 200 000 human beings are destroyed in deliberate abortions .,EVERY YEAR IN 27 MEMBER STATE DESC-APPROXIMATELY 1 200 000 DESC-HUMAN BE BE DESTROY IN DESC-DELIBERATE ABORTION .,NO
4344,"as it is , the eu has no current competence in health matters , nor should it seek them .","AS X-IT BE , EU HAVE NO DESC-CURRENT COMPETENCE IN HEALTH MATTER , NOR SHOULD X-IT SEEK X-Y .",NO
4403,"over 4 200 palestinians have been injured , according to the office for the coordination of humanitarian affairs .","OVER 4 200 PALESTINIAN HAVE BE INJURE , ACCORD TO OFFICE FOR COORDINATION DESC-HUMANITARIAN AFFAIR .",NO
4404,"therefore , providing drinking water is of the utmost necessity .","DESC-REFORE , PROVIDE DRINKING WATER BE DESC-UTMOST NECESSITY .",NO
4783,"palestinians need urgent access to food , medical aid and security .","PALESTINIAN NEED DESC-URGENT ACCESS TO FOOD , DESC-MEDICAL AID AND SECURITY .",NO
4920,"our group , the ppe de group , has supported this idea from the very beginning .","X-WE GROUP , PPE DE GROUP , HAVE SUPPORT THIS IDEA FROM DESC-VERY BEGIN .",NO
4965,agreeing a level of how many dayssupply constitutes a reasonable reserve would be a good start .,AGREE LEVEL HOW DESC-MANY DESC-DAYSSUPPLY CONSTITUTE DESC-REASONABLE RESERVE WOULD BE DESC-GOOD START .,NO
5281,"quality of life also means , however , healthy food .","QUALITY LIFE DESC-ALSO MEAN , DESC-HOWEVER , DESC-HEALTHY FOOD .",NO
5561,we are all aware of the carnage that occurred in srebrenica in 199a bosnian court heard last month from psychologists about how survivors of the srebrenica massacre are intensely traumatised .,X-WE BE ALL DESC-AWARE CARNAGE THAT OCCUR IN SREBRENICA IN 199A BOSNIAN COURT HEAR DESC-LAST MONTH FROM PSYCHOLOGIST ABOUT HOW SURVIVOR SREBRENICA MASSACRE BE DESC-INTENSELY TRAUMATISE .,NO
5721,"mr president , has the commission considered the human health implications of poor implementation of animal welfare regulations ?","MR PRESIDENT , HAVE COMMISSION CONSIDER DESC-HUMAN HEALTH IMPLICATION DESC-POOR IMPLEMENTATION ANIMAL WELFARE REGULATION ?",NO
5722,that would be in the interests of animal welfare and of human health .,THAT WOULD BE IN INTEREST ANIMAL WELFARE AND DESC-HUMAN HEALTH .,NO
5734,i should also like to see the food and veterinary office step up its monitoring efforts .,X-I SHOULD DESC-ALSO LIKE TO SEE FOOD AND DESC-VETERINARY OFFICE STEP DESC-UP X-ITS MONITORING EFFORT .,NO
5759,ro animal experiments represent an important stage in biological and medical research .,RO ANIMAL EXPERIMENT REPRESENT DESC-IMPORTANT STAGE IN DESC-BIOLOGICAL AND DESC-MEDICAL RESEARCH .,NO
5761,this care requires ..,. CARE REQUIRE .,NO
5786,mediterranean diet debate,MEDITERRANEAN DIET DEBATE,NO
5787,the mediterranean diet is a very good one .,MEDITERRANEAN DIET BE DESC-VERY DESC-GOOD ONE .,NO
5788,what is the mediterranean diet ?,WHAT BE MEDITERRANEAN DIET ?,NO
5789,recent medical research has also suggested it may help cut the risk of conditions such as dementia .,DESC-RECENT DESC-MEDICAL RESEARCH HAVE DESC-ALSO SUGGEST X-IT MAY HELP CUT RISK CONDITION DESC-SUCH AS DEMENTIA .,NO
5791,"the commission welcomes this initiative , as it can help to encourage healthy eating habits throughout the eu .","COMMISSION DESC-WELCOME THIS INITIATIVE , AS X-IT CAN HELP TO ENCOURAGE DESC-HEALTHY EAT HABIT THROUGHOUT EU .",NO
5792,"we in europe would do well to draw attention to the healthiest diet , namely the mediterranean diet .","X-WE IN EUROPE WOULD DO DESC-WELL TO DRAW ATTENTION TO DESC-HEALTHIEST DIET , DESC-NAMELY MEDITERRANEAN DIET .",NO
5795,"firstly , the health of the world's population will decline .","DESC-FIRSTLY , HEALTH WORLD X-POSS POPULATION WILL DECLINE .",NO
5800,the international scientific community assures us that the consumption of such produce significantly reduces mortality rates .,DESC-INTERNATIONAL DESC-SCIENTIFIC COMMUNITY ASSURE X-WE THAT CONSUMPTION DESC-SUCH PRODUCE DESC-SIGNIFICANTLY REDUCE MORTALITY RATE .,NO
5801,"however , the number of people who maintain these healthy dietary habits has been falling .","DESC-HOWEVER , NUMBER PEOPLE WHO MAINTAIN SE DESC-HEALTHY DIETARY HABIT HAVE BE FALL .",NO
5804,the mediterranean diet achieves this in full .,MEDITERRANEAN DIET ACHIEVE THIS IN DESC-FULL .,NO
5807,the healthy basis of the diet is also undeniable .,DESC-HEALTHY BASIS DIET BE DESC-ALSO DESC-UNDENIABLE .,NO
5808,the commission's white paper on obesity identified the mediterranean diet as an excellent natural medicine .,COMMISSION X-POSS DESC-WHITE PAPER ON OBESITY IDENTIFY MEDITERRANEAN DIET AS DESC-EXCELLENT DESC-NATURAL MEDICINE .,NO
5813,pl the mediterranean diet also deserves to be protected and promoted for other reasons .,PL MEDITERRANEAN DIET DESC-ALSO DESERVE TO BE PROTECT AND PROMOTE FOR DESC-OR REASON .,NO
5814,over half of the population of the european union are overweight .,OVER HALF POPULATION EUROPEAN UNION BE DESC-OVERWEIGHT .,NO
5815,as many as 15 % are obese .,AS DESC-MANY AS 15 % BE OBESE .,NO
5819,"mr president , diet is known to be an important contributor to good health .","MR PRESIDENT , DIET BE KNOW TO BE DESC-IMPORTANT CONTRIBUTOR TO DESC-GOOD HEALTH .",NO
5820,good diet is especially important in children .,DESC-GOOD DIET BE DESC-ESPECIALLY DESC-IMPORTANT IN CHILD .,NO
5823,"the mediterranean diet brings us health and the joy of living , and also prevents excessive weight gain .","MEDITERRANEAN DIET BRING X-WE HEALTH AND JOY LIVE , AND DESC-ALSO PREVENT DESC-EXCESSIVE WEIGHT GAIN .",NO
6040,i would also like to draw your attention to the repression and harassment of doctors involved in aids research .,X-I WOULD DESC-ALSO LIKE TO DRAW X-YOU ATTENTION TO REPRESSION AND HARASSMENT DOCTOR INVOLVE IN AID RESEARCH .,NO
6164,handicapped citizens cannot use these cards in all eu member states .,HANDICAPPED CITIZEN CAN DESC-NOT USE SE CARD IN ALL EU MEMBER STATE .,NO
6219,there is also a substantial amount of infected pigmeat at one plant .,DESC-RE BE DESC-ALSO DESC-SUBSTANTIAL AMOUNT DESC-INFECTED PIGMEAT AT ONE PLANT .,NO
6911,i must particularly emphasise the objective of creating a care policy that is balanced between the genders .,X-I MUST DESC-PARTICULARLY EMPHASISE OBJECTIVE CREATE CARE POLICY THAT BE BALANCE BETWEEN GENDER .,NO
6960,"eighty per cent were female , and child abuse domains totalled more than 3 000 .","EIGHTY PER CENT BE FEMALE , AND CHILD ABUSE DOMAIN TOTAL MORE THAN 3 000 .",NO
7024,prophylactic and preventative measures are needed in this area .,PROPHYLACTIC AND DESC-PREVENTATIVE MEASURE BE NEED IN THIS AREA .,NO
7055,"secondly , the provision on overriding professional confidentiality would need to be worked out in more detail .","DESC-SECONDLY , PROVISION ON OVERRIDE DESC-PROFESSIONAL CONFIDENTIALITY WOULD NEED TO BE WORK OUT IN MORE DETAIL .",NO
7090,what often seems to be a game can lead to lifelong psychological damage .,WHAT DESC-OFTEN SEEM TO BE GAME CAN LEAD TO DESC-LIFELONG DESC-PSYCHOLOGICAL DAMAGE .,NO
7247,"furthermore , unregistered workers do not benefit from health insurance or pension rights .","DESC-FURRMORE , DESC-UNREGISTERED WORKER DO DESC-NOT BENEFIT FROM HEALTH INSURANCE OR PENSION RIGHTS .",NO
7367,"today it is men , too , who push prams and care for children in hospital .","TODAY X-IT BE MAN , DESC-TOO , WHO PUSH PRAM AND CARE FOR CHILD IN HOSPITAL .",NO
7377,"work of a nursing , caring , educating and teaching nature should be properly valued .","WORK NURSING , CARE , EDUCATE AND TEACH NATURE SHOULD BE DESC-PROPERLY VALUE .",NO
7391,"i would like to see included also other cutting edge fields , such as stem cell research .","X-I WOULD LIKE TO SEE INCLUDE DESC-ALSO DESC-OR CUT EDGE FIELD , DESC-SUCH AS STEM CELL RESEARCH .",NO
7476,"europe needs to make technical improvements in many areas , such as health , sustainable growth and security .","EUROPE NEED TO MAKE DESC-TECHNICAL IMPROVEMENT IN DESC-MANY AREA , DESC-SUCH AS HEALTH , DESC-SUSTAINABLE GROWTH AND SECURITY .",NO
7593,these are crimes that should have tough criminal penalties or extensive reliable care if the perpetrator is mentally ill .,SE BE CRIME THAT SHOULD HAVE DESC-TOUGH DESC-CRIMINAL PENALTY OR DESC-EXTENSIVE DESC-RELIABLE CARE IF PERPETRATOR BE DESC-MENTALLY DESC-ILL .,NO
7605,"nothing is more important than the health , wellbeing and future of our children .","NOTHING BE MORE DESC-IMPORTANT THAN HEALTH , WELLBEING AND FUTURE X-WE CHILD .",NO
8222,you talk about the needs of an ageing population .,X-YOU TALK ABOUT NEED AGEING POPULATION .,NO
8227,"finally , carers work they are unpaid workers .","DESC-FINALLY , CARER WORK X-Y BE DESC-UNPAID WORKER .",NO
8239,"very often , in economically difficult times , young people unfortunately get into drug abuse .","DESC-VERY DESC-OFTEN , IN DESC-ECONOMICALLY DESC-DIFFICULT TIME , DESC-YOUNG PEOPLE DESC-UNFORTUNATELY GET INTO DRUG ABUSE .",NO
8360,"cultural and linguistic diversity must be preserved , as it is the basis for a healthily functioning union .","DESC-CULTURAL AND LINGUISTIC DIVERSITY MUST BE PRESERVE , AS X-IT BE BASIS FOR DESC-HEALTHILY FUNCTION UNION .",NO
8545,contraception must be available for all .,CONTRACEPTION MUST BE DESC-AVAILABLE FOR ALL .,NO
8546,women must have control over their reproductive lives it is so preferable to the alternative of unsafe abortion .,WOMAN MUST HAVE CONTROL OVER X-Y DESC-REPRODUCTIVE LIFE X-IT BE DESC-SO DESC-PREFERABLE TO ALTERNATIVE DESC-UNSAFE ABORTION .,NO
8619,i may be wrong about the possible flu pandemic .,X-I MAY BE DESC-WRONG ABOUT DESC-POSSIBLE FLU PANDEMIC .,NO
8857,priorities in the fight against alzheimer's disease written declaration see minutes,PRIORITY IN FIGHT AGAINST ALZHEIMER X-POSS DISEASE WRITE DECLARATION SEE MINUTE,NO
8987,a low birth rate and longer average life expectancy mean that our society is ageing .,DESC-LOW BIRTH RATE AND DESC-LONGER AVERAGE LIFE EXPECTANCY MEAN THAT X-WE SOCIETY BE AGEING .,NO
9514,they need to be harmonised at european union level in order to avoid the effects of unhealthy competition .,X-Y NEED TO BE HARMONISE AT EUROPEAN UNION LEVEL IN ORDER TO AVOID EFFECT DESC-UNHEALTHY COMPETITION .,NO
9747,subject tobacco control and smoking cessation,SUBJECT TOBACCO CONTROL AND SMOKING CESSATION,NO
9757,"i am anti smoking , not anti smokers .","X-I BE ANTI SMOKING , DESC-NOT ANTI SMOKER .",NO
9758,we all agree they need all the help they can get nicotine replacement therapies etc .,X-WE ALL AGREE X-Y NEED ALL HELP X-Y CAN GET NICOTINE REPLACEMENT RAPY ETC .,NO
9781,the 2003 heatwave claimed tens of thousands of lives .,2003 HEATWAVE CLAIM TEN THOUSAND LIFE .,NO
9820,we can see a need for a european agricultural insurance fund against climate and health risks .,X-WE CAN SEE NEED FOR EUROPEAN DESC-AGRICULTURAL INSURANCE FUND AGAINST CLIMATE AND HEALTH RISK .,NO
9853,"they just allowed people to die , week after week .","X-Y DESC-JUST ALLOW PEOPLE TO DIE , WEEK AFTER WEEK .",NO
9887,this is the most recent scandal in relation to food risks .,THIS BE MOST DESC-RECENT SCANDAL IN RELATION TO FOOD RISK .,NO
9935,"however , open fires and cigarette smoke are far greater sources to a far greater number of people .","DESC-HOWEVER , DESC-OPEN FIRE AND CIGARETTE SMOKE BE DESC-FAR DESC-GREATER SOURCE TO DESC-FAR DESC-GREATER NUMBER PEOPLE .",NO
9991,"everything that is on the label , such as energy , protein , and suchlike , is valuable information .","EVERYTHING THAT BE ON LABEL , DESC-SUCH AS ENERGY , PROTEIN , AND SUCHLIKE , BE DESC-VALUABLE INFORMATION .",NO
9994,"several months ago in this chamber , we debated the increasing numbers of obese people in europe .","DESC-SEVERAL MONTH DESC-AGO IN THIS CHAMBER , X-WE DEBATE INCREASE NUMBER OBESE PEOPLE IN EUROPE .",NO
10008,"however , today we are told that the junk food era is over .","DESC-HOWEVER , TODAY X-WE BE TELL THAT JUNK FOOD ERA BE OVER .",NO
10033,"needless to say , public and animal health should be at the heart of cattle feed legislation .","NEEDLESS TO SAY , PUBLIC AND ANIMAL HEALTH SHOULD BE AT HEART CATTLE FEED LEGISLATION .",NO
10044,we should remember bse and the results of adding meat and bone meal to animal feeds .,X-WE SHOULD REMEMBER BSE AND RESULT ADD MEAT AND BONE MEAL TO ANIMAL FEED .,NO
10050,we ought to ask why the monitoring system did not function correctly and why the contamination arose .,X-WE OUGHT TO ASK WHY MONITORING SYSTEM DO DESC-NOT FUNCTION DESC-CORRECTLY AND WHY CONTAMINATION ARISE .,NO
10102,information on food labels is insufficient .,INFORMATION ON FOOD LABEL BE DESC-INSUFFICIENT .,NO
10107,consumers need to recognise community products and know why they are healthier than others .,CONSUMER NEED TO RECOGNIZE COMMUNITY PRODUCT AND KNOW WHY X-Y BE HEALTHIER THAN DESC-OR .,NO
10128,what we should be doing is promoting quality food .,WHAT X-WE SHOULD BE DO BE PROMOTE QUALITY FOOD .,NO
10291,the prosperity and health of the 23 million citizens of taiwan should not be held hostage for political purposes .,PROSPERITY AND HEALTH 23 MILLION CITIZEN TAIWAN SHOULD DESC-NOT BE HOLD HOSTAGE FOR DESC-POLITICAL PURPOSE .,NO
10311,"a hospital has even come under fire and , according to humanitarian organisations , the overall situation is disastrous .","HOSPITAL HAVE DESC-EVEN COME UNDER FIRE AND , ACCORD TO DESC-HUMANITARIAN ORGANIZATION , DESC-OVERALL SITUATION BE DESC-DISASTROUS .",NO
10327,vote for this text and you are condoning attacks on hospitals and ignoring allegations of war crimes .,VOTE FOR THIS TEXT AND X-YOU BE CONDONE ATTACK ON HOSPITAL AND IGNORE ALLEGATION WAR CRIME .,NO
10336,there were around 500 people in the hospital at the time it was bombarded by artillery .,DESC-RE BE AROUND 500 PEOPLE IN HOSPITAL AT TIME X-IT BE BOMBARD BY ARTILLERY .,NO
10337,"according to the international red cross , the shells hit the paediatric department .","ACCORD TO DESC-INTERNATIONAL RED CROSS , SHELL HIT PAEDIATRIC DEPARTMENT .",NO
10347,there is a lack of medical care and of food .,DESC-RE BE LACK DESC-MEDICAL CARE AND FOOD .,NO
10364,no hospital has been bombed .,NO HOSPITAL HAVE BE BOMB .,NO
10402,there are ongoing reports of the treatment of burmese refugees who enter malaysia .,DESC-RE BE DESC-ONGOING REPORT TREATMENT BURMESE REFUGEE WHO ENTER MALAYSIUM .,NO
10570,the hospitals can no longer operate properly .,HOSPITAL CAN NO DESC-LONGER OPERATE DESC-PROPERLY .,NO
10624,isolation has led only to despair .,ISOLATION HAVE LEAD DESC-ONLY TO DESPAIR .,NO
10650,"we saw schools , factories , homes and a hospital deliberately attacked .","X-WE SEE SCHOOL , FACTORY , HOME AND HOSPITAL DESC-DELIBERATELY ATTACK .",NO
10671,i myself know what it is like to have a healthy child become disabled .,X-I X-MYSELF KNOW WHAT X-IT BE LIKE TO HAVE DESC-HEALTHY CHILD BECOME DESC-DISABLED .,YES
11006,"however , we will try to reinforce the early prevention side in the future .","DESC-HOWEVER , X-WE WILL TRY TO REINFORCE DESC-EARLY PREVENTION SIDE IN FUTURE .",NO
11012,yes .,DESC-YES .,YES
11237,"not only is this an example of inaccurate labelling , it is potentially dangerous for human health .","DESC-NOT DESC-ONLY BE THIS EXAMPLE DESC-INACCURATE LABEL , X-IT BE DESC-POTENTIALLY DESC-DANGEROUS FOR DESC-HUMAN HEALTH .",NO
11261,it can pick you up but it is addictive and leads to economic death .,X-IT CAN PICK X-YOU DESC-UP BUT IT BE DESC-ADDICTIVE AND LEAD TO DESC-ECONOMIC DEATH .,NO
11266,i therefore support the idea of setting up a european health literacy network .,X-I DESC-REFORE SUPPORT IDEA SET DESC-UP EUROPEAN HEALTH LITERACY NETWORK .,NO
11267,"we have all been patients at some point , and we never know when it will happen again .","X-WE HAVE ALL BE PATIENT AT SOME POINT , AND X-WE DESC-NEVER KNOW WHEN X-IT WILL HAPPEN DESC-AGAIN .",NO
11576,mental health short presentation,DESC-MENTAL HEALTH DESC-SHORT PRESENTATION,NO
11577,the figures speak for themselves one in four people will experience some form of mental disorder .,FIGURE SPEAK FOR X-MSELVES ONE IN FOUR PEOPLE WILL EXPERIENCE SOME FORM DESC-MENTAL DISORDER .,NO
11578,"vulnerable and marginalised groups , such as disabled people , are more likely to suffer mental health problems .","DESC-VULNERABLE AND MARGINALISE GROUP , DESC-SUCH AS DESC-DISABLED PEOPLE , BE MORE DESC-LIKELY TO SUFFER DESC-MENTAL HEALTH PROBLEM .",NO
11579,"also , in an ageing europe , neurodegenerative disorders are becoming ever more common .","DESC-ALSO , IN AGEING EUROPE , NEURODEGENERATIVE DISORDER BE BECOME DESC-EVER MORE DESC-COMMON .",NO
11581,we call for emphasis to be placed on the prevention of mental ill health through social intervention .,X-WE CALL FOR EMPHASIS TO BE PLACE ON PREVENTION DESC-MENTAL DESC-ILL HEALTH THROUGH DESC-SOCIAL INTERVENTION .,NO
11582,we call for the member states to empower organisations which represent people with mental health problems .,X-WE CALL FOR MEMBER STATE TO EMPOWER ORGANIZATION WHICH REPRESENT PEOPLE WITH DESC-MENTAL HEALTH PROBLEM .,NO
11588,employers are increasingly aware of the links between wellbeing and productivity .,EMPLOYER BE DESC-INCREASINGLY DESC-AWARE LINK BETWEEN WELLBEING AND PRODUCTIVITY .,NO
11589,csr europe has even created a toolkit for wellbeing in the workplace .,CSR EUROPE HAVE DESC-EVEN CREATE TOOLKIT FOR WELLBEING IN WORKPLACE .,NO
11592,there could be new risks for mental health as a result of the current financial and economic crisis .,DESC-RE COULD BE DESC-NEW RISK FOR DESC-MENTAL HEALTH AS RESULT DESC-CURRENT DESC-FINANCIAL AND DESC-ECONOMIC CRISIS .,NO
11595,the second thematic conference on the prevention of depression and suicide will be organised with hungary in december .,DESC-SECOND DESC-MATIC CONFERENCE ON PREVENTION DEPRESSION AND SUICIDE WILL BE ORGANISE WITH DESC-HUNGARY IN DECEMBER .,NO
11599,one in four people suffer from mental health problems at least once in their life .,ONE IN FOUR PEOPLE SUFFER FROM DESC-MENTAL HEALTH PROBLEM AT DESC-LEAST DESC-ONCE IN X-Y LIFE .,NO
11600,"this entails promoting healthy lifestyles , and listening to children and young people and paying attention to them .","THIS ENTAIL PROMOTE DESC-HEALTHY LIFESTYLE , AND LISTEN TO CHILD AND DESC-YOUNG PEOPLE AND PAY ATTENTION TO X-Y .",NO
11601,mental health disorders also often lead to disability and can thus cause a significant economic burden on society .,DESC-MENTAL HEALTH DISORDER DESC-ALSO DESC-OFTEN LEAD TO DISABILITY AND CAN DESC-THUS CAUSE DESC-SIGNIFICANT DESC-ECONOMIC BURDEN ON SOCIETY .,NO
11602,"mental illnesses , a flood of suicides and depression have become a threat to contemporary society .","DESC-MENTAL ILLNESS , FLOOD SUICIDE AND DEPRESSION HAVE BECOME THREAT TO DESC-CONTEMPORARY SOCIETY .",NO
11603,i think that we should take far reaching steps to defeat these diseases of civilisation .,X-I THINK THAT X-WE SHOULD TAKE DESC-FAR REACH STEP TO DEFEAT SE DISEASE CIVILISATION .,NO
11604,mental health and wellbeing are a major challenge during this century we are living in .,DESC-MENTAL HEALTH AND WELLBEING BE DESC-MAJOR CHALLENGE DURING THIS CENTURY X-WE BE DESC-LIVE IN .,NO
11605,"the world health organisation estimates that mental disorders will account for 15 % of all illness by 20when we talk about health , we are usually referring to physical wellbeing .","WORLD HEALTH ORGANIZATION ESTIMATE THAT DESC-MENTAL DISORDER WILL ACCOUNT FOR 15 % ALL ILLNESS BY DESC-20WHEN X-WE TALK ABOUT HEALTH , X-WE BE DESC-USUALLY REFER TO DESC-PHYSICAL WELLBEING .",NO
11606,"parliament's initiative to improve information on mental health is a very positive step , therefore .","PARLIAMENT X-POSS INITIATIVE TO IMPROVE INFORMATION ON DESC-MENTAL HEALTH BE DESC-VERY DESC-POSITIVE STEP , DESC-REFORE .",NO
11692,why look for public health issues where there is no reason for there to be any ?,WHY LOOK FOR PUBLIC HEALTH ISSUE WHERE DESC-RE BE NO REASON FOR DESC-RE TO BE ANY ?,NO
11729,"as we know , higher vat rates in this area will primarily serve to protect public health .","AS X-WE KNOW , DESC-HIGHER VAT RATE IN THIS AREA WILL DESC-PRIMARILY SERVE TO PROTECT PUBLIC HEALTH .",NO
11789,the same goes for some equipment for people with disabilities these provisions are heading in the right direction .,DESC-SAME GO FOR SOME EQUIPMENT FOR PEOPLE WITH DISABILITY SE PROVISION BE HEAD IN DESC-RIGHT DIRECTION .,NO
11817,mental health,DESC-MENTAL HEALTH,NO
11931,but I am afraid the coalface delivery of mental health services continues to be completely unfit for purposes .,BUT X-I BE DESC-AFRAID COALFACE DELIVERY DESC-MENTAL HEALTH SERVICE CONTINUE TO BE DESC-COMPLETELY DESC-UNFIT FOR PURPOSE .,NO
11933,"madam president , one in four people experience mental health problems at least once in their lives .","MADAM PRESIDENT , ONE IN FOUR PEOPLE EXPERIENCE DESC-MENTAL HEALTH PROBLEM AT DESC-LEAST DESC-ONCE IN X-Y LIFE .",NO
11936,"pl madam president , 90 % of suicides are the result of mental health problems .","PL MADAM PRESIDENT , 90 % SUICIDE BE RESULT DESC-MENTAL HEALTH PROBLEM .",NO
12032,in writing . mental ill health affects a staggering one in four people .,DESC-MENTAL DESC-ILL HEALTH AFFECT STAGGER ONE IN FOUR PEOPLE .,NO
12033,stigmatisation of and discrimination against those who suffer from mental ill health still persists .,STIGMATISATION AND DISCRIMINATION AGAINST THOSE WHO SUFFER FROM DESC-MENTAL DESC-ILL HEALTH DESC-STILL PERSIST .,NO
12035,so promoting mental health in children is an investment for the future .,DESC-SO PROMOTE DESC-MENTAL HEALTH IN CHILD BE INVESTMENT FOR FUTURE .,NO
12036,there is now an ever increasing awareness that there is no health without mental health .,DESC-RE BE DESC-NOW DESC-EVER INCREASE AWARENESS THAT DESC-RE BE NO HEALTH WITHOUT DESC-MENTAL HEALTH .,NO
12038,one in four people will experience some form of mental disorder at least once in their lives,ONE IN FOUR PEOPLE WILL EXPERIENCE SOME FORM DESC-MENTAL DISORDER AT DESC-LEAST DESC-ONCE IN X-Y LIFE,NO
12040,in writing . the tzampazi report deals with an important health issue .,TZAMPAZUS REPORT DEAL WITH DESC-IMPORTANT HEALTH ISSUE .,NO
12041,"similarly , it is said that by 2010 depression will become the most common illness in modern society .","DESC-SIMILARLY , X-IT BE SAY THAT BY 2010 DEPRESSION WILL BECOME MOST DESC-COMMON ILLNESS IN DESC-MODERN SOCIETY .",NO
12042,the average figure for poor countries is 0.05 psychiatrists per 100 000 inhabitants .,AVERAGE FIGURE FOR DESC-POOR COUNTRY BE 0.05 PSYCHIATRIST PER 100 000 INHABITANT .,NO
12043,the problem is exacerbated in very many countries by the migration of specialist medical staff .,PROBLEM BE EXACERBATE IN DESC-VERY DESC-MANY COUNTRY BY MIGRATION SPECIALIST DESC-MEDICAL STAFF .,NO
12044,one person in four will experience some form of mental health disorder at least once in their lives .,ONE PERSON IN FOUR WILL EXPERIENCE SOME FORM DESC-MENTAL HEALTH DISORDER AT DESC-LEAST DESC-ONCE IN X-Y LIFE .,NO
12045,we need to focus as much on mental health issues as we do on physical health .,X-WE NEED TO FOCUS AS DESC-MUCH ON DESC-MENTAL HEALTH ISSUE AS X-WE DO ON DESC-PHYSICAL HEALTH .,NO
12048,women and men who voluntarily make the decision to care for sick family members should receive financial compensation .,WOMAN AND MAN WHO DESC-VOLUNTARILY MAKE DECISION TO CARE FOR DESC-SICK FAMILY MEMBER SHOULD RECEIVE DESC-FINANCIAL COMPENSATION .,NO
12150,taiwan is a prosperous democracy with a top quality public health system .,TAIWAN BE DESC-PROSPEROUS DEMOCRACY WITH TOP QUALITY PUBLIC HEALTH SYSTEM .,NO
12376,"yet in ireland we have the very opposite situation , with a 16.5 % cut in undergraduate nursing places .","DESC-YET IN IRELAND X-WE HAVE DESC-VERY OPPOSITE SITUATION , WITH 16.5 % CUT IN UNDERGRADUATE NURSING PLACE .",NO
12799,increased efforts are required to improve their living conditions and access to education and health services .,INCREASE EFFORT BE REQUIRE TO IMPROVE X-Y LIVE CONDITION AND ACCESS TO EDUCATION AND HEALTH SERVICE .,NO
12804,the unusual reactions which we have seen in italy are a warning .,DESC-UNUSUAL REACTION WHICH X-WE HAVE SEE IN DESC-ITALY BE WARN .,NO
12944,decision on urgent procedure,DECISION ON DESC-URGENT PROCEDURE,NO
12986,the committee was clear with regard to noise and health .,COMMITTEE BE DESC-CLEAR WITH REGARD TO NOISE AND HEALTH .,NO
13060,this situation has caused a serious impact on the environment and on the health of european citizens .,THIS SITUATION HAVE CAUSE DESC-SERIOUS IMPACT ON ENVIRONMENT AND ON HEALTH EUROPEAN CITIZEN .,NO
13129,that amendment will save money at a critical time for health budgets .,THAT AMENDMENT WILL SAVE MONEY AT DESC-CRITICAL TIME FOR HEALTH BUDGET .,NO
13422,it is also important to note the negative effects on health associated with gambling .,X-IT BE DESC-ALSO DESC-IMPORTANT TO NOTE DESC-NEGATIVE EFFECT ON HEALTH ASSOCIATE WITH GAMBLING .,NO
13423,"as a medical doctor , I am well aware of the damaging characteristics of obsessive or addictive gambling .","AS DESC-MEDICAL DOCTOR , X-I BE DESC-WELL DESC-AWARE DAMAGE DESC-CHARACTERISTIC DESC-OBSESSIVE OR DESC-ADDICTIVE GAMBLING .",NO
13468,this level of schizophrenia is quite beyond us .,THIS LEVEL SCHIZOPHRENIA BE DESC-QUITE BEYOND X-WE .,YES
13604,the issue of harmonising and mutually recognising standards with regard to food is very important for ensuring human health .,ISSUE HARMONISE AND DESC-MUTUALLY RECOGNIZE STANDARD WITH REGARD TO FOOD BE DESC-VERY DESC-IMPORTANT FOR ENSURE DESC-HUMAN HEALTH .,NO
13605,"only , the termhealthy fooddoes itself appear to be paradoxical .","DESC-ONLY , TERMHEALTHY FOODDO X-ITSELF APPEAR TO BE DESC-PARADOXICAL .",NO
13606,can anything that is not healthy to humans be described asfood?,CAN ANYTHING THAT BE DESC-NOT DESC-HEALTHY TO DESC-HUMAN BE DESCRIBE ASFOOD ?,NO
13791,i wish to add straight away that this is no miracle cure .,X-I WISH TO ADD DESC-STRAIGHT DESC-AWAY THAT THIS BE NO MIRACLE CURE .,NO
13857,health impacts along transit routes have been documented and that is our call to action .,HEALTH IMPACT ALONG TRANSIT ROUTE HAVE BE DOCUMENT AND THAT BE X-WE CALL TO ACTION .,NO
14204,the care a child receives in the earliest years will have an impact on him or her throughout life .,CARE CHILD RECEIVE IN DESC-EARLIEST YEAR WILL HAVE IMPACT ON X-HE OR X-SHE THROUGHOUT LIFE .,NO
14215,it also brings advantages for children in terms of their healthy development .,X-IT DESC-ALSO BRING ADVANTAGE FOR CHILD IN TERM X-Y DESC-HEALTHY DEVELOPMENT .,NO
14233,"many of them live in poor families without any proper provision for food , healthcare and education .","DESC-MANY X-Y DESC-LIVE IN DESC-POOR FAMILY WITHOUT ANY DESC-PROPER PROVISION FOR FOOD , HEALTHCARE AND EDUCATION .",NO
14237,"1. available , but above all , accessible , whether free or at an affordable cost , and","DESC-AVAILABLE , BUT ABOVE ALL , DESC-ACCESSIBLE , WHER DESC-FREE OR AT DESC-AFFORDABLE COST , AND",NO
14249,a modern family policy for the 21st century should also promote the healthy development of children .,DESC-MODERN FAMILY POLICY FOR DESC-21ST CENTURY SHOULD DESC-ALSO PROMOTE DESC-HEALTHY DEVELOPMENT CHILD .,NO
14259,"this weekend , I heard a talk from a leading scottish psychiatrist and also someone from barnardo's .","THIS WEEKEND , X-I HEAR TALK FROM LEAD SCOTTISH PSYCHIATRIST AND DESC-ALSO SOMEONE FROM BARNARDO X-POSS .",NO
14262,"things have gradually improved , with the adoption of qualitative methodologies resulting from care staff receiving specialist training .","THING HAVE DESC-GRADUALLY IMPROVE , WITH ADOPTION DESC-QUALITATIVE METHODOLOGY RESULT FROM CARE STAFF RECEIVE SPECIALIST TRAINING .",NO
14289,the adverse consequences of the parentsdeparture are primarily felt by children at a psychological level .,DESC-ADVERSE CONSEQUENCE PARENTSDEPARTURE BE DESC-PRIMARILY FEEL BY CHILD AT DESC-PSYCHOLOGICAL LEVEL .,NO
14293,member states must reinforce preventative measures and focus on the most vulnerable families .,MEMBER STATE MUST REINFORCE DESC-PREVENTATIVE MEASURE AND FOCUS ON MOST DESC-VULNERABLE FAMILY .,NO
14322,young children must be together with their family to benefit from the direct supervision and care of their parents .,DESC-YOUNG CHILD MUST BE DESC-TOGER WITH X-Y FAMILY TO BENEFIT FROM DESC-DIRECT SUPERVISION AND CARE X-Y PARENT .,NO
14669,"the ppe de would like to maintain this integrated financial approach , rather than bring about any more fragmentation .","PPE DE WOULD LIKE TO MAINTAIN THIS INTEGRATE DESC-FINANCIAL APPROACH , DESC-RAR THAN BRING ABOUT ANY MORE FRAGMENTATION .",NO
15015,"however , you can see from the reaction of the ppe de group that there was a mood of excitement .","DESC-HOWEVER , X-YOU CAN SEE FROM REACTION PPE DE GROUP THAT DESC-RE BE MOOD EXCITEMENT .",NO
15706,"subject improvement of quality , availability and financing of long term care","SUBJECT IMPROVEMENT QUALITY , AVAILABILITY AND FINANCING DESC-LONG TERM CARE",NO
15708,the presidency is fully aware of the importance of long term care in the context of an ageing population .,PRESIDENCY BE DESC-FULLY DESC-AWARE IMPORTANCE DESC-LONG TERM CARE IN CONTEXT AGEING POPULATION .,NO
15716,i think member states could provide training and counselling opportunities to family carers .,X-I THINK MEMBER STATE COULD PROVIDE TRAINING AND COUNSELLING OPPORTUNITY TO FAMILY CARER .,NO
15719,the care provided by both informal and professional carers must be appreciated and organised by society .,CARE PROVIDE BY BOTH DESC-INFORMAL AND DESC-PROFESSIONAL CARER MUST BE APPRECIATE AND ORGANISE BY SOCIETY .,NO
15734,the sps is a separate agreement containing basic rules on food safety and animal and plant health standards .,SP BE DESC-SEPARATE AGREEMENT CONTAIN DESC-BASIC RULE ON FOOD SAFETY AND ANIMAL AND PLANT HEALTH STANDARD .,NO
15773,green paper on the european workforce for health debate,DESC-GREEN PAPER ON EUROPEAN WORKFORCE FOR HEALTH DEBATE,NO
15774,the next item is the green paper on the european workforce for health .,NEXT ITEM BE DESC-GREEN PAPER ON EUROPEAN WORKFORCE FOR HEALTH .,NO
15775,we need to reflect on the reasons why young people are not motivated to become health workers .,X-WE NEED TO REFLECT ON REASON WHY DESC-YOUNG PEOPLE BE DESC-NOT MOTIVATE TO BECOME HEALTH WORKER .,NO
15781,"the solution cannot simply be to attract health workers from developing countries , where the shortage is even greater .","SOLUTION CAN DESC-NOT DESC-SIMPLY BE TO ATTRACT HEALTH WORKER FROM DEVELOP COUNTRY , WHERE SHORTAGE BE DESC-EVEN DESC-GREATER .",NO
15785,the key to this will be to find ways of recruiting and retaining healthcare professionals .,KEY TO THIS WILL BE TO FIND WAY RECRUITING AND RETAIN HEALTHCARE DESC-PROFESSIONAL .,NO
15795,it concerns the health professionals .,X-IT CONCERN HEALTH DESC-PROFESSIONAL .,NO
15797,we need to look at ways of bringing those ancillary health professionals into the centre of our planning .,X-WE NEED TO LOOK AT WAY BRING THOSE DESC-ANCILLARY HEALTH DESC-PROFESSIONAL INTO CENTER X-WE PLANNING .,NO
15802,we need to look at the safety of health professionals .,X-WE NEED TO LOOK AT SAFETY HEALTH DESC-PROFESSIONAL .,NO
15803,we know from talking to midwives recently about the difficulty of getting professional indemnity insurance .,X-WE KNOW FROM TALK TO MIDWIFE DESC-RECENTLY ABOUT DIFFICULTY GET DESC-PROFESSIONAL INDEMNITY INSURANCE .,NO
15814,there are plenty of reasons for more european involvement in the area of public health .,DESC-RE BE DESC-PLENTY REASON FOR MORE EUROPEAN INVOLVEMENT IN AREA PUBLIC HEALTH .,NO
15815,"every year , alcohol abuse claims 195 000 lives and costs the european economy eur 125 billion .","EVERY YEAR , ALCOHOL ABUSE CLAIM 195 000 LIFE AND COST EUROPEAN ECONOMY EUR 125 BILLION .",NO
15817,"there are also european trends , though , for example in the case of alcohol abuse among young people .","DESC-RE BE DESC-ALSO EUROPEAN TREND , THOUGH , FOR EXAMPLE IN CASE ALCOHOL ABUSE AMONG DESC-YOUNG PEOPLE .",NO
15824,the first victims of this commercialised health system are the very people who work in this sector .,DESC-FIRST VICTIM THIS DESC-COMMERCIALISED HEALTH SYSTEM BE DESC-VERY PEOPLE WHO WORK IN THIS SECTOR .,NO
15826,"health is a social value , not a commercial commodity .","HEALTH BE DESC-SOCIAL VALUE , DESC-NOT DESC-COMMERCIAL COMMODITY .",NO
15827,health workers provide a social service and are not a means of generating profit .,HEALTH WORKER PROVIDE DESC-SOCIAL SERVICE AND BE DESC-NOT MEANS GENERATE PROFIT .,NO
15834,these are the people who care for dependant older people and those with disabilities .,SE BE PEOPLE WHO CARE FOR DEPENDANT DESC-OLDER PEOPLE AND THOSE WITH DISABILITY .,NO
15836,"as europe ages and the number of people with disabilities increases , we cannot take them for granted .","AS EUROPE AGE AND NUMBER PEOPLE WITH DISABILITY INCREASE , X-WE CAN DESC-NOT TAKE X-Y FOR GRANT .",NO
15837,the only way we are going to keep these essential carers is if we support them in their work .,DESC-ONLY WAY X-WE BE GO TO KEEP SE DESC-ESSENTIAL CARER BE IF X-WE SUPPORT X-Y IN X-Y WORK .,NO
15838,"finally , our health force is more important than ever .","DESC-FINALLY , X-WE HEALTH FORCE BE MORE DESC-IMPORTANT THAN DESC-EVER .",NO
15840,"pl madam president , the shortage of healthcare staff is a global phenomenon .","PL MADAM PRESIDENT , SHORTAGE HEALTHCARE STAFF BE DESC-GLOBAL PHENOMENON .",NO
15842,it is therefore very important to regulate the principles of cross border medical care .,X-IT BE DESC-REFORE DESC-VERY DESC-IMPORTANT TO REGULATE PRINCIPLE CROSS BORDER DESC-MEDICAL CARE .,NO
15844,i think the proposal to establish a reference network for health personnel is expedient .,X-I THINK PROPOSAL TO ESTABLISH REFERENCE NETWORK FOR HEALTH PERSONNEL BE EXPEDIENT .,NO
15846,europe faces a number of challenges in sustaining and improving our healthcare services .,EUROPE FACE NUMBER CHALLENGE IN SUSTAIN AND IMPROVE X-WE HEALTHCARE SERVICE .,NO
15848,the importance of improved healthcare research and data across europe cannot be stressed enough .,IMPORTANCE IMPROVE HEALTHCARE RESEARCH AND DATUM ACROSS EUROPE CAN DESC-NOT BE STRESS DESC-ENOUGH .,NO
15849,we cannot allow doctors to be on duty for too long .,X-WE CAN DESC-NOT ALLOW DOCTOR TO BE ON DUTY FOR DESC-TOO DESC-LONG .,NO
15850,i would also like to draw attention to the question of health promotion .,X-I WOULD DESC-ALSO LIKE TO DRAW ATTENTION TO QUESTION HEALTH PROMOTION .,NO
15851,promoting a healthy lifestyle is a good prophylactic method which can prevent a variety of diseases and illnesses .,PROMOTE DESC-HEALTHY LIFESTYLE BE DESC-GOOD PROPHYLACTIC METHOD WHICH CAN PREVENT VARIETY DISEASE AND ILLNESS .,NO
15853,the rest of their doctors are all in the united states of america .,REST X-Y DOCTOR BE ALL IN UNITE STATE AMERICA .,NO
15881,"i have here with me a unicef brochure which dates from 200however , in the main , its statements still hold true and are striking .","X-I HAVE DESC-HERE WITH X-I UNICEF BROCHURE WHICH DATE FROM DESC-200HOWEVER , IN DESC-MAIN , X-ITS STATEMENT DESC-STILL HOLD DESC-TRUE AND BE STRIKE .",NO
15898,this means that one child dies every 15 seconds .,THIS MEAN THAT ONE CHILD DIE EVERY 15 SECONDS .,NO
15900,"unless this need is met , there is no point in talking about improving healthcare or developing education .","UNLESS THIS NEED BE MEET , DESC-RE BE NO POINT IN TALK ABOUT IMPROVE HEALTHCARE OR DEVELOP EDUCATION .",NO
15927,"the vote will take place on thursday , 12 march 200this is wholly attributable to their weak healthcare systems and the human resources crisis that is sweeping that sector .","VOTE WILL TAKE PLACE ON THURSDAY , 12 MARCH 200THUS BE DESC-WHOLLY DESC-ATTRIBUTABLE TO X-Y DESC-WEAK HEALTHCARE SYSTEM AND DESC-HUMAN RESOURCE CRISIS THAT BE SWEEP THAT SECTOR .",NO
15928,it is therefore abundantly clear that investing in health systems is essential in the fight against poverty .,X-IT BE DESC-REFORE DESC-ABUNDANTLY DESC-CLEAR THAT INVEST IN HEALTH SYSTEM BE DESC-ESSENTIAL IN FIGHT AGAINST POVERTY .,NO
15930,"firstly , the budget for healthcare must be increased .","DESC-FIRSTLY , BUDGET FOR HEALTHCARE MUST BE INCREASE .",NO
15934,"nonetheless , budgetary support very much has the potential of meeting the shortcomings in southern healthcare systems .","DESC-NONELESS , DESC-BUDGETARY SUPPORT DESC-VERY DESC-MUCH HAVE POTENTIAL MEET SHORTCOMING IN DESC-SOURN HEALTHCARE SYSTEM .",NO
15935,"whilst sectoral budgetary support can really target health systems , it is hardly used in sub saharan africa .","WHILST SECTORAL DESC-BUDGETARY SUPPORT CAN DESC-REALLY TARGET HEALTH SYSTEM , X-IT BE DESC-HARDLY USE IN SUB SAHARAN AFRICA .",NO
15938,"fourthly , the healthcare sector must be better coordinated .","DESC-FOURTHLY , HEALTHCARE SECTOR MUST BE DESC-BETTER COORDINATE .",NO
15940,"doubtless , child mortality will be reduced by effective health service interventions , vaccinations in particular .","DOUBTLESS , CHILD MORTALITY WILL BE REDUCE BY DESC-EFFECTIVE HEALTH SERVICE INTERVENTION , VACCINATION IN DESC-PARTICULAR .",NO
15945,it might not be the health sector but education or water and sanitation .,X-IT MIGHT DESC-NOT BE HEALTH SECTOR BUT EDUCATION OR WATER AND SANITATION .,NO
15955,"it is not just tb , aids and malaria , but all the other diseases .","X-IT BE DESC-NOT DESC-JUST TB , AID AND MALARIA , BUT ALL DESC-OR DISEASE .",NO
15958,"child mortality in swaziland was 78 / 1000 in 1997 , compared to 86 / 1000 now .","CHILD MORTALITY IN SWAZILAND BE 78 1000 IN 1997 , COMPARE TO 86 1000 DESC-NOW .",NO
15959,"in lesotho , life expectancy in the mid 90s was 60 , now only in kenya , more than 1 in 10 children die before the age of five .","IN LESOTHO , LIFE EXPECTANCY IN MID 90 BE 60 , DESC-NOW DESC-ONLY IN KENYA , MORE THAN 1 IN 10 CHILD DIE BEFORE AGE FIVE .",NO
15964,"that is why , commissioner , it is vital that we change the numbers in our health cooperation .","THAT BE WHY , COMMISSIONER , X-IT BE DESC-VITAL THAT X-WE CHANGE NUMBER IN X-WE HEALTH COOPERATION .",NO
15965,it is the issue of health conditions for the tuareg people in niger .,X-IT BE ISSUE HEALTH CONDITION FOR TUAREG PEOPLE IN NIGER .,NO
16015,we are also asking if the european union can help to deliver desperately needed food and medicines .,X-WE BE DESC-ALSO ASK IF EUROPEAN UNION CAN HELP TO DELIVER DESC-DESPERATELY NEED FOOD AND MEDICINE .,NO
16081,but the north was not ready officially mr prabhakaran had measles or chicken pox .,BUT DESC-NORTH BE DESC-NOT DESC-READY DESC-OFFICIALLY MR PRABHAKARAN HAVE MEASLES OR CHICKEN POX .,YES
16370,schools suffered arson attacks and hospitals and mosques of the muslim minority were attacked .,SCHOOL SUFFER ARSON ATTACK AND HOSPITAL AND MOSQUE MUSLIM MINORITY BE ATTACK .,NO
16465,ec development assistance to health services in sub saharan africa vote,EC DEVELOPMENT ASSISTANCE TO HEALTH SERVICE IN SUB SAHARAN AFRICA VOTE,NO
16650,these provide for the halving by 2015 of the proportion of people without access to safe drinking water .,SE PROVIDE FOR HALVING BY 2015 PROPORTION PEOPLE WITHOUT ACCESS TO DESC-SAFE DRINKING WATER .,NO
16664,"too many people , in 2009 , in the developing world have no access to clean drinking water .","DESC-TOO DESC-MANY PEOPLE , IN 2009 , IN DEVELOP WORLD HAVE NO ACCESS TO DESC-CLEAN DRINKING WATER .",NO
16671,"basic healthcare infrastructure needs stable , long term financial support if the health related mdgs are to be delivered .","DESC-BASIC HEALTHCARE INFRASTRUCTURE NEED DESC-STABLE , DESC-LONG TERM DESC-FINANCIAL SUPPORT IF HEALTH RELATE MDG BE TO BE DELIVER .",NO
16672,"indeed , this must include access to sexual and reproductive health services .","DESC-INDEED , THIS MUST INCLUDE ACCESS TO DESC-SEXUAL AND DESC-REPRODUCTIVE HEALTH SERVICE .",NO
16673,i voted to adopt the resolution on an approach to health services in sub saharan africa .,X-I VOTE TO ADOPT RESOLUTION ON APPROACH TO HEALTH SERVICE IN SUB SAHARAN AFRICA .,NO
16674,"often , the average life expectancy in individual countries is similar to that in medieval europe .","DESC-OFTEN , AVERAGE LIFE EXPECTANCY IN INDIVIDUAL COUNTRY BE DESC-SIMILAR TO THAT IN MEDIEVAL EUROPE .",NO
16706,"the state's inhabitants live in chaos and there is a shortage of water , medicine and schools .","STATE X-POSS INHABITANT DESC-LIVE IN CHAOS AND DESC-RE BE SHORTAGE WATER , MEDICINE AND SCHOOL .",NO
16801,witnesses have reported cases of diarrhoea in the zam zam camp and cases of meningitis in the kalma camp .,WITNESS HAVE REPORT CASE DIARRHOEA IN ZAM ZAM CAMP AND CASE MENINGITIS IN KALMA CAMP .,NO
16909,are we doing enough to protect those who are at risk ?,BE X-WE DO DESC-ENOUGH TO PROTECT THOSE WHO BE AT RISK ?,NO
17064,thirdly I would like to reassure parliament concerning the important matter of access to medicines .,DESC-THIRDLY X-I WOULD LIKE TO REASSURE PARLIAMENT CONCERN DESC-IMPORTANT MATTER ACCESS TO MEDICINE .,NO
17212,this is something we already have for pharmaceutical products .,THIS BE SOMETHING X-WE DESC-ALREADY HAVE FOR DESC-PHARMACEUTICAL PRODUCT .,NO
17239,it was brought onto the market without sufficient explanation of the risks .,X-IT BE BRING ONTO MARKET WITHOUT DESC-SUFFICIENT EXPLANATION RISK .,NO
17252,it is a highly important document for protecting consumer health .,X-IT BE DESC-HIGHLY DESC-IMPORTANT DOCUMENT FOR PROTECT CONSUMER HEALTH .,NO
17255,these can have both positive and negative effects on human health .,SE CAN HAVE BOTH DESC-POSITIVE AND DESC-NEGATIVE EFFECT ON DESC-HUMAN HEALTH .,NO
17256,we should also think very carefully about using materials whose mutagenic and toxic effects cannot be ruled out .,X-WE SHOULD DESC-ALSO THINK DESC-VERY DESC-CAREFULLY ABOUT USE MATERIAL WHOSE DESC-MUTAGENIC AND DESC-TOXIC EFFECT CAN DESC-NOT BE RULE OUT .,NO
17273,it is as though the industry has tried to stifle the debate on the safety of nanomaterials .,X-IT BE AS THOUGH INDUSTRY HAVE TRY TO STIFLE DEBATE ON SAFETY NANOMATERIAL .,NO
17319,no one wants us to lose our high hygiene standards .,NO ONE WANT X-WE TO LOSE X-WE DESC-HIGH HYGIENE STANDARD .,NO
17322,having a limited choice of effective compounds will only serve to increase resistance levels .,HAVE DESC-LIMITED CHOICE DESC-EFFECTIVE COMPOUND WILL DESC-ONLY SERVE TO INCREASE RESISTANCE LEVEL .,NO
17363,"there is a shortage of managers , doctors , teachers and technicians .","DESC-RE BE SHORTAGE MANAGER , DOCTOR , TEACHER AND TECHNICIAN .",NO
17365,"down there , everything continues to fall apart , destitution spreads , disease kills and water is short .","DESC-DOWN DESC-RE , EVERYTHING CONTINUE TO FALL DESC-APART , DESTITUTION SPREAD , DISEASE KILL AND WATER BE DESC-SHORT .",NO
17471,"furthermore , it appears that budget support has been very little used for the health sector in sub saharan africa .","DESC-FURRMORE , X-IT APPEAR THAT BUDGET SUPPORT HAVE BE DESC-VERY DESC-LITTLE USE FOR HEALTH SECTOR IN SUB SAHARAN AFRICA .",NO
17583,we do not want palliative proposals such aspricking.,X-WE DO DESC-NOT WANT DESC-PALLIATIVE PROPOSAL DESC-SUCH ASPRICK .,NO
17592,"each year in europe , 180 000 migrant women suffer or are at risk from suffering genital mutilation .","EACH YEAR IN EUROPE , 180 000 MIGRANT WOMAN SUFFER OR BE AT RISK FROM SUFFER DESC-GENITAL MUTILATION .",NO
17594,"at the same time , actual or potential victims must be given access to legal and medical assistance .","AT DESC-SAME TIME , DESC-ACTUAL OR POTENTIAL VICTIM MUST BE GIVE ACCESS TO DESC-LEGAL AND DESC-MEDICAL ASSISTANCE .",NO
17990,combating female genital mutilation in the eu,COMBATE FEMALE DESC-GENITAL MUTILATION IN EU,NO
18081,for a long time we thought that the only thing that affected us was what we swallowed .,FOR DESC-LONG TIME X-WE THINK THAT DESC-ONLY THING THAT AFFECT X-WE BE WHAT X-WE SWALLOW .,NO
18249,another objective is to increase the safety of cosmetic products .,ANOR OBJECTIVE BE TO INCREASE SAFETY COSMETIC PRODUCT .,NO
18258,would it not be better to reduce smoking by educating people rather than by taxing them ?,WOULD X-IT DESC-NOT BE DESC-BETTER TO REDUCE SMOKING BY EDUCATE PEOPLE DESC-RAR THAN BY TAX X-Y ?,NO
18260,either it is health that takes precedence or it is the market .,EIR X-IT BE HEALTH THAT TAKE PRECEDENCE OR X-IT BE MARKET .,NO
18262,i very much welcome the gradual increase in the tax on cigarettes and other tobacco products from 2014 onwards .,X-I DESC-VERY DESC-MUCH DESC-WELCOME DESC-GRADUAL INCREASE IN TAX ON CIGARETTE AND DESC-OR TOBACCO PRODUCT FROM 2014 DESC-ONWARD .,NO
18263,experience has shown that a policy of high prices is not an effective method of combating nicotine addiction .,EXPERIENCE HAVE SHOW THAT POLICY DESC-HIGH PRICE BE DESC-NOT DESC-EFFECTIVE METHOD COMBATE NICOTINE ADDICTION .,NO
18270,i then chose to abstain in the final vote on the new tobacco duties .,X-I DESC-N CHOOSE TO ABSTAIN IN DESC-FINAL VOTE ON DESC-NEW TOBACCO DUTY .,NO
18274,"approximately 100 140 million women and girls worldwide have undergone the practice , while 4 million are potentially at risk .","DESC-APPROXIMATELY 100 140 MILLION WOMAN AND GIRL WORLDWIDE HAVE UNDERGO PRACTICE , WHILE 4 MILLION BE DESC-POTENTIALLY AT RISK .",NO
18276,in writing . it is hard to think of anything more horrific and primitive than female genital mutilation .,X-IT BE DESC-HARD TO THINK ANYTHING MORE DESC-HORRIFIC AND DESC-PRIMITIVE THAN FEMALE DESC-GENITAL MUTILATION .,NO
18279,in writing . I support this report which takes up the serious problem of female genital mutilation .,X-I SUPPORT THIS REPORT WHICH TAKE DESC-UP DESC-SERIOUS PROBLEM FEMALE DESC-GENITAL MUTILATION .,NO
18280,fgm has become more common in europe over the past 30 years through migration .,FGM HAVE BECOME MORE DESC-COMMON IN EUROPE OVER PAST 30 YEAR THROUGH MIGRATION .,NO
18286,the purpose of this wording is to prevent female genital mutilation from occurring within the eu .,PURPOSE THIS WORDING BE TO PREVENT FEMALE DESC-GENITAL MUTILATION FROM OCCUR WITHIN EU .,NO
18287,visiting the doctor should be something that is done voluntarily .,VISIT DOCTOR SHOULD BE SOMETHING THAT BE DO DESC-VOLUNTARILY .,NO
18292,we need comprehensive strategies and action plans to allow us to protect women from the archaic tradition of circumcision .,X-WE NEED DESC-COMPREHENSIVE STRATEGY AND ACTION PLAN TO ALLOW X-WE TO PROTECT WOMAN FROM DESC-ARCHAIC TRADITION CIRCUMCISION .,NO
18293,i voted in favour of the report by mrs muscardini on combating female genital mutilation in the eu .,X-I VOTE IN FAVOR REPORT BY MR MUSCARDINUS ON COMBATE FEMALE DESC-GENITAL MUTILATION IN EU .,NO
18296,in writing . female genital mutilation is a practice that must be condemned by the member states .,FEMALE DESC-GENITAL MUTILATION BE PRACTICE THAT MUST BE CONDEMN BY MEMBER STATE .,NO
18300,the intended purpose of this is to prevent female genital mutilation from occurring in the receiving eu member state .,INTEND PURPOSE THIS BE TO PREVENT FEMALE DESC-GENITAL MUTILATION FROM OCCUR IN RECEIVE EU MEMBER STATE .,NO
18301,i believe that enforced medical check ups constitute a massive invasion of privacy .,X-I BELIEVE THAT ENFORCE DESC-MEDICAL CHECK DESC-UP CONSTITUTE DESC-MASSIVE INVASION PRIVACY .,NO
18302,visiting the doctor must be something that is done voluntarily .,VISIT DOCTOR MUST BE SOMETHING THAT BE DO DESC-VOLUNTARILY .,NO
18307,"however , the resolution also calls for support for sexual and reproductive health .","DESC-HOWEVER , RESOLUTION DESC-ALSO CALL FOR SUPPORT FOR DESC-SEXUAL AND DESC-REPRODUCTIVE HEALTH .",NO
18736,maybe you remember the outbreak of foot and mouth disease ?,DESC-MAYBE X-YOU REMEMBER OUTBREAK FOOT AND MOUTH DISEASE ?,NO
18744,we already have the current screening report thank you .,X-WE DESC-ALREADY HAVE DESC-CURRENT SCREENING REPORT THANK X-YOU .,NO
18958,it is my belief that these funds must also be used in a preventative manner .,X-IT BE X-MY BELIEF THAT SE FUND MUST DESC-ALSO BE USE IN DESC-PREVENTATIVE MANNER .,NO
19240,the procedures must protect consumers from the danger of unhealthy food and from being misled .,PROCEDURE MUST PROTECT CONSUMER FROM DANGER DESC-UNHEALTHY FOOD AND FROM BE MISLEAD .,NO
19250,"for this reason , we are calling for a ban on duplicating animal testing .","FOR THIS REASON , X-WE BE CALL FOR BAN ON DUPLICATE ANIMAL TESTING .",NO
19251,the commission has submitted a good proposal for updating the regulation on novel foods .,COMMISSION HAVE SUBMIT DESC-GOOD PROPOSAL FOR UPDATE REGULATION ON NOVEL FOOD .,NO
19261,"nevertheless foods must be included in this regulation , because otherwise .","DESC-NEVERLESS FOOD MUST BE INCLUDE IN THIS REGULATION , BECAUSE DESC-ORWISE .",NO
19271,"after all , cloning causes great distress to animals .","AFTER ALL , CLONE CAUSE DESC-GREAT DISTRESS TO ANIMAL .",NO
19288,"sixty four amendments were adopted in the committee on the environment , public health and food safety .","SIXTY FOUR AMENDMENT BE ADOPT IN COMMITTEE ON ENVIRONMENT , PUBLIC HEALTH AND FOOD SAFETY .",NO
19295,"the only remaining exception will be for emergencies , such as where a large scale epidemic occurs .","DESC-ONLY REMAIN EXCEPTION WILL BE FOR EMERGENCY , DESC-SUCH AS WHERE DESC-LARGE SCALE EPIDEMIC OCCUR .",NO
19345,our health is maintained through a clean environment and the atmosphere around us .,X-WE HEALTH BE MAINTAIN THROUGH DESC-CLEAN ENVIRONMENT AND ATMOSPHERE AROUND X-WE .,NO
19721,"simple the irish government is tearing the heart out of health services , education , childcare and training .","DESC-SIMPLE DESC-IRISH GOVERNMENT BE TEAR HEART OUT HEALTH SERVICE , EDUCATION , CHILDCARE AND TRAINING .",NO
19857,they assured us that nothing in the epa would affect the caribbean countriesaccess to medicines .,X-Y ASSURE X-WE THAT NOTHING IN EPA WOULD AFFECT CARIBBEAN COUNTRIESACCESS TO MEDICINE .,NO
19964,"also , when consumed as replacement foods , they must not be nutritionally disadvantageous for the consumer .","DESC-ALSO , WHEN CONSUME AS REPLACEMENT FOOD , X-Y MUST DESC-NOT BE DESC-NUTRITIONALLY DESC-DISADVANTAGEOUS FOR CONSUMER .",NO
19968,foods containing nanomaterials should be banned until such time as an animal friendly and safe method of evaluation is found .,FOOD CONTAIN NANOMATERIAL SHOULD BE BAN UNTIL DESC-SUCH TIME AS ANIMAL DESC-FRIENDLY AND DESC-SAFE METHOD EVALUATION BE FIND .,NO
19989,the affected ivorians would then be able to work as carers and in similar professions .,DESC-AFFECTED IVORIAN WOULD DESC-N BE DESC-ABLE TO WORK AS CARER AND IN DESC-SIMILAR PROFESSION .,NO
20309,"furthermore , as you know , reforms in the education and healthcare sectors are now priorities for the government .","DESC-FURRMORE , AS X-YOU KNOW , REFORM IN EDUCATION AND HEALTHCARE SECTOR BE DESC-NOW PRIORITY FOR GOVERNMENT .",NO
20634,"that person still feels , even when just walking down the street , that he is no longer alive .","THAT PERSON DESC-STILL FEEL , DESC-EVEN WHEN DESC-JUST WALK DESC-DOWN STREET , THAT X-HE BE NO DESC-LONGER DESC-ALIVE .",YES
20850,it should be adopted by the council of health ministers .,X-IT SHOULD BE ADOPT BY COUNCIL HEALTH MINISTER .,NO
20898,i share your concerns about the serious risks this presents to human health and the environment .,X-I SHARE X-YOU CONCERN ABOUT DESC-SERIOUS RISK THIS DESC-PRESENT TO DESC-HUMAN HEALTH AND ENVIRONMENT .,NO
20988,"often they are people with disabilities , or even children .","DESC-OFTEN X-Y BE PEOPLE WITH DISABILITY , OR DESC-EVEN CHILD .",NO
20997,i agree that we should do more to guarantee the nutritional quality of the food distributed .,X-I AGREE THAT X-WE SHOULD DO MORE TO GUARANTEE DESC-NUTRITIONAL QUALITY FOOD DISTRIBUTE .,NO
21022,the statistics show that the programme only alleviates the problem of malnutrition but is not eliminating it .,STATISTICS SHOW THAT PROGRAM DESC-ONLY ALLEVIATE PROBLEM MALNUTRITION BUT BE DESC-NOT ELIMINATE X-IT .,NO
21024,is it not paradoxical that it is the inhabitants of country areas who are threatened by poverty and malnutrition ?,BE X-IT DESC-NOT DESC-PARADOXICAL THAT X-IT BE INHABITANT COUNTRY AREA WHO BE THREATEN BY POVERTY AND MALNUTRITION ?,NO
21054,it would be very hard to find a better and more nourishing food .,X-IT WOULD BE DESC-VERY DESC-HARD TO FIND DESC-BETTER AND MORE DESC-NOURISHING FOOD .,NO
21081,it is estimated that 43 million eu citizens are at risk of malnutrition that is a shocking figure .,X-IT BE ESTIMATE THAT 43 MILLION EU CITIZEN BE AT RISK MALNUTRITION THAT BE DESC-SHOCKING FIGURE .,NO
21251,healthy food is what must be made the heart of the matter .,DESC-HEALTHY FOOD BE WHAT MUST BE MAKE HEART MATTER .,NO
21621,"there is nothing more important than freedom , health and life itself .","DESC-RE BE NOTHING MORE DESC-IMPORTANT THAN FREEDOM , HEALTH AND LIFE X-ITSELF .",NO
21809,"she had been rejected not on grounds of intellectual ability , but because she has a disability .","X-SHE HAVE BE REJECT DESC-NOT ON GROUNDS DESC-INTELLECTUAL ABILITY , BUT BECAUSE X-SHE HAVE DISABILITY .",NO
21810,the letter stated that the university was unable to offer her the care she needs .,LETTER STATE THAT UNIVERSITY BE DESC-UNABLE TO OFFER X-SHE CARE X-SHE NEED .,YES
21848,"all older people should have the right to have access to health care , whatever their age .","ALL DESC-OLDER PEOPLE SHOULD HAVE DESC-RIGHT TO HAVE ACCESS TO HEALTH CARE , WHATEVER X-Y AGE .",NO
21872,can you imagine that a black female wheelchair user can feel discriminated against ?,CAN X-YOU IMAGINE THAT DESC-BLACK FEMALE WHEELCHAIR USER CAN FEEL DESC-DISCRIMINATE AGAINST ?,NO
21965,i therefore urge the whole house to vote against the ppe de group's amendment 81 tomorrow .,X-I DESC-REFORE URGE WHOLE HOUSE TO VOTE AGAINST PPE DE GROUP X-POSS AMENDMENT 81 TOMORROW .,NO
21966,ask the citizens of the eu they are wiser and more up to date than you ppe de group members .,ASK CITIZEN EU X-Y BE DESC-WISER AND MORE DESC-UP TO DATE THAN X-YOU PPE DE GROUP MEMBER .,NO
22035,autism must be recognised as a separate disability among mental disabilities and specific strategies must be devised for it .,AUTISM MUST BE RECOGNIZE AS DESC-SEPARATE DISABILITY AMONG DESC-MENTAL DISABILITY AND SPECIFIC STRATEGY MUST BE DEVISE FOR X-IT .,NO
22049,combating discrimination of all kinds and helping the disabled to participate in public life are important tasks .,COMBATE DISCRIMINATION ALL KIND AND HELP DESC-DISABLED TO PARTICIPATE IN PUBLIC LIFE BE DESC-IMPORTANT TASK .,NO
22388,establishment of residue limits of pharmacologically active substances in foodstuffs of animal origin debate,ESTABLISHMENT RESIDUE LIMIT DESC-PHARMACOLOGICALLY DESC-ACTIVE SUBSTANCE IN FOODSTUFF ANIMAL ORIGIN DEBATE,NO
22392,under present legislation they are often forced to resort to unlicensed medicines .,UNDER DESC-PRESENT LEGISLATION X-Y BE DESC-OFTEN FORCE TO RESORT TO DESC-UNLICENSED MEDICINE .,NO
22396,"in 2008 , after eight yearsexperience , the cvmp issued a new guideline .","IN 2008 , AFTER EIGHT YEARSEXPERIENCE , CVMP ISSUE DESC-NEW GUIDELINE .",NO
22397,the risk analysis approach for residues of veterinary medicinal products in food of animal origin .,RISK ANALYSIS APPROACH FOR RESIDUE DESC-VETERINARY MEDICINAL PRODUCT IN FOOD ANIMAL ORIGIN .,NO
22400,i am very much aware of the particular importance of the availability of veterinary medicinal products .,X-I BE DESC-VERY DESC-MUCH DESC-AWARE DESC-PARTICULAR IMPORTANCE AVAILABILITY DESC-VETERINARY MEDICINAL PRODUCT .,NO
22404,the lack of authorised medicines poses a real threat to animal health and welfare and the safety of consumers .,LACK AUTHORISE MEDICINE POSE DESC-REAL THREAT TO ANIMAL HEALTH AND WELFARE AND SAFETY CONSUMER .,NO
22411,"nowadays more and more pharmaceutical companies have a division dealing with animal products , which generate considerable revenue .","DESC-NOWADAYS MORE AND MORE DESC-PHARMACEUTICAL COMPANY HAVE DIVISION DEAL WITH ANIMAL PRODUCT , WHICH GENERATE DESC-CONSIDERABLE REVENUE .",NO
22413,all this in done with medicinal products which are often harmful to human beings .,ALL THIS IN DO WITH MEDICINAL PRODUCT WHICH BE DESC-OFTEN DESC-HARMFUL TO DESC-HUMAN BE .,NO
22443,health concerns associated with electromagnetic fields short presentation,HEALTH CONCERN ASSOCIATE WITH DESC-ELECTROMAGNETIC FIELD DESC-SHORT PRESENTATION,NO
22674,establishment of residue limits of pharmacologically active substances in foodstuffs of animal origin,ESTABLISHMENT RESIDUE LIMIT DESC-PHARMACOLOGICALLY DESC-ACTIVE SUBSTANCE IN FOODSTUFF ANIMAL ORIGIN,NO
22708,health concerns associated with electromagnetic fields,HEALTH CONCERN ASSOCIATE WITH DESC-ELECTROMAGNETIC FIELD,NO
22929,combating discrimination of all kinds and bringing about participation in public life by the disabled are important jobs .,COMBATE DISCRIMINATION ALL KIND AND BRING ABOUT PARTICIPATION IN PUBLIC LIFE BY DESC-DISABLED BE DESC-IMPORTANT JOB .,NO
22958,"for me , it is very important that no one should be discriminated against on the grounds of disability .","FOR X-I , X-IT BE DESC-VERY DESC-IMPORTANT THAT NO ONE SHOULD BE DESC-DISCRIMINATE AGAINST ON GROUNDS DISABILITY .",NO
22966,i have met with and been lobbied by many disability interest groups who asked for consideration of their position .,X-I HAVE MEET WITH AND BE LOBBY BY DESC-MANY DISABILITY INTEREST GROUP WHO ASK FOR CONSIDERATION X-Y POSITION .,NO
22982,originally the directive was expected to deal with discrimination against physically disabled and older people .,DESC-ORIGINALLY DIRECTIVE BE EXPECT TO DEAL WITH DISCRIMINATION AGAINST DESC-PHYSICALLY DESC-DISABLED AND DESC-OLDER PEOPLE .,NO
23056,the waiting lists of maltese and gozitans in need of medical tests and surgical interventions are unbelievable .,WAIT LIST MALTESE AND GOZITAN IN NEED DESC-MEDICAL TEST AND DESC-SURGICAL INTERVENTION BE DESC-UNBELIEVABLE .,NO
23057,2 per cent of the population is waiting for cataract operations .,2 PER CENT POPULATION BE WAIT FOR CATARACT OPERATION .,NO
23065,i voted in favour of mrs ries's report on health concerns associated with electromagnetic fields .,X-I VOTE IN FAVOR MR RIE X-POSS REPORT ON HEALTH CONCERN ASSOCIATE WITH DESC-ELECTROMAGNETIC FIELD .,NO
23118,"de mr president , mon 810 was approved in the european union in 199it was subsequently approved again in 2008 and then , a few days ago , it was prohibited .","DE MR PRESIDENT , MON 810 BE APPROVE IN EUROPEAN UNION IN 199IT BE DESC-SUBSEQUENTLY APPROVE DESC-AGAIN IN 2008 AND DESC-N , DESC-FEW DAY DESC-AGO , X-IT BE PROHIBIT .",NO
23125,"secondly , coordinated public intervention at national level and","DESC-SECONDLY , COORDINATE PUBLIC INTERVENTION AT DESC-NATIONAL LEVEL AND",NO
23437,i would like to say a few words about the context of this discharge .,X-I WOULD LIKE TO SAY DESC-FEW WORD ABOUT CONTEXT THIS DISCHARGE .,NO
23558,so thank you all for this contribution to the complicated discharge machinery .,DESC-SO THANK X-YOU ALL FOR THIS CONTRIBUTION TO COMPLICATE DISCHARGE MACHINERY .,NO
23592,"the european monitoring centre for drugs and drug addiction in lisbon ,","EUROPEAN MONITORING CENTER FOR DRUG AND DRUG ADDICTION IN LISBON ,",NO
23621,safety and protection are extremely important for public health and receive our full support .,SAFETY AND PROTECTION BE DESC-EXTREMELY DESC-IMPORTANT FOR PUBLIC HEALTH AND RECEIVE X-WE DESC-FULL SUPPORT .,NO
23632,this has had a health impact on the residents in its region especially those of marsaxloqq .,THIS HAVE HAVE HEALTH IMPACT ON RESIDENT IN X-ITS REGION DESC-ESPECIALLY THOSE MARSAXLOQQ .,NO
23633,"in addition , there is a health hazard which cannot be estimated .","IN ADDITION , DESC-RE BE HEALTH HAZARD WHICH CAN DESC-NOT BE ESTIMATE .",NO
23745,"like the financial crisis , pandemics , climate change , immigration and serious crime , fish are alter globalists .","LIKE DESC-FINANCIAL CRISIS , PANDEMIC , CLIMATE CHANGE , IMMIGRATION AND DESC-SERIOUS CRIME , FISH BE ALTER GLOBALIST .",NO
23927,people are looking for hope they are looking for some information about recovery .,PEOPLE BE LOOK FOR HOPE X-Y BE LOOK FOR SOME INFORMATION ABOUT RECOVERY .,NO
24164,animal health conditions governing the movement and importation from third countries of equidae,ANIMAL HEALTH CONDITION GOVERN MOVEMENT AND IMPORTATION FROM DESC-THIRD COUNTRY EQUIDA,NO
24333,"in addition to protecting consumers , the legislation is also aimed at safeguarding the health and safety of workers .","IN ADDITION TO PROTECT CONSUMER , LEGISLATION BE DESC-ALSO AIM AT SAFEGUARD HEALTH AND SAFETY WORKER .",NO
24336,it is an acknowledged fact that using pesticides poses a threat to both human health and the environment .,X-IT BE ACKNOWLEDGE FACT THAT USE PESTICIDE POSE THREAT TO BOTH DESC-HUMAN HEALTH AND ENVIRONMENT .,NO
24338,it is intended to harmonise standards on environmental protection and human health in the european union .,X-IT BE INTEND TO HARMONISE STANDARD ON DESC-ENVIRONMENTAL PROTECTION AND DESC-HUMAN HEALTH IN EUROPEAN UNION .,NO
24346,"traffic noise , of which tyre noise is an important component , is a major cause of ill health .","TRAFFIC NOISE , WHICH TYRE NOISE BE DESC-IMPORTANT COMPONENT , BE DESC-MAJOR CAUSE DESC-ILL HEALTH .",NO
24590,the company's good reputation may be lost as a result of its involvement in human or drugs trafficking .,COMPANY X-POSS DESC-GOOD REPUTATION MAY BE LOSE AS RESULT X-ITS INVOLVEMENT IN DESC-HUMAN OR DRUG TRAFFICKING .,NO
24700,the first is that you attach great importance to the rights of disabled persons and persons with reduced mobility .,DESC-FIRST BE THAT X-YOU ATTACH DESC-GREAT IMPORTANCE TO RIGHTS DESC-DISABLED PERSON AND PERSON WITH REDUCE MOBILITY .,NO
24753,legislation and rules are much better there and they receive much better treatment in the us .,LEGISLATION AND RULE BE DESC-MUCH DESC-BETTER DESC-RE AND X-Y RECEIVE DESC-MUCH DESC-BETTER TREATMENT IN X-WE .,NO
24755,our own european compatriots do not want to holiday in europe if they are disabled .,X-WE DESC-OWN EUROPEAN COMPATRIOT DO DESC-NOT WANT TO HOLIDAY IN EUROPE IF X-Y BE DESC-DISABLED .,NO
24758,"is it reasonable to abolish compensation for lost equipment , especially wheelchairs for persons with reduced mobility ?","BE X-IT DESC-REASONABLE TO ABOLISH COMPENSATION FOR LOSE EQUIPMENT , DESC-ESPECIALLY WHEELCHAIR FOR PERSON WITH REDUCE MOBILITY ?",NO
24779,subject eu alzheimer's strategy,SUBJECT EU ALZHEIMER X-POSS STRATEGY,NO
24783,this is a public health emergency for an ageing population .,THIS BE PUBLIC HEALTH EMERGENCY FOR AGEING POPULATION .,NO
24868,online consultation is commonly used .,ONLINE CONSULTATION BE DESC-COMMONLY USE .,NO
25225,patientsrights in cross border healthcare debate,PATIENTSRIGHT IN CROSS BORDER HEALTHCARE DEBATE,NO
25226,"as many of you know , john bowis was taken ill recently in brussels and was hospitalised .","AS DESC-MANY X-YOU KNOW , JOHN BOWUS BE TAKE DESC-ILL DESC-RECENTLY IN BRUSSELS AND BE HOSPITALISE .",YES
25231,most people will always want to be treated close to home .,MOST PEOPLE WILL DESC-ALWAYS WANT TO BE TREAT DESC-CLOSE TO HOME .,NO
25233,"however , such prior authorisation must not be used to limit patient choice .","DESC-HOWEVER , DESC-SUCH DESC-PRIOR AUTHORISATION MUST DESC-NOT BE USE TO LIMIT PATIENT CHOICE .",NO
25240,"yesterday , here in strasbourg , we celebrated european patientsrights day .","YESTERDAY , DESC-HERE IN STRASBOURG , X-WE CELEBRATE EUROPEAN PATIENTSRIGHT DAY .",NO
25241,the central question in this context is what can the european union do for patients ?,DESC-CENTRAL QUESTION IN THIS CONTEXT BE WHAT CAN EUROPEAN UNION DO FOR PATIENT ?,NO
25247,"europe's citizens have the right to receive care in another member state , subject to conditions .","EUROPE X-POSS CITIZEN HAVE DESC-RIGHT TO RECEIVE CARE IN ANOR MEMBER STATE , SUBJECT TO CONDITION .",NO
25248,"provided that everything is done to avoid medical tourism , I see this only as progress .","PROVIDE THAT EVERYTHING BE DO TO AVOID DESC-MEDICAL TOURISM , X-I SEE THIS DESC-ONLY AS PROGRESS .",NO
25252,"any form of gender based discrimination whatsoever practised by healthcare facilities , insurers or state officials is unacceptable .","ANY FORM GENDER BASE DISCRIMINATION DESC-WHATSOEVER PRACTICE BY HEALTHCARE FACILITY , INSURER OR STATE OFFICIAL BE DESC-UNACCEPTABLE .",NO
25254,the report is based on patientsneeds and not patientsmeans .,REPORT BE BASE ON PATIENTSNEED AND DESC-NOT PATIENTSMEAN .,NO
25256,patients will always prefer to receive health care close to where they live .,PATIENT WILL DESC-ALWAYS PREFER TO RECEIVE HEALTH CARE DESC-CLOSE TO WHERE X-Y DESC-LIVE .,NO
25257,"currently , only one percent of our budgets are spent on cross border health care .","DESC-CURRENTLY , DESC-ONLY ONE PERCENT X-WE BUDGET BE SPEND ON CROSS BORDER HEALTH CARE .",NO
25261,"patients , too , are to have their rights in the internal market .","PATIENT , DESC-TOO , BE TO HAVE X-Y RIGHTS IN DESC-INTERNAL MARKET .",NO
25264,"these include , for example , the fact that patients are to be granted free movement for non hospital care .","SE INCLUDE , FOR EXAMPLE , FACT THAT PATIENT BE TO BE GRANT DESC-FREE MOVEMENT FOR NON HOSPITAL CARE .",NO
25265,"we also think , however , that the member states should retain the competence for their healthcare systems .","X-WE DESC-ALSO THINK , DESC-HOWEVER , THAT MEMBER STATE SHOULD RETAIN COMPETENCE FOR X-Y HEALTHCARE SYSTEM .",NO
25266,it is therefore right for there to be prior authorisation for certain kinds of treatment .,X-IT BE DESC-REFORE DESC-RIGHT FOR DESC-RE TO BE DESC-PRIOR AUTHORISATION FOR DESC-CERTAIN KIND TREATMENT .,NO
25269,"perhaps a small part of the scientific community knows about it , but not every local doctor .","DESC-PERHAPS DESC-SMALL PART DESC-SCIENTIFIC COMMUNITY KNOW ABOUT X-IT , BUT DESC-NOT EVERY DESC-LOCAL DOCTOR .",NO
25273,on behalf of the alde group . nl this directive is about patients .,NL THIS DIRECTIVE BE ABOUT PATIENT .,NO
25276,how can we make the system such that patients benefit from it ?,HOW CAN X-WE MAKE SYSTEM DESC-SUCH THAT PATIENT BENEFIT FROM X-IT ?,NO
25278,patients are in such a weak position .,PATIENT BE IN DESC-SUCH DESC-WEAK POSITION .,NO
25285,we consider that there must be exceptions for rare diseases or life threatening situations on waiting lists .,X-WE CONSIDER THAT DESC-RE MUST BE EXCEPTION FOR DESC-RARE DISEASE OR LIFE THREATEN SITUATION ON WAIT LIST .,NO
25288,he has done terrific work and I sincerely hope he gets well soon .,X-HE HAVE DO DESC-TERRIFIC WORK AND X-I DESC-SINCERELY HOPE X-HE GET DESC-WELL DESC-SOON .,YES
25289,"indeed , today only 4 % of european citizens are treated abroad .","DESC-INDEED , TODAY DESC-ONLY 4 % EUROPEAN CITIZEN BE TREAT DESC-ABROAD .",NO
25290,"he has been well cared for and , for a british citizen , there is no problem about reimbursements .","X-HE HAVE BE DESC-WELL CARE FOR AND , FOR BRITISH CITIZEN , DESC-RE BE NO PROBLEM ABOUT REIMBURSEMENT .",NO
25297,"we consider that everyone , rich and poor , has a right to adequate access to high quality healthcare .","X-WE CONSIDER THAT EVERYONE , DESC-RICH AND DESC-POOR , HAVE DESC-RIGHT TO DESC-ADEQUATE ACCESS TO DESC-HIGH QUALITY HEALTHCARE .",NO
25300,it will thus be an obligation instead of a right of the patient .,X-IT WILL DESC-THUS BE OBLIGATION DESC-INSTEAD DESC-RIGHT PATIENT .,NO
25301,this means that the doctor should be the one to decide which treatment you get and when .,THIS MEAN THAT DOCTOR SHOULD BE ONE TO DECIDE WHICH TREATMENT X-YOU GET AND WHEN .,YES
25304,"patients should be subjects , not the objects of a marketing campaign .","PATIENT SHOULD BE SUBJECT , DESC-NOT OBJECT MARKETING CAMPAIGN .",NO
25306,i myself am a beneficiary of cross border health care .,X-I X-MYSELF BE BENEFICIARY CROSS BORDER HEALTH CARE .,NO
25308,we should also have the right to access high quality health care close to home .,X-WE SHOULD DESC-ALSO HAVE DESC-RIGHT TO ACCESS DESC-HIGH QUALITY HEALTH CARE DESC-CLOSE TO HOME .,NO
25317,let us seize this law and put the patient centre stage .,LET X-WE SEIZE THIS LAW AND PUT PATIENT CENTER STAGE .,NO
25318,"those patients who want to travel are , in fact , quite few in number .","THOSE PATIENT WHO WANT TO TRAVEL BE , IN FACT , DESC-QUITE DESC-FEW IN NUMBER .",NO
25321,the alde's core amendment has been to appoint a european patients ombudsman .,ALDE X-POSS CORE AMENDMENT HAVE BE TO APPOINT EUROPEAN PATIENT OMBUDSMAN .,NO
25326,"pl mr president , defining patientsrights in cross border healthcare is an urgent task .","PL MR PRESIDENT , DEFINE PATIENTSRIGHT IN CROSS BORDER HEALTHCARE BE DESC-URGENT TASK .",NO
25328,monitoring of cross border healthcare will be useful in assessing the situation in this area .,MONITORING CROSS BORDER HEALTHCARE WILL BE DESC-USEFUL IN ASSESS SITUATION IN THIS AREA .,NO
25329,i would like to wish mr bowis a speedy return to health .,X-I WOULD LIKE TO WISH MR BOWUS DESC-SPEEDY RETURN TO HEALTH .,YES
25330,"after all , they are at the mercy of their care providers .","AFTER ALL , X-Y BE AT MERCY X-Y CARE PROVIDER .",NO
25331,we have not yet reached any agreement on how to identify that section of the patient population .,X-WE HAVE DESC-NOT DESC-YET REACH ANY AGREEMENT ON HOW TO IDENTIFY THAT SECTION PATIENT POPULATION .,NO
25332,i want to start by saying that we have no objection whatsoever to cross border healthcare .,X-I WANT TO START BY SAY THAT X-WE HAVE NO OBJECTION DESC-WHATSOEVER TO CROSS BORDER HEALTHCARE .,NO
25333,"to that end , patient rights must , of course , be strengthened .","TO THAT END , PATIENT RIGHTS MUST , COURSE , BE STRENGN .",NO
25336,introducing patient mobility will not only have an impact on healthcare .,INTRODUCE PATIENT MOBILITY WILL DESC-NOT DESC-ONLY HAVE IMPACT ON HEALTHCARE .,NO
25339,"during the rehabilitation period , the entiremedical tourismchain would gain from this benefit .","DURING REHABILITATION PERIOD , ENTIREMEDICAL TOURISMCHAIN WOULD GAIN FROM THIS BENEFIT .",NO
25343,i wish mr bowis a speedy recovery .,X-I WISH MR BOWUS DESC-SPEEDY RECOVERY .,YES
25344,"incidentally , he too had previously received a lengthy period of treatment in hungary .","DESC-INCIDENTALLY , X-HE DESC-TOO HAVE DESC-PREVIOUSLY RECEIVE DESC-LENGTHY PERIOD TREATMENT IN DESC-HUNGARY .",YES
25349,"first , this directive rightly regulates only the mobility of patients and not of healthcare workers .","DESC-FIRST , THIS DIRECTIVE DESC-RIGHTLY REGULATE DESC-ONLY MOBILITY PATIENT AND DESC-NOT HEALTHCARE WORKER .",NO
25350,the aim cannot be to create a market for healthcare services .,AIM CAN DESC-NOT BE TO CREATE MARKET FOR HEALTHCARE SERVICE .,NO
25353,a country that wishes to guarantee healthcare for all must be able to plan for care in this way .,COUNTRY THAT WISH TO GUARANTEE HEALTHCARE FOR ALL MUST BE DESC-ABLE TO PLAN FOR CARE IN THIS WAY .,NO
25355,and why do some heart patients needlessly have to wait months for surgery to unblock arteries ?,AND WHY DO SOME HEART PATIENT DESC-NEEDLESSLY HAVE TO WAIT MONTH FOR SURGERY TO UNBLOCK ARTERY ?,YES
25356,we must not restrict cross border health care just to those who can afford it .,X-WE MUST DESC-NOT RESTRICT CROSS BORDER HEALTH CARE DESC-JUST TO THOSE WHO CAN AFFORD X-IT .,NO
25357,the rights and safety of patients must come first .,RIGHTS AND SAFETY PATIENT MUST COME DESC-FIRST .,NO
25358,"finally , I would like to wish john bowis a speedy recovery .","DESC-FINALLY , X-I WOULD LIKE TO WISH JOHN BOWUS DESC-SPEEDY RECOVERY .",YES
25366,public planning will be made more difficult and the national healthcare system is at risk of being drained .,PUBLIC PLANNING WILL BE MAKE MORE DESC-DIFFICULT AND DESC-NATIONAL HEALTHCARE SYSTEM BE AT RISK BE DRAIN .,NO
25367,"cross border healthcare is a fact , and patientsrights need to be protected in this regard .","CROSS BORDER HEALTHCARE BE FACT , AND PATIENTSRIGHT NEED TO BE PROTECT IN THIS REGARD .",NO
25369,healthcare must be left up to the member states .,HEALTHCARE MUST BE LEAVE DESC-UP TO MEMBER STATE .,NO
25376,it is a directive designed for patients and about patients .,X-IT BE DIRECTIVE DESIGN FOR PATIENT AND ABOUT PATIENT .,NO
25377,neither can we grant the right to unlimited travel for patients .,NEIR CAN X-WE GRANT DESC-RIGHT TO DESC-UNLIMITED TRAVEL FOR PATIENT .,NO
25380,"commissioner , healthcare is not a good .","COMMISSIONER , HEALTHCARE BE DESC-NOT DESC-GOOD .",NO
25382,it is also essential to request prior authorisation for hospital and specialised care in order to protect patients .,X-IT BE DESC-ALSO DESC-ESSENTIAL TO REQUEST DESC-PRIOR AUTHORISATION FOR HOSPITAL AND DESC-SPECIALISED CARE IN ORDER TO PROTECT PATIENT .,NO
25383,only with the obligation for prior authorisation can safe and high quality care be ensured .,DESC-ONLY WITH OBLIGATION FOR DESC-PRIOR AUTHORISATION CAN DESC-SAFE AND DESC-HIGH QUALITY CARE BE ENSURE .,NO
25384,i will end by wishing mr bowis a speedy recovery .,X-I WILL END BY WISH MR BOWUS DESC-SPEEDY RECOVERY .,YES
25388,the right to health should form the legal basis .,DESC-RIGHT TO HEALTH SHOULD FORM DESC-LEGAL BASIS .,NO
25394,i would refer to the dutch model of dispute resolution in healthcare that was launched recently .,X-I WOULD REFER TO DUTCH MODEL DISPUTE RESOLUTION IN HEALTHCARE THAT BE LAUNCH DESC-RECENTLY .,NO
25395,we have also noted that the healthcare systems in the member states have been left unchanged .,X-WE HAVE DESC-ALSO NOTE THAT HEALTHCARE SYSTEM IN MEMBER STATE HAVE BE LEAVE DESC-UNCHANGED .,NO
25399,one example states that member states may take appropriate measures to stem patient flows .,ONE EXAMPLE STATE THAT MEMBER STATE MAY TAKE DESC-APPROPRIATE MEASURE TO STEM PATIENT FLOW .,NO
25402,this proposal regarding patient mobility thus comes none too soon .,THIS PROPOSAL REGARD PATIENT MOBILITY DESC-THUS COME NONE DESC-TOO DESC-SOON .,NO
25404,i wish to concentrate primarily on a number of positive points that are in the interest of the patient .,X-I WISH TO CONCENTRATE DESC-PRIMARILY ON NUMBER DESC-POSITIVE POINT THAT BE IN INTEREST PATIENT .,NO
25407,"healthcare is a national competence , but there are points of contact with europe .","HEALTHCARE BE DESC-NATIONAL COMPETENCE , BUT DESC-RE BE POINT CONTACT WITH EUROPE .",NO
25408,"first , there should be no forced health tourism .","DESC-FIRST , DESC-RE SHOULD BE NO FORCE HEALTH TOURISM .",NO
25409,it should not be the case that insurers pressure patients to go elsewhere to receive cheap care .,X-IT SHOULD DESC-NOT BE CASE THAT INSURER PRESSURE PATIENT TO GO DESC-ELSEWHERE TO RECEIVE DESC-CHEAP CARE .,NO
25412,health is not a free market .,HEALTH BE DESC-NOT DESC-FREE MARKET .,NO
25415,we have heard hundreds of times from lobbyists about the risk of insurance companies collapsing .,X-WE HAVE HEAR HUNDRED TIME FROM LOBBYIST ABOUT RISK INSURANCE COMPANY COLLAPSE .,NO
25416,patients will therefore have to obtain prior authorisation from their health insurers before receiving costly treatment .,PATIENT WILL DESC-REFORE HAVE TO OBTAIN DESC-PRIOR AUTHORISATION FROM X-Y HEALTH INSURER BEFORE RECEIVE DESC-COSTLY TREATMENT .,NO
25417,"however , both patients and doctors throughout the eu need a simple rule for when they must request authorisation .","DESC-HOWEVER , BOTH PATIENT AND DOCTOR THROUGHOUT EU NEED DESC-SIMPLE RULE FOR WHEN X-Y MUST REQUEST AUTHORISATION .",NO
25418,therefore I do not support the proposal to create 27 definitions of specialised and costly care for this purpose .,DESC-REFORE X-I DO DESC-NOT SUPPORT PROPOSAL TO CREATE 27 DEFINITION DESC-SPECIALISED AND DESC-COSTLY CARE FOR THIS PURPOSE .,NO
25420,this involves national or international hospital accreditations .,THIS INVOLVE DESC-NATIONAL OR DESC-INTERNATIONAL HOSPITAL ACCREDITATION .,NO
25421,i trust that all hospitals will soon obtain voluntary national or european accreditation involving quality checks .,X-I TRUST THAT ALL HOSPITAL WILL DESC-SOON OBTAIN DESC-VOLUNTARY DESC-NATIONAL OR EUROPEAN ACCREDITATION INVOLVE QUALITY CHECK .,NO
25422,hospitals in the czech republic already have to do this .,HOSPITAL IN CZECH REPUBLIC DESC-ALREADY HAVE TO DO THIS .,NO
25423,"therefore I welcome the bowis report , and wish its author a speedy return to health .","DESC-REFORE X-I DESC-WELCOME BOWUS REPORT , AND WISH X-ITS AUTHOR DESC-SPEEDY RETURN TO HEALTH .",YES
25425,"firstly , I think that treating healthcare exclusively as a marketable service is a mistake .","DESC-FIRSTLY , X-I THINK THAT TREAT HEALTHCARE DESC-EXCLUSIVELY AS DESC-MARKETABLE SERVICE BE MISTAKE .",NO
25426,citizens are guaranteed the right to healthcare both by their national constitutions and by european union law .,CITIZEN BE GUARANTEE DESC-RIGHT TO HEALTHCARE BOTH BY X-Y DESC-NATIONAL CONSTITUTION AND BY EUROPEAN UNION LAW .,NO
25434,now you do not want people to be able to seek healthcare wherever they want to in europe .,DESC-NOW X-YOU DO DESC-NOT WANT PEOPLE TO BE DESC-ABLE TO SEEK HEALTHCARE WHEREVER X-Y WANT TO IN EUROPE .,NO
25440,i will be voting for the focus to be on the patients .,X-I WILL BE VOTE FOR FOCUS TO BE ON PATIENT .,NO
25441,"sv mr president , all patients should have the right to healthcare when they need it .","SV MR PRESIDENT , ALL PATIENT SHOULD HAVE DESC-RIGHT TO HEALTHCARE WHEN X-Y NEED X-IT .",NO
25449,"in the uk , nhs treatment is often delayed and very expensive compared with other eu countries .","IN UK , NH TREATMENT BE DESC-OFTEN DELAY AND DESC-VERY DESC-EXPENSIVE COMPARE WITH DESC-OR EU COUNTRY .",NO
25450,"healthcare is not a commodity , it is a social right .","HEALTHCARE BE DESC-NOT COMMODITY , X-IT BE DESC-SOCIAL DESC-RIGHT .",NO
25451,the legal issue and the issue of prior authorisation are essentially a way of refusing the right to health .,DESC-LEGAL ISSUE AND ISSUE DESC-PRIOR AUTHORISATION BE DESC-ESSENTIALLY WAY REFUSE DESC-RIGHT TO HEALTH .,NO
25452,"mr president , this report marks a turning point for health care provision to eu citizens .","MR PRESIDENT , THIS REPORT MARK TURN POINT FOR HEALTH CARE PROVISION TO EU CITIZEN .",NO
25453,this legislation will undoubtedly serve to cause a substantial betterment of health care in europe .,THIS LEGISLATION WILL DESC-UNDOUBTEDLY SERVE TO CAUSE DESC-SUBSTANTIAL BETTERMENT HEALTH CARE IN EUROPE .,NO
25455,only a clear system of prior authorisation for cases where expensive treatment is involved would guarantee reimbursement for patients .,DESC-ONLY DESC-CLEAR SYSTEM DESC-PRIOR AUTHORISATION FOR CASE WHERE DESC-EXPENSIVE TREATMENT BE INVOLVE WOULD GUARANTEE REIMBURSEMENT FOR PATIENT .,NO
25457,health cannot be a business .,HEALTH CAN DESC-NOT BE BUSINESS .,NO
25470,"ultimately , it is the medical needs of patients that matter , not consumer choice .","DESC-ULTIMATELY , X-IT BE DESC-MEDICAL NEED PATIENT THAT MATTER , DESC-NOT CONSUMER CHOICE .",NO
25472,i must likewise agree with mr braghetto that the proposal represents an opportunity for national health systems .,X-I MUST DESC-LIKEWISE AGREE WITH MR BRAGHETTO THAT PROPOSAL REPRESENT OPPORTUNITY FOR DESC-NATIONAL HEALTH SYSTEM .,NO
25473,"the proposal will at the same time improve patient rights , as mrs roth behrendt said .","PROPOSAL WILL AT DESC-SAME TIME IMPROVE PATIENT RIGHTS , AS MR ROTH BEHRENDT SAY .",NO
25482,"regarding prior authorisation for hospital care , the proposed provisions are based on two kinds of consideration .","REGARD DESC-PRIOR AUTHORISATION FOR HOSPITAL CARE , PROPOSE PROVISION BE BASE ON TWO KIND CONSIDERATION .",NO
25485,we all know that patient mobility will remain a very limited phenomenon .,X-WE ALL KNOW THAT PATIENT MOBILITY WILL REMAIN DESC-VERY DESC-LIMITED PHENOMENON .,NO
25487,"therefore , there is no need to construct unnecessary barriers for patients .","DESC-REFORE , DESC-RE BE NO NEED TO CONSTRUCT DESC-UNNECESSARY BARRIER FOR PATIENT .",NO
25488,"prior authorisation for hospital treatment has to remain a safeguard mechanism , applicable when justified .","DESC-PRIOR AUTHORISATION FOR HOSPITAL TREATMENT HAVE TO REMAIN SAFEGUARD MECHANISM , DESC-APPLICABLE WHEN DESC-JUSTIFIED .",NO
25490,i am concerned at the suggestion regarding the definition of hospital care .,X-I BE CONCERN AT SUGGESTION REGARD DEFINITION HOSPITAL CARE .,NO
25491,this would allow for a reasonable and modern approach to the concept of hospital care .,THIS WOULD ALLOW FOR DESC-REASONABLE AND DESC-MODERN APPROACH TO CONCEPT HOSPITAL CARE .,NO
25492,"otherwise , patientsrights , as defined by the european judges , would be undermined .","DESC-ORWISE , PATIENTSRIGHT , AS DEFINE BY EUROPEAN JUDGE , WOULD BE UNDERMINE .",NO
25493,this is simply a question of patient safety .,THIS BE DESC-SIMPLY QUESTION PATIENT SAFETY .,NO
25495,reference was made to amendment 67 on relaxation of the rule for affiliations to social security systems .,REFERENCE BE MAKE TO AMENDMENT 67 ON RELAXATION RULE FOR AFFILIATION TO DESC-SOCIAL SECURITY SYSTEM .,NO
25498,member states have to ensure that patients from other member states are not discriminated against .,MEMBER STATE HAVE TO ENSURE THAT PATIENT FROM DESC-OR MEMBER STATE BE DESC-NOT DESC-DISCRIMINATE AGAINST .,NO
25499,i would therefore urge you to keep rare diseases in the scope of the directive .,X-I WOULD DESC-REFORE URGE X-YOU TO KEEP DESC-RARE DISEASE IN SCOPE DIRECTIVE .,NO
25500,"regarding the proposed exclusion of organ transplantation , I simply cannot agree .","REGARD PROPOSE EXCLUSION ORGAN TRANSPLANTATION , X-I DESC-SIMPLY CAN DESC-NOT AGREE .",NO
25501,"however , the issue of organ allocation is a different matter .","DESC-HOWEVER , ISSUE ORGAN ALLOCATION BE DESC-DIFFERENT MATTER .",NO
25507,this report marks an important step forward in terms of improving patient mobility within the eu .,THIS REPORT MARK DESC-IMPORTANT STEP DESC-FORWARD IN TERM IMPROVE PATIENT MOBILITY WITHIN EU .,NO
25510,in writing . member states have a responsibility to their peoples to plan and deliver health care .,MEMBER STATE HAVE RESPONSIBILITY TO X-Y PEOPLE TO PLAN AND DELIVER HEALTH CARE .,NO
25511,health is not a commodity to be bought and sold on the internal market .,HEALTH BE DESC-NOT COMMODITY TO BE BUY AND SELL ON DESC-INTERNAL MARKET .,NO
25515,it is a charter for the destruction of public health services in member states .,X-IT BE CHARTER FOR DESTRUCTION PUBLIC HEALTH SERVICE IN MEMBER STATE .,NO
25517,another interesting point in the report refers to the reciprocal recognition of medical prescriptions .,ANOR DESC-INTERESTING POINT IN REPORT REFER TO DESC-RECIPROCAL RECOGNITION DESC-MEDICAL PRESCRIPTION .,NO
25518,simplification of the cross border provision of healthcare services represents an important step towards a real free movement of people .,SIMPLIFICATION CROSS BORDER PROVISION HEALTHCARE SERVICE REPRESENT DESC-IMPORTANT STEP TOWARDS DESC-REAL DESC-FREE MOVEMENT PEOPLE .,NO
25519,"economically speaking , too , a better use of the capacity of specialist clinics will bring benefits with it .","DESC-ECONOMICALLY SPEAKING , DESC-TOO , DESC-BETTER USE CAPACITY SPECIALIST CLINIC WILL BRING BENEFIT WITH X-IT .",NO
25523,patient safety debate,PATIENT SAFETY DEBATE,NO
25526,"in total , every year , nosocomial infections cause the deaths of around 37 000 people in europe .","IN TOTAL , EVERY YEAR , DESC-NOSOCOMIAL INFECTION CAUSE DEATH AROUND 37 000 PEOPLE IN EUROPE .",NO
25527,hospital acquired infections are also attracting ever more attention from the media and politicians .,HOSPITAL ACQUIRE INFECTION BE DESC-ALSO ATTRACT DESC-EVER MORE ATTENTION FROM MEDIA AND POLITICIAN .,NO
25529,the czech presidency is aware that the organisation of health systems falls fully within the competency of member states .,CZECH PRESIDENCY BE DESC-AWARE THAT ORGANIZATION HEALTH SYSTEM FALL DESC-FULLY WITHIN COMPETENCY MEMBER STATE .,NO
25530,the creation of a system for reporting the occurrence of adverse events therefore constitutes a significant measure .,CREATION SYSTEM FOR REPORT OCCURRENCE DESC-ADVERSE EVENT DESC-REFORE CONSTITUTE DESC-SIGNIFICANT MEASURE .,NO
25531,"the system will ensure immunity of course , in order to encourage reporting .","SYSTEM WILL ENSURE IMMUNITY COURSE , IN ORDER TO ENCOURAGE REPORT .",NO
25532,i firmly believe that the council and parliament share the common aim of increasing patient safety in the eu .,X-I DESC-FIRMLY BELIEVE THAT COUNCIL AND PARLIAMENT SHARE DESC-COMMON AIM INCREASE PATIENT SAFETY IN EU .,NO
25534,they paint a disturbing picture that affects not only patients but also their families and friends .,X-Y PAINT DESC-DISTURBING PICTURE THAT AFFECT DESC-NOT DESC-ONLY PATIENT BUT DESC-ALSO X-Y FAMILY AND FRIEND .,NO
25535,health care associated infections are a specific example of a very common adverse event .,HEALTH CARE ASSOCIATE INFECTION BE SPECIFIC EXAMPLE DESC-VERY DESC-COMMON DESC-ADVERSE EVENT .,NO
25536,approximately 37 000 deaths are estimated to occur every year because of these infections .,DESC-APPROXIMATELY 37 000 DEATH BE ESTIMATE TO OCCUR EVERY YEAR BECAUSE SE INFECTION .,NO
25538,member states have all recognised the patient safety challenge they face and have taken measures to tackle the problem .,MEMBER STATE HAVE ALL RECOGNIZE PATIENT SAFETY CHALLENGE X-Y FACE AND HAVE TAKE MEASURE TO TACKLE PROBLEM .,NO
25540,we therefore need to collect detailed data in order to address healthcare associated infections .,X-WE DESC-REFORE NEED TO COLLECT DESC-DETAILED DATUM IN ORDER TO ADDRESS HEALTHCARE ASSOCIATE INFECTION .,NO
25541,this could be avoided if the needles they were using were replaced with a safer kind .,THIS COULD BE AVOID IF NEEDLE X-Y BE USE BE REPLACE WITH DESC-SAFER KIND .,NO
25542,et open health care is a primary benefit and right .,ET DESC-OPEN HEALTH CARE BE DESC-PRIMARY BENEFIT AND DESC-RIGHT .,NO
25545,this reflects the fact that some member states have devolved systems of health care .,THIS REFLECT FACT THAT SOME MEMBER STATE HAVE DEVOLVE SYSTEM HEALTH CARE .,NO
25553,rare diseases debate,DESC-RARE DISEASE DEBATE,NO
25556,an important aspect in combating rare diseases is patient mobility .,DESC-IMPORTANT ASPECT IN COMBATE DESC-RARE DISEASE BE PATIENT MOBILITY .,NO
25557,one point also concerns prevention .,ONE POINT DESC-ALSO CONCERN PREVENTION .,NO
25558,prevention of genetic diseases is possible nowadays through a combination of in vitro fertilisation and pre implantation tests .,PREVENTION DESC-GENETIC DISEASE BE DESC-POSSIBLE DESC-NOWADAYS THROUGH COMBINATION IN VITRO FERTILISATION AND PRE IMPLANTATION TEST .,NO
25560,these are also reasons why the area of rare diseases is an eu health strategy priority .,SE BE DESC-ALSO REASON WHY AREA DESC-RARE DISEASE BE EU HEALTH STRATEGY PRIORITY .,NO
25564,one important sector for action is in collecting expertise via the european reference networks .,ONE DESC-IMPORTANT SECTOR FOR ACTION BE IN COLLECT EXPERTISE VIA EUROPEAN REFERENCE NETWORK .,NO
25565,these networks can add value to action by the member states on rare diseases and in other cases .,SE NETWORK CAN ADD VALUE TO ACTION BY MEMBER STATE ON DESC-RARE DISEASE AND IN DESC-OR CASE .,NO
25568,"mr president , patients affected by rare diseases suffer misdiagnoses and , often , receive no treatment .","MR PRESIDENT , PATIENT AFFECT BY DESC-RARE DISEASE SUFFER MISDIAGNOSE AND , DESC-OFTEN , RECEIVE NO TREATMENT .",NO
25569,the rarity of these diseases creates challenges both from a scientific and an economic viewpoint .,RARITY SE DISEASE CREATE CHALLENGE BOTH FROM DESC-SCIENTIFIC AND DESC-ECONOMIC VIEWPOINT .,NO
25571,"this is why patients need more coordination , more safety and more clarity .","THIS BE WHY PATIENT NEED MORE COORDINATION , MORE SAFETY AND MORE CLARITY .",NO
25572,these are essential issues that meet europe's citizensexpectations of a europe for health .,SE BE DESC-ESSENTIAL ISSUE THAT MEET EUROPE X-POSS CITIZENSEXPECTATION EUROPE FOR HEALTH .,NO
25573,patients who suffer from rare diseases this has been said need european support .,PATIENT WHO SUFFER FROM DESC-RARE DISEASE THIS HAVE BE SAY NEED EUROPEAN SUPPORT .,NO
25575,"because these diseases are so rare , there are not centres and experts for them in every member state .","BECAUSE SE DISEASE BE DESC-SO DESC-RARE , DESC-RE BE DESC-NOT CENTER AND EXPERT FOR X-Y IN EVERY MEMBER STATE .",NO
25576,the same applies to the development of new drugs .,DESC-SAME APPLY TO DEVELOPMENT DESC-NEW DRUG .,NO
25577,"mrs grossetête talked of the regulation on orphan medicinal products , which is very important .","MR GROSSET?TE TALK REGULATION ON DESC-ORPHAN MEDICINAL PRODUCT , WHICH BE DESC-VERY DESC-IMPORTANT .",NO
25580,"genetic counselling , likewise , should not be dominated by a political goal .","DESC-GENETIC COUNSELLING , DESC-LIKEWISE , SHOULD DESC-NOT BE DOMINATE BY DESC-POLITICAL GOAL .",NO
25585,"first , patients must have a voice in europe .","DESC-FIRST , PATIENT MUST HAVE VOICE IN EUROPE .",NO
25586,that is why I am arguing in favour of financing for these patient organisations .,THAT BE WHY X-I BE ARGUE IN FAVOR FINANCING FOR SE PATIENT ORGANIZATION .,NO
25588,many rare diseases are hereditary .,DESC-MANY DESC-RARE DISEASE BE DESC-HEREDITARY .,NO
25589,"we support amendment 15 , but we wish to delete the reference to the eradication of illnesses .","X-WE SUPPORT AMENDMENT 15 , BUT X-WE WISH TO DELETE REFERENCE TO ERADICATION ILLNESS .",NO
25595,millions of patients in europe are watching us .,MILLION PATIENT IN EUROPE BE WATCH X-WE .,NO
25603,we must stand up resolutely against genetic discrimination .,X-WE MUST STAND DESC-UP DESC-RESOLUTELY AGAINST DESC-GENETIC DISCRIMINATION .,NO
25605,it is naturally of the greatest importance that public health policy should be given primacy over political correctness .,X-IT BE DESC-NATURALLY DESC-GREATEST IMPORTANCE THAT PUBLIC HEALTH POLICY SHOULD BE GIVE PRIMACY OVER DESC-POLITICAL CORRECTNESS .,NO
25606,"the matter at hand here , after all , is healing people .","MATTER AT HAND DESC-HERE , AFTER ALL , BE HEAL PEOPLE .",NO
25612,"in addition to the patients themselves , this action will also affect their relatives and friends .","IN ADDITION TO PATIENT X-MSELVES , THIS ACTION WILL DESC-ALSO AFFECT X-Y DESC-RELATIVE AND FRIEND .",NO
25615,funding for the treatment of rare diseases is for member states to consider .,FUND FOR TREATMENT DESC-RARE DISEASE BE FOR MEMBER STATE TO CONSIDER .,NO
25616,reference was made also by mrs corbey on the help we need to give patientsgroups .,REFERENCE BE MAKE DESC-ALSO BY MR CORBEY ON HELP X-WE NEED TO GIVE PATIENTSGROUP .,NO
25617,the commission agrees with the importance of patientsgroups .,COMMISSION AGREE WITH IMPORTANCE PATIENTSGROUP .,NO
25619,i recently hosted the launch of a book providing 12 000 patientstestimonials .,X-I DESC-RECENTLY HOST LAUNCH BOOK PROVIDE 12 000 PATIENTSTESTIMONIAL .,NO
25628,2007 discharge european medicines agency,2007 DISCHARGE EUROPEAN MEDICINE AGENCY,NO
25631,2007 discharge european centre for disease prevention and control,2007 DISCHARGE EUROPEAN CENTER FOR DISEASE PREVENTION AND CONTROL,NO
25632,2007 discharge european monitoring centre for drugs and drug addiction,2007 DISCHARGE EUROPEAN MONITORING CENTER FOR DRUG AND DRUG ADDICTION,NO
25688,patientsrights in cross border healthcare,PATIENTSRIGHT IN CROSS BORDER HEALTHCARE,NO
25694,i would encourage other colleagues to put the patients first .,X-I WOULD ENCOURAGE DESC-OR COLLEAGUE TO PUT PATIENT DESC-FIRST .,NO
25701,patient safety,PATIENT SAFETY,NO
25702,rare diseases,DESC-RARE DISEASE,NO
25717,2007 discharge european agency for safety and health at work,2007 DISCHARGE EUROPEAN AGENCY FOR SAFETY AND HEALTH AT WORK,NO
25739,et this morning we also discussed and just voted on certain reports from the health care package .,ET THIS MORNING X-WE DESC-ALSO DISCUSS AND DESC-JUST VOTE ON DESC-CERTAIN REPORT FROM HEALTH CARE PACKAGE .,NO
25759,thank goodness that he was able to take advantage of a health care system from another country .,THANK GOODNESS THAT X-HE BE DESC-ABLE TO TAKE ADVANTAGE HEALTH CARE SYSTEM FROM ANOR COUNTRY .,NO
25760,"he , a british citizen , was able to take advantage of the excellent health care service in belgium .","X-HE , BRITISH CITIZEN , BE DESC-ABLE TO TAKE ADVANTAGE DESC-EXCELLENT HEALTH CARE SERVICE IN BELGIUM .",NO
25761,to take advantage of those health care services is a positive step in the right direction .,TO TAKE ADVANTAGE THOSE HEALTH CARE SERVICE BE DESC-POSITIVE STEP IN DESC-RIGHT DIRECTION .,NO
25762,we look forward to offering choice and greater service to patients right across the european union .,X-WE LOOK DESC-FORWARD TO OFFER CHOICE AND DESC-GREATER SERVICE TO PATIENT DESC-RIGHT ACROSS EUROPEAN UNION .,NO
25769,that is the precise opposite of medicine it is murder .,THAT BE DESC-PRECISE OPPOSITE MEDICINE X-IT BE MURDER .,NO
25847,conservatives support patient mobility within the eu and see it as a way of strengthening public healthcare provision .,DESC-CONSERVATIVE SUPPORT PATIENT MOBILITY WITHIN EU AND SEE X-IT AS WAY STRENGN PUBLIC HEALTHCARE PROVISION .,NO
25850,this also includes their competence with regard to establishing prior authorisation systems for the purposes of hospital treatment abroad .,THIS DESC-ALSO INCLUDE X-Y COMPETENCE WITH REGARD TO ESTABLISH DESC-PRIOR AUTHORISATION SYSTEM FOR PURPOSE HOSPITAL TREATMENT DESC-ABROAD .,NO
25852,the member states themselves are responsible for providing medical care and for organising their health systems .,MEMBER STATE X-MSELVES BE DESC-RESPONSIBLE FOR PROVIDE DESC-MEDICAL CARE AND FOR ORGANISE X-Y HEALTH SYSTEM .,NO
25854,"however , I would insist that the member states have sole competence to organise and fund health systems .","DESC-HOWEVER , X-I WOULD INSIST THAT MEMBER STATE HAVE DESC-SOLE COMPETENCE TO ORGANISE AND FUND HEALTH SYSTEM .",NO
25855,prior authorisation for hospital treatment is the instrument that is key to being able to exercise this power .,DESC-PRIOR AUTHORISATION FOR HOSPITAL TREATMENT BE INSTRUMENT THAT BE KEY TO BE DESC-ABLE TO EXERCISE THIS POWER .,NO
25858,"it is no surprise that , only recently , tory mep dan hannan advocated a privatised approach to healthcare .","X-IT BE NO SURPRISE THAT , DESC-ONLY DESC-RECENTLY , TORY MEP DAN HANNAN ADVOCATE PRIVATISE APPROACH TO HEALTHCARE .",NO
25859,it will result in the dismantling of national healthcare systems and will drive out patients looking abroad for healthcare .,X-IT WILL RESULT IN DISMANTLE DESC-NATIONAL HEALTHCARE SYSTEM AND WILL DRIVE OUT PATIENT LOOK DESC-ABROAD FOR HEALTHCARE .,NO
25860,healthcare is and must remain the responsibility of the member states .,HEALTHCARE BE AND MUST REMAIN RESPONSIBILITY MEMBER STATE .,NO
25861,dealing with healthcare as a marketable commodity instead of a public service is unacceptable .,DEAL WITH HEALTHCARE AS DESC-MARKETABLE COMMODITY DESC-INSTEAD PUBLIC SERVICE BE DESC-UNACCEPTABLE .,NO
25863,prior authorisation in this directive negates patientsrights .,DESC-PRIOR AUTHORISATION IN THIS DIRECTIVE NEGATE PATIENTSRIGHT .,NO
25865,instead it has been a wasted opportunity where the health of patients is used as a commodity for profit .,DESC-INSTEAD X-IT HAVE BE WASTE OPPORTUNITY WHERE HEALTH PATIENT BE USE AS COMMODITY FOR PROFIT .,NO
25867,these amendments were essential to the preservation of the nhs in scotland and the uk as a whole .,SE AMENDMENT BE DESC-ESSENTIAL TO PRESERVATION NH IN SCOTLAND AND UK AS WHOLE .,NO
25871,"this is particularly important in belgium , a small country with a relatively large inflow of foreign patients .","THIS BE DESC-PARTICULARLY DESC-IMPORTANT IN BELGIUM , DESC-SMALL COUNTRY WITH DESC-RELATIVELY DESC-LARGE INFLOW DESC-FOREIGN PATIENT .",NO
25874,i voted for the proposal on patient safety .,X-I VOTE FOR PROPOSAL ON PATIENT SAFETY .,NO
25875,some adverse effects are caused by avoidable medical errors or infections arising during treatment .,SOME DESC-ADVERSE EFFECT BE CAUSE BY DESC-AVOIDABLE DESC-MEDICAL ERROR OR INFECTION ARISE DURING TREATMENT .,NO
25877,in writing . I welcome the proposed initiative to improve healthcare for people suffering from rare diseases .,X-I DESC-WELCOME PROPOSE INITIATIVE TO IMPROVE HEALTHCARE FOR PEOPLE SUFFER FROM DESC-RARE DISEASE .,NO
25879,adequate resources need to be provided to ensure immediate action in the field of rare diseases .,DESC-ADEQUATE RESOURCE NEED TO BE PROVIDE TO ENSURE DESC-IMMEDIATE ACTION IN FIELD DESC-RARE DISEASE .,NO
25881,this is particular true of rare genetic diseases that are hereditary .,THIS BE DESC-PARTICULAR DESC-TRUE DESC-RARE DESC-GENETIC DISEASE THAT BE DESC-HEREDITARY .,NO
26003,it prescribed homeopathic remedies where major surgery is obviously needed .,X-IT PRESCRIBE HOMEOPATHIC REMEDY WHERE DESC-MAJOR SURGERY BE DESC-OBVIOUSLY NEED .,YES
26056,therefore the treatment must be long term as well and it will require patience .,DESC-REFORE TREATMENT MUST BE DESC-LONG TERM AS DESC-WELL AND X-IT WILL REQUIRE PATIENCE .,YES
26061,we cannot expect miracle cures to be found within the next three or four months .,X-WE CAN DESC-NOT EXPECT MIRACLE CURE TO BE FIND WITHIN NEXT THREE OR FOUR MONTH .,NO
26366,on the council statement on the united nations convention on the rights of persons with disabilities,ON COUNCIL STATEMENT ON UNITE NATION CONVENTION ON RIGHTS PERSON WITH DISABILITY,NO
26368,on 10 march 2008 the council adopted a resolution on the position of disabled persons in the european union .,ON 10 MARCH 2008 COUNCIL ADOPT RESOLUTION ON POSITION DESC-DISABLED PERSON IN EUROPEAN UNION .,NO
26380,often their right to sexuality and maternity is restricted or there are forced abortions and sterilisations .,DESC-OFTEN X-Y DESC-RIGHT TO SEXUALITY AND MATERNITY BE RESTRICT OR DESC-RE BE FORCE ABORTION AND STERILISATION .,NO
26390,this convention has the potential to empower millions of disabled people in the eu .,THIS CONVENTION HAVE POTENTIAL TO EMPOWER MILLION DESC-DISABLED PEOPLE IN EU .,NO
26394,only 15 % of disabled children are integrated into the school system .,DESC-ONLY 15 % DESC-DISABLED CHILD BE INTEGRATE INTO SCHOOL SYSTEM .,NO
26395,claims to access for disabled persons are circumvented in my country with translation tricks .,CLAIM TO ACCESS FOR DESC-DISABLED PERSON BE CIRCUMVENT IN X-MY COUNTRY WITH TRANSLATION TRICK .,NO
26402,under the sponsorship of the presidency a series of events arranged by disability organisations have taken place .,UNDER SPONSORSHIP PRESIDENCY SERIES EVENT ARRANGE BY DISABILITY ORGANIZATION HAVE TAKE PLACE .,NO
26404,it was set up by the czech national council for persons with disabilities .,X-IT BE SET DESC-UP BY CZECH DESC-NATIONAL COUNCIL FOR PERSON WITH DISABILITY .,NO
26406,it is now generally acknowledged that taking notice of the issue of disability is the key to resolving it .,X-IT BE DESC-NOW DESC-GENERALLY ACKNOWLEDGE THAT TAKE NOTICE ISSUE DISABILITY BE KEY TO RESOLVE X-IT .,NO
26407,the european parliament must bear its responsibility for improving the conditions of people with disabilities .,EUROPEAN PARLIAMENT MUST BEAR X-ITS RESPONSIBILITY FOR IMPROVE CONDITION PEOPLE WITH DISABILITY .,NO
26408,the rights of disabled people are broken regularly .,RIGHTS DESC-DISABLED PEOPLE BE BREAK DESC-REGULARLY .,NO
26414,disabled people are not happy with rights which they only have on paper .,DESC-DISABLED PEOPLE BE DESC-NOT DESC-HAPPY WITH RIGHTS WHICH X-Y DESC-ONLY HAVE ON PAPER .,NO
26442,the council took the view that the use of these substances could potentially mask poor hygiene practices .,COUNCIL TAKE VIEW THAT USE SE SUBSTANCE COULD DESC-POTENTIALLY MASK DESC-POOR HYGIENE PRACTICE .,NO
26791,the main objective of the regulation before us is the guarantee of hygiene and human health and safety .,DESC-MAIN OBJECTIVE REGULATION BEFORE X-WE BE GUARANTEE HYGIENE AND DESC-HUMAN HEALTH AND SAFETY .,NO
26815,this is completely schizophrenic .,THIS BE DESC-COMPLETELY DESC-SCHIZOPHRENIC .,NO
26837,the highest child mortality rate in the world seemed to be improving .,DESC-HIGHEST CHILD MORTALITY RATE IN WORLD SEEM TO BE IMPROVE .,NO
26939,un convention on the rights of persons with disabilities,UN CONVENTION ON RIGHTS PERSON WITH DISABILITY,NO
26979,rights of persons with disabilities,RIGHTS PERSON WITH DISABILITY,NO
27019,i constantly emphasise that people with disabilities must be treated just as people without disabilities are treated .,X-I DESC-CONSTANTLY EMPHASISE THAT PEOPLE WITH DISABILITY MUST BE TREAT DESC-JUST AS PEOPLE WITHOUT DISABILITY BE TREAT .,NO
27040,disease outbreaks can also have adverse consequences for the environment disposal of the bodies and biodiversity .,DISEASE OUTBREAK CAN DESC-ALSO HAVE DESC-ADVERSE CONSEQUENCE FOR ENVIRONMENT DISPOSAL BODY AND BIODIVERSITY .,NO
27054,uncontrolled release of free nanoparticles into the environment may be hazardous to health .,DESC-UNCONTROLLED RELEASE DESC-FREE NANOPARTICLE INTO ENVIRONMENT MAY BE DESC-HAZARDOUS TO HEALTH .,NO
27057,does the catalytic action of the nanoaerosols which are all around us have dangerous effects on health ?,DO DESC-CATALYTIC ACTION NANOAEROSOL WHICH BE ALL AROUND X-WE HAVE DESC-DANGEROUS EFFECT ON HEALTH ?,NO
27179,flu epidemic debate,FLU EPIDEMIC DEBATE,NO
27180,the next item is a statement by the commission on the flu epidemic .,NEXT ITEM BE STATEMENT BY COMMISSION ON FLU EPIDEMIC .,NO
27182,"eight human to human transmissions have been reported , in one instance even to a health care worker .","EIGHT DESC-HUMAN TO DESC-HUMAN TRANSMISSION HAVE BE REPORT , IN ONE INSTANCE DESC-EVEN TO HEALTH CARE WORKER .",NO
27184,the ecdc operates the surveillance networks which follow the number of cases reported .,ECDC OPERATE SURVEILLANCE NETWORK WHICH FOLLOW NUMBER CASE REPORT .,NO
27185,the commission has worked throughout in close contact and cooperation with the who .,COMMISSION HAVE WORK THROUGHOUT IN DESC-CLOSE CONTACT AND COOPERATION WITH WHO .,NO
27186,"these meetings review the epidemiological situation , discuss and decide on measures and on appropriate legislative acts .","SE MEETING REVIEW EPIDEMIOLOGICAL SITUATION , DISCUSS AND DECIDE ON MEASURE AND ON DESC-APPROPRIATE DESC-LEGISLATIVE ACT .",NO
27190,this is essential if we are to avoid a health crisis becoming an economic crisis as well .,THIS BE DESC-ESSENTIAL IF X-WE BE TO AVOID HEALTH CRISIS BECOME DESC-ECONOMIC CRISIS AS DESC-WELL .,NO
27194,"it means innovation , with european funded research helping to bring a vaccine to production as quickly as possible .","X-IT MEAN INNOVATION , WITH EUROPEAN FUND RESEARCH HELP TO BRING VACCINE TO PRODUCTION AS DESC-QUICKLY AS DESC-POSSIBLE .",NO
27197,the second issue that I want to mention is that of antiviral drugs .,DESC-SECOND ISSUE THAT X-I WANT TO MENTION BE THAT DESC-ANTIVIRAL DRUG .,NO
27206,"taking the example of the antiviral drugs who has , and who does not have , these ?","TAKE EXAMPLE DESC-ANTIVIRAL DRUG WHO HAVE , AND WHO DO DESC-NOT HAVE , SE ?",NO
27216,"we did hold an extensive debate in this house in june 200information on the nature of the virus is protected , is kept secret .","X-WE DO HOLD DESC-EXTENSIVE DEBATE IN THIS HOUSE IN JUNE 200INFORMATION ON NATURE VIRUS BE PROTECT , BE KEEP SECRET .",NO
27220,"despite the subsidiarity of healthcare , infectious diseases know no boundaries and oblige us to take joint action .","DESPITE SUBSIDIARITY HEALTHCARE , DESC-INFECTIOUS DISEASE KNOW NO BOUNDARY AND OBLIGE X-WE TO TAKE DESC-JOINT ACTION .",NO
27228,it is well known that viruses do not like high temperatures .,X-IT BE DESC-WELL KNOW THAT VIRUS DO DESC-NOT LIKE DESC-HIGH TEMPERATURE .,NO
27231,"the same goes for the medication available , of course .","DESC-SAME GO FOR MEDICATION DESC-AVAILABLE , COURSE .",NO
27233,i was the european parliament rapporteur on preparations by the 27 member states to deal with avian influenza .,X-I BE EUROPEAN PARLIAMENT RAPPORTEUR ON PREPARATION BY 27 MEMBER STATE TO DEAL WITH DESC-AVIAN INFLUENZA .,NO
27246,many speakers mentioned antivirals and the sufficiency of stocks .,DESC-MANY SPEAKER MENTION DESC-ANTIVIRAL AND SUFFICIENCY STOCK .,NO
27248,equal treatment between men and women engaged in a self employed capacity pregnant workers debate,DESC-EQUAL TREATMENT BETWEEN MAN AND WOMAN ENGAGE IN SELF EMPLOY CAPACITY DESC-PREGNANT WORKER DEBATE,NO
27269,"similarly , on maternity benefits , the commission's proposal introduces the principle of paying salaries in full .","DESC-SIMILARLY , ON MATERNITY BENEFIT , COMMISSION X-POSS PROPOSAL INTRODUCE PRINCIPLE PAY SALARY IN DESC-FULL .",NO
27304,maternity leave must not penalise women .,MATERNITY LEAVE MUST DESC-NOT PENALIZE WOMAN .,NO
27309,breastfeeding a child is very important for its immunity and biological health .,BREASTFEED CHILD BE DESC-VERY DESC-IMPORTANT FOR X-ITS IMMUNITY AND DESC-BIOLOGICAL HEALTH .,NO
27319,"against this background , the occupational safety regulations relating to mothers deserve particular attention .","AGAINST THIS BACKGROUND , DESC-OCCUPATIONAL SAFETY REGULATION RELATE TO MOR DESERVE DESC-PARTICULAR ATTENTION .",NO
27339,"after all , this directive concerns health and safety and not parental leave .","AFTER ALL , THIS DIRECTIVE CONCERN HEALTH AND SAFETY AND DESC-NOT DESC-PARENTAL LEAVE .",NO
27341,my third point concerns maternity and childbirth leave for self employed women and assisting spouses .,X-MY DESC-THIRD POINT CONCERN MATERNITY AND CHILDBIRTH LEAVE FOR SELF EMPLOY WOMAN AND ASSIST SPOUSE .,NO
27348,"de mr president , the member states are clearly responsible for legislation in the field of healthcare .","DE MR PRESIDENT , MEMBER STATE BE DESC-CLEARLY DESC-RESPONSIBLE FOR LEGISLATION IN FIELD HEALTHCARE .",NO
27349,europe has laid down minimum standards for maternity leave .,EUROPE HAVE LAY DESC-DOWN MINIMUM STANDARD FOR MATERNITY LEAVE .,NO
27352,"both the length of , and the financial support for , maternity leave vary .","BOTH LENGTH , AND DESC-FINANCIAL SUPPORT FOR , MATERNITY LEAVE VARY .",NO
27370,"the other issue to be mentioned was amendment 14 , namely the introduction of mandatory insurance .","DESC-OR ISSUE TO BE MENTION BE AMENDMENT 14 , DESC-NAMELY INTRODUCTION DESC-MANDATORY INSURANCE .",NO
27377,"allow me to add a few words on maternity protection , because our position has been very badly misunderstood .","ALLOW X-I TO ADD DESC-FEW WORD ON MATERNITY PROTECTION , BECAUSE X-WE POSITION HAVE BE DESC-VERY DESC-BADLY MISUNDERSTAND .",NO
27436,it took away doctorsrights and it took away their working conditions .,X-IT TAKE DESC-AWAY DOCTORSRIGHT AND X-IT TAKE DESC-AWAY X-Y WORK CONDITION .,NO
27448,maybe we will do that in the future and address the health sector alone .,DESC-MAYBE X-WE WILL DO THAT IN FUTURE AND ADDRESS HEALTH SECTOR DESC-ALONE .,NO
27459,"the on call system is not sufficient to meet actual needs , particularly in the area of health .","ON CALL SYSTEM BE DESC-NOT DESC-SUFFICIENT TO MEET DESC-ACTUAL NEED , DESC-PARTICULARLY IN AREA HEALTH .",NO
27568,large numbers of people are injured or permanently disabled .,DESC-LARGE NUMBER PEOPLE BE INJURE OR DESC-PERMANENTLY DESC-DISABLED .,NO
27711,"marketing of some pharmaceutical products made from seals , such as dietary supplements , will not be allowed .","MARKETING SOME DESC-PHARMACEUTICAL PRODUCT MAKE FROM SEAL , DESC-SUCH AS DIETARY SUPPLEMENT , WILL DESC-NOT BE ALLOW .",NO
27716,is it ever right to test on animals in order to potentially save the lives of humans ?,BE X-IT DESC-EVER DESC-RIGHT TO TEST ON ANIMAL IN ORDER TO DESC-POTENTIALLY SAVE LIFE DESC-HUMAN ?,NO
27722,it is also a step forward for medical research .,X-IT BE DESC-ALSO STEP DESC-FORWARD FOR DESC-MEDICAL RESEARCH .,NO
27725,"however , european citizens quite rightly demand that the best and more effective medicines are available .","DESC-HOWEVER , EUROPEAN CITIZEN DESC-QUITE DESC-RIGHTLY DEMAND THAT DESC-BEST AND MORE DESC-EFFECTIVE MEDICINE BE DESC-AVAILABLE .",NO
27742,"as there are no alternative procedures for developing all drugs and vaccines , animal experiments have to be conducted .","AS DESC-RE BE NO ALTERNATIVE PROCEDURE FOR DEVELOP ALL DRUG AND VACCINE , ANIMAL EXPERIMENT HAVE TO BE CONDUCT .",NO
27749,it was therefore essential to put the issue of human health back at the heart of the discussions .,X-IT BE DESC-REFORE DESC-ESSENTIAL TO PUT ISSUE DESC-HUMAN HEALTH DESC-BACK AT HEART DISCUSSION .,NO
27755,the commission has also effectively resolved the highly controversial issue of tests on non human primates .,COMMISSION HAVE DESC-ALSO DESC-EFFECTIVELY RESOLVE DESC-HIGHLY DESC-CONTROVERSIAL ISSUE TEST ON NON DESC-HUMAN PRIMATE .,NO
27756,these tests have been restricted to life threatening illnesses and brain diseases .,SE TEST HAVE BE RESTRICT TO LIFE THREATEN ILLNESS AND BRAIN DISEASE .,NO
27782,concern was also expressed about the criteria for severity bands .,CONCERN BE DESC-ALSO DESC-EXPRESS ABOUT CRITERION FOR SEVERITY BAND .,NO
27785,"it is right to refine , reduce and replace animal testing wherever possible .","X-IT BE DESC-RIGHT TO REFINE , REDUCE AND REPLACE ANIMAL TESTING WHEREVER DESC-POSSIBLE .",NO
27815,we must emphasise that this legislation was necessary precisely because the existing preventive regulations were not enforced adequately .,X-WE MUST EMPHASISE THAT THIS LEGISLATION BE DESC-NECESSARY DESC-PRECISELY BECAUSE EXIST PREVENTIVE REGULATION BE DESC-NOT ENFORCE DESC-ADEQUATELY .,NO
27976,such groups include the elderly and the disabled .,DESC-SUCH GROUP INCLUDE DESC-ELDERLY AND DESC-DISABLED .,NO
28003,soon it should also be easier for people with disabilities .,DESC-SOON X-IT SHOULD DESC-ALSO BE DESC-EASIER FOR PEOPLE WITH DISABILITY .,NO
28225,"we cannot talk about alternatives to animal testing , but then fail to support their development and quick recognition .","X-WE CAN DESC-NOT TALK ABOUT ALTERNATIVE TO ANIMAL TESTING , BUT DESC-N FAIL TO SUPPORT X-Y DEVELOPMENT AND DESC-QUICK RECOGNITION .",NO
28226,funding for non animal testing alternatives must not dry up .,FUND FOR NON ANIMAL TESTING ALTERNATIVE MUST DESC-NOT DESC-DRY DESC-UP .,NO
28230,"we must reduce animal testing , but humans are still not to be seen as the alternative .","X-WE MUST REDUCE ANIMAL TESTING , BUT DESC-HUMAN BE DESC-STILL DESC-NOT TO BE SEE AS ALTERNATIVE .",NO
28312,research requires experiments in order to address important public health problems and numerous and even incurable diseases .,RESEARCH REQUIRE EXPERIMENT IN ORDER TO ADDRESS DESC-IMPORTANT PUBLIC HEALTH PROBLEM AND DESC-NUMEROUS AND DESC-EVEN DESC-INCURABLE DISEASE .,NO
28394,"again , I would like to come back to your consultation , which you can have today .","DESC-AGAIN , X-I WOULD LIKE TO COME DESC-BACK TO X-YOU CONSULTATION , WHICH X-YOU CAN HAVE TODAY .",YES
28446,"in britain , 3 million people use the opt out .","IN BRITAIN , 3 MILLION PEOPLE USE OPT OUT .",NO
28613,our response to the crisis must not be limited to clinical technical measures to resolve regulatory problems .,X-WE RESPONSE TO CRISIS MUST DESC-NOT BE LIMIT TO DESC-CLINICAL DESC-TECHNICAL MEASURE TO RESOLVE DESC-REGULATORY PROBLEM .,NO
28724,"i regret , however , that the ppe de group has tabled an alternative resolution .","X-I REGRET , DESC-HOWEVER , THAT PPE DE GROUP HAVE TABLE ALTERNATIVE RESOLUTION .",NO
28732,poverty promotes social exclusion and restricts access to education and health care .,POVERTY PROMOTE DESC-SOCIAL EXCLUSION AND RESTRICT ACCESS TO EDUCATION AND HEALTH CARE .,NO
28734,"we should also tackle discrimination in the job market , especially as it affects people with disabilities .","X-WE SHOULD DESC-ALSO TACKLE DISCRIMINATION IN JOB MARKET , DESC-ESPECIALLY AS X-IT AFFECT PEOPLE WITH DISABILITY .",NO
28828,"he was right to say ,a stitch in time saves nine.","X-HE BE DESC-RIGHT TO SAY , STITCH IN TIME SAVE NINE .",NO
28888,"do you think that you might take precautionary measures , which might go so far as closing krško ?","KO ? THINK THAT X-YOU MIGHT TAKE DESC-PRECAUTIONARY MEASURE , WHICH MIGHT GO DESC-SO DESC-FAR AS DESC-CLOSE KR ?",NO
29066,"if you blend blood , then you make contaminated blood .","IF X-YOU BLEND BLOOD , DESC-N X-YOU MAKE CONTAMINATE BLOOD .",NO
29260,animals are also killed in huge numbers outside slaughterhouses in order to control the spread of disease .,ANIMAL BE DESC-ALSO KILL IN DESC-HUGE NUMBER OUTSIDE SLAUGHTERHOUSE IN ORDER TO CONTROL SPREAD DISEASE .,NO
29261,people consider that mass culling for disease control purposes should be performed in the most humane way possible .,PEOPLE CONSIDER THAT MASS CULL FOR DISEASE CONTROL PURPOSE SHOULD BE PERFORM IN MOST HUMANE WAY DESC-POSSIBLE .,NO
29516,the commission is quite clearly planning to administer further euthanasia .,COMMISSION BE DESC-QUITE DESC-CLEARLY PLAN TO ADMINISTER DESC-FURR EUTHANASIA .,NO
29561,it is more of a shot in the arm than a therapy .,X-IT BE MORE SHOT IN ARM THAN RAPY .,NO
29961,"we insist that assisting spouses be compulsorily insured , as is the case for the self employed .","X-WE INSIST THAT ASSIST SPOUSE BE DESC-COMPULSORILY INSURE , AS BE CASE FOR SELF EMPLOY .",NO
30117,this proposal also carries risks in terms of contagious disease and infection .,THIS PROPOSAL DESC-ALSO CARRY RISK IN TERM DESC-CONTAGIOUS DISEASE AND INFECTION .,NO
30255,"officially , china has always strenuously denied all the allegations about the ankang system mentioned in my report .","DESC-OFFICIALLY , CHINA HAVE DESC-ALWAYS DESC-STRENUOUSLY DENY ALL ALLEGATION ABOUT ANKANG SYSTEM MENTION IN X-MY REPORT .",NO
30290,this man has been given no health care in prison .,THIS MAN HAVE BE GIVE NO HEALTH CARE IN PRISON .,YES
30545,subject health care abroad,SUBJECT HEALTH CARE DESC-ABROAD,NO
30550,it is the same amount which would be incurred for the same treatment in their home member state .,X-IT BE DESC-SAME AMOUNT WHICH WOULD BE INCUR FOR DESC-SAME TREATMENT IN X-Y HOME MEMBER STATE .,NO
30553,"however , it is clearly wrong that a lot will depend on a patient's ability to pay .","DESC-HOWEVER , X-IT BE DESC-CLEARLY DESC-WRONG THAT LOT WILL DEPEND ON PATIENT X-POSS ABILITY TO PAY .",NO
30982,member states should ensure that assisting spouses can become members of sickness and invalidity insurance schemes and pension schemes .,MEMBER STATE SHOULD ENSURE THAT ASSIST SPOUSE CAN BECOME MEMBER SICKNESS AND INVALIDITY INSURANCE SCHEME AND PENSION SCHEME .,NO
31116,the effects of asbestos on health have long been known .,EFFECT ASBESTOS ON HEALTH HAVE DESC-LONG BE KNOW .,NO
31120,"after all , it can take anything up to 40 years for the disease to develop .","AFTER ALL , X-IT CAN TAKE ANYTHING DESC-UP TO 40 YEAR FOR DISEASE TO DEVELOP .",NO
31135,we have great affection and respect for him and are pleased to see he has recovered .,X-WE HAVE DESC-GREAT AFFECTION AND RESPECT FOR X-HE AND BE DESC-PLEASED TO SEE X-HE HAVE RECOVER .,YES
31141,asbestos is very often safe while it is covered .,ASBESTOS BE DESC-VERY DESC-OFTEN DESC-SAFE WHILE X-IT BE COVER .,NO
31418,there is little evidence that promoting the use of condoms actually prevents the transmission of aids .,DESC-RE BE DESC-LITTLE EVIDENCE THAT PROMOTE USE CONDOM DESC-ACTUALLY PREVENT TRANSMISSION AID .,NO
31454,i have therefore voted against the resolution out of solidarity with the victims of asbestos .,X-I HAVE DESC-REFORE VOTE AGAINST RESOLUTION OUT SOLIDARITY WITH VICTIM ASBESTOS .,NO
31460,"it is true that she has ended this , but her health is in a very precarious state .","X-IT BE DESC-TRUE THAT X-SHE HAVE END THIS , BUT X-SHE HEALTH BE IN DESC-VERY DESC-PRECARIOUS STATE .",YES
31469,she is very emaciated .,X-SHE BE DESC-VERY DESC-EMACIATED .,YES
31470,her health and her life are still in danger .,X-SHE HEALTH AND X-SHE LIFE BE DESC-STILL IN DANGER .,YES
31475,"on 1 may , very weak , she was transferred to the prison hospital .","ON 1 MAY , DESC-VERY DESC-WEAK , X-SHE BE TRANSFER TO PRISON HOSPITAL .",YES
32032,we can see how the drugs trade and human trafficking are spreading .,X-WE CAN SEE HOW DRUG TRADE AND DESC-HUMAN TRAFFICKING BE SPREAD .,NO
32731,the fact is that the scanning equipment to be used is not accurate .,FACT BE THAT SCAN EQUIPMENT TO BE USE BE DESC-NOT DESC-ACCURATE .,NO
33031,"we need a policy of prevention , but also a policy of coordination .","X-WE NEED POLICY PREVENTION , BUT DESC-ALSO POLICY COORDINATION .",NO
33084,"we do not talk enough about prevention , because it involves the principle of subsidiarity .","X-WE DO DESC-NOT TALK DESC-ENOUGH ABOUT PREVENTION , BECAUSE X-IT INVOLVE PRINCIPLE SUBSIDIARITY .",NO
33099,i also think raising awareness and fostering a culture of prevention are fundamental .,X-I DESC-ALSO THINK RAISE AWARENESS AND DESC-FOSTER CULTURE PREVENTION BE DESC-FUNDAMENTAL .,NO
33130,look at prevention .,LOOK AT PREVENTION .,NO
33214,"it provides real opportunities for chemicals , pharmaceuticals , other industries .","X-IT PROVIDE DESC-REAL OPPORTUNITY FOR CHEMICAL , DESC-PHARMACEUTICAL , DESC-OR INDUSTRY .",NO
33586,this is one of the reasons why the ppe group is calling for its application as soon as possible .,THIS BE ONE REASON WHY PPE GROUP BE CALL FOR X-ITS APPLICATION AS DESC-SOON AS DESC-POSSIBLE .,NO
34579,"indeed , its fertility rate is expected to decline even below 2.5 % by 20the strategy has extended the concept of family planning to that of sexual and reproductive health and rights .","DESC-INDEED , X-ITS FERTILITY RATE BE EXPECT TO DECLINE DESC-EVEN BELOW 2.5 % BY DESC-20 STRATEGY HAVE EXTEND CONCEPT FAMILY PLANNING TO THAT DESC-SEXUAL AND DESC-REPRODUCTIVE HEALTH AND RIGHTS .",NO
34580,"in particular , the education of women has an impact on their reproductive behaviour .","IN DESC-PARTICULAR , EDUCATION WOMAN HAVE IMPACT ON X-Y DESC-REPRODUCTIVE BEHAVIOR .",NO
34587,a lot of maternal deaths result from abortions in unacceptable circumstances .,LOT MATERNAL DEATH RESULT FROM ABORTION IN DESC-UNACCEPTABLE CIRCUMSTANCE .,NO
35032,are you ill or something ?,BE X-YOU DESC-ILL OR SOMETHING ?,YES
35033,are you ill ?,BE X-YOU DESC-ILL ?,YES
35168,tajikistan is also key to efforts to stem the flow of illegal drugs to europe from afghanistan .,TAJIKISTAN BE DESC-ALSO KEY TO EFFORT TO STEM FLOW DESC-ILLEGAL DRUG TO EUROPE FROM AFGHANISTAN .,NO
35209,tajikistan is at the crossroads of drug trafficking from afghanistan to europe and russia .,TAJIKISTAN BE AT CROSSROADS DRUG TRAFFICKING FROM AFGHANISTAN TO EUROPE AND RUSSIUM .,NO
35287,the wounds of this area are healing slowly .,WOUND THIS AREA BE HEAL DESC-SLOWLY .,YES
35311,the only problem left is the problem in people's heads in their heads and in our heads .,DESC-ONLY PROBLEM LEAVE BE PROBLEM IN PEOPLE X-POSS HEAD IN X-Y HEAD AND IN X-WE HEAD .,NO
35521,"in 1990 , the world health organisation removed homosexuality from the international statistical classification of diseases and health problems .","IN 1990 , WORLD HEALTH ORGANIZATION REMOVE HOMOSEXUALITY FROM DESC-INTERNATIONAL DESC-STATISTICAL CLASSIFICATION DISEASE AND HEALTH PROBLEM .",NO
35522,it also confirmed that no type of sexual orientation is a disorder .,X-IT DESC-ALSO CONFIRM THAT NO TYPE DESC-SEXUAL ORIENTATION BE DISORDER .,NO
35780,it is almost as if we are destroying the progress that we made in connection with the health check .,X-IT BE DESC-ALMOST AS IF X-WE BE DESTROY PROGRESS THAT X-WE MAKE IN CONNECTION WITH HEALTH CHECK .,NO
36181,that justifies continuing public intervention for butter and powdered milk .,THAT JUSTIFY CONTINUE PUBLIC INTERVENTION FOR BUTTER AND DESC-POWDERED MILK .,NO
36325,taiwan could easily play its part in the world health organization as an observer .,TAIWAN COULD DESC-EASILY PLAY X-ITS PART IN WORLD HEALTH ORGANIZATION AS OBSERVER .,NO
36612,you can count on the ppe to help work progress quickly .,X-YOU CAN COUNT ON PPE TO HELP WORK PROGRESS DESC-QUICKLY .,NO
36941,"we must fight unequal pay , and for better and equal access to education , culture and health care .","X-WE MUST FIGHT DESC-UNEQUAL PAY , AND FOR DESC-BETTER AND DESC-EQUAL ACCESS TO EDUCATION , CULTURE AND HEALTH CARE .",NO
37285,"it is also important to point out that from childhood , mr ivanilovas has suffered from bronchial asthma .","X-IT BE DESC-ALSO DESC-IMPORTANT TO POINT OUT THAT FROM CHILDHOOD , MR IVANILOVA HAVE SUFFER FROM DESC-BRONCHIAL ASTHMA .",YES
37289,he needs immediate medical attention .,X-HE NEED DESC-IMMEDIATE DESC-MEDICAL ATTENTION .,YES
37307,parliament has a medical service .,PARLIAMENT HAVE DESC-MEDICAL SERVICE .,NO
37698,"half an hour later , the ambulance arrived to treat mrs niebler .","HALF HOUR DESC-LATER , AMBULANCE ARRIVE TO TREAT MR NIEBLER .",YES
37741,prevention efforts are made in the light of climate change .,PREVENTION EFFORT BE MAKE IN LIGHT CLIMATE CHANGE .,NO
37823,request for urgent procedure,REQUEST FOR DESC-URGENT PROCEDURE,YES
37844,"currently , there is a plan in the country to close 50 % of the hospitals .","DESC-CURRENTLY , DESC-RE BE PLAN IN COUNTRY TO DESC-CLOSE 50 % HOSPITAL .",NO
37847,"30 % of police officers , 30 % of schoolteachers and 30 % of doctors have lost their jobs .","30 % POLICE OFFICER , 30 % SCHOOLTEACHER AND 30 % DOCTOR HAVE LOSE X-Y JOB .",NO
38431,"in developing countries , the land is drying out and diseases are spreading .","IN DEVELOP COUNTRY , LAND BE DESC-DRY OUT AND DISEASE BE SPREAD .",NO
38484,"there is often a psychological side to it , and we should all play our part in that .","DESC-RE BE DESC-OFTEN DESC-PSYCHOLOGICAL SIDE TO X-IT , AND X-WE SHOULD ALL PLAY X-WE PART IN THAT .",NO
38526,it was a very informative event entitledprescription for a healthy planet.,X-IT BE DESC-VERY DESC-INFORMATIVE EVENT ENTITLEDPRESCRIPTION FOR DESC-HEALTHY PLANET .,NO
38527,"at that point , the patient is damaged beyond recovery .","AT THAT POINT , PATIENT BE DAMAGE BEYOND RECOVERY .",YES
38657,there is a psychological explanation for this inertia .,DESC-RE BE DESC-PSYCHOLOGICAL EXPLANATION FOR THIS INERTIA .,NO
38673,delegation of the tasks of laboratory testing,DELEGATION TASK LABORATORY TESTING,NO
38984,eleven million children die every year in the developing world .,ELEVEN MILLION CHILD DIE EVERY YEAR IN DEVELOP WORLD .,NO
39368,"leaving aside the jobs which have been undermined in registered businesses , the health implications of this are extraordinary .","LEAVE DESC-ASIDE JOB WHICH HAVE BE UNDERMINE IN REGISTER BUSINESS , HEALTH IMPLICATION THIS BE DESC-EXTRAORDINARY .",NO
39370,these cigarettes are contributing to that problem but not making any contribution to the cost of treating it .,SE CIGARETTE BE CONTRIBUTE TO THAT PROBLEM BUT DESC-NOT MAKE ANY CONTRIBUTION TO COST TREAT X-IT .,NO
39371,i suppose that this is the most important step to take in order to avoid all health risks .,X-I SUPPOSE THAT THIS BE MOST DESC-IMPORTANT STEP TO TAKE IN ORDER TO AVOID ALL HEALTH RISK .,NO
39404,the increase in child obesity is extremely worrying .,INCREASE IN CHILD OBESITY BE DESC-EXTREMELY WORRY .,NO
39405,"at that time , we consumed more fat , but we did not have the problem with obesity .","AT THAT TIME , X-WE CONSUME MORE DESC-FAT , BUT X-WE DO DESC-NOT HAVE PROBLEM WITH OBESITY .",NO
39417,i think an information campaign on the negative consequences of this type of product would be very important .,X-I THINK INFORMATION CAMPAIGN ON DESC-NEGATIVE CONSEQUENCE THIS TYPE PRODUCT WOULD BE DESC-VERY DESC-IMPORTANT .,NO
39459,"we are therefore calling for a real emergency financial plan , not a plaster to treat a life threatening illness .","X-WE BE DESC-REFORE CALL FOR DESC-REAL EMERGENCY DESC-FINANCIAL PLAN , DESC-NOT PLASTER TO TREAT LIFE THREATEN ILLNESS .",NO
39909,"the committee on the environment , public health and food safety did this on monday .","COMMITTEE ON ENVIRONMENT , PUBLIC HEALTH AND FOOD SAFETY DO THIS ON MONDAY .",NO
39912,"of course , pharmaceutical legislation is a matter for industry , but it is also a health issue .","COURSE , DESC-PHARMACEUTICAL LEGISLATION BE MATTER FOR INDUSTRY , BUT X-IT BE DESC-ALSO HEALTH ISSUE .",NO
40436,we will also explore whether we can intensify this forum of cooperation for nanomaterial health care related information .,X-WE WILL DESC-ALSO EXPLORE WHER X-WE CAN INTENSIFY THIS FORUM COOPERATION FOR NANOMATERIAL HEALTH CARE RELATE INFORMATION .,NO
40583,"we know that in some cases , their state of health is very serious .","X-WE KNOW THAT IN SOME CASE , X-Y STATE HEALTH BE DESC-VERY DESC-SERIOUS .",NO
40594,"it includes care in the home , institutional care and health care services .","X-IT INCLUDE CARE IN HOME , DESC-INSTITUTIONAL CARE AND HEALTH CARE SERVICE .",NO
40628,subject the eu's alcohol strategy,SUBJECT EU X-POSS ALCOHOL STRATEGY,NO
40629,it is nearly three years since we adopted the eu's alcohol strategy .,X-IT BE DESC-NEARLY THREE YEAR SINCE X-WE ADOPT EU X-POSS ALCOHOL STRATEGY .,NO
40633,"the third event was the global expert meeting on alcohol , health and social development held on 23 september .","DESC-THIRD EVENT BE DESC-GLOBAL EXPERT MEETING ON ALCOHOL , HEALTH AND DESC-SOCIAL DEVELOPMENT HOLD ON 23 SEPTEMBER .",NO
40634,the aim was to contribute to a global strategy when the world health assembly meets in may next year .,AIM BE TO CONTRIBUTE TO DESC-GLOBAL STRATEGY WHEN WORLD HEALTH ASSEMBLY MEET IN MAY NEXT YEAR .,NO
40638,a lot has happened since the swedish presidency proposed an alcohol strategy for the eu in 200the alcohol strategy was adopted in 2006 and a lot has happened since then .,LOT HAVE HAPPEN SINCE SWEDISH PRESIDENCY PROPOSE ALCOHOL STRATEGY FOR EU IN DESC-200 ALCOHOL STRATEGY BE ADOPT IN 2006 AND LOT HAVE HAPPEN SINCE DESC-N .,NO
40642,the main cause is alcohol .,DESC-MAIN CAUSE BE ALCOHOL .,NO
40708,i agree that sport and health go hand in hand .,X-I AGREE THAT SPORT AND HEALTH GO HAND IN HAND .,NO
40717,problem of limited access of developing countries to some vaccines debate,PROBLEM DESC-LIMITED ACCESS DEVELOP COUNTRY TO SOME VACCINE DEBATE,NO
40719,"in fact , the question comes up every year in connection with the flu season .","IN FACT , QUESTION COME DESC-UP EVERY YEAR IN CONNECTION WITH FLU SEASON .",NO
40720,"generally speaking , new seasonal flu viruses first appear in developing countries .","DESC-GENERALLY SPEAKING , DESC-NEW DESC-SEASONAL FLU VIRUS DESC-FIRST APPEAR IN DEVELOP COUNTRY .",NO
40721,"from then on , laboratories in the industrialised countries start producing a new vaccine .","FROM DESC-N ON , LABORATORY IN DESC-INDUSTRIALISED COUNTRY START PRODUCE DESC-NEW VACCINE .",NO
40722,"once developed , the vaccine is only just enough to protect the populations of the industrialised countries .","DESC-ONCE DEVELOP , VACCINE BE DESC-ONLY DESC-JUST DESC-ENOUGH TO PROTECT POPULATION DESC-INDUSTRIALISED COUNTRY .",NO
40723,the result is that the populations of the south are unprotected against pandemics .,RESULT BE THAT POPULATION DESC-SOUTH BE UNPROTECT AGAINST PANDEMIC .,NO
40726,the community has taken action against the influenza a h1n1 pandemic both internally and externally .,COMMUNITY HAVE TAKE ACTION AGAINST INFLUENZA H1N1 PANDEMIC BOTH DESC-INTERNALLY AND DESC-EXTERNALLY .,NO
40729,tuberculosis is a good example of the contrast between us and our neighbours in the developing world .,TUBERCULOSIS BE DESC-GOOD EXAMPLE CONTRAST BETWEEN X-WE AND X-WE NEIGHBOR IN DEVELOP WORLD .,NO
40730,"in europe , children are routinely given the bcg vaccination , which has greater than 80 % effectiveness .","IN EUROPE , CHILD BE DESC-ROUTINELY GIVE BCG VACCINATION , WHICH HAVE DESC-GREATER THAN 80 % EFFECTIVENESS .",NO
40731,this has led to a situation in europe where tb is not the persistent threat is once was .,THIS HAVE LEAD TO SITUATION IN EUROPE WHERE TB BE DESC-NOT DESC-PERSISTENT THREAT BE DESC-ONCE BE .,NO
40732,"contrast this with the developing world , where 26 % of avoidable deaths are caused by tuberculosis .","CONTRAST THIS WITH DEVELOP WORLD , WHERE 26 % DESC-AVOIDABLE DEATH BE CAUSE BY TUBERCULOSIS .",NO
40736,look at pneumococcal disease .,LOOK AT PNEUMOCOCCAL DISEASE .,NO
40737,"pneumococcal bacteria are the leading cause of pneumonia , which takes the lives of two million children every year .","PNEUMOCOCCAL BACTERIUM BE LEAD CAUSE PNEUMONIA , WHICH TAKE LIFE TWO MILLION CHILD EVERY YEAR .",NO
40738,this is a global health challenge with solutions .,THIS BE DESC-GLOBAL HEALTH CHALLENGE WITH SOLUTION .,NO
40739,the pneumococcal amc offers an unprecedented opportunity for countries to protect their children from this preventable killer .,PNEUMOCOCCAL AMC OFFER DESC-UNPRECEDENTED OPPORTUNITY FOR COUNTRY TO PROTECT X-Y CHILD FROM THIS DESC-PREVENTABLE KILLER .,NO
40740,we must make sure that we put these vaccines in the hands of countries that need them most .,X-WE MUST MAKE DESC-SURE THAT X-WE PUT SE VACCINE IN HAND COUNTRY THAT NEED X-Y MOST .,NO
40747,do we actually want to treat this problem as a public health problem or as a business ?,DO X-WE DESC-ACTUALLY WANT TO TREAT THIS PROBLEM AS PUBLIC HEALTH PROBLEM OR AS BUSINESS ?,NO
40998,"let us not forget that belated intervention is far less effective , and ends up costing more .","LET X-WE DESC-NOT FORGET THAT DESC-BELATED INTERVENTION BE DESC-FAR DESC-LESS DESC-EFFECTIVE , AND END DESC-UP COST MORE .",NO
41225,two hundred and fifty thousand people are being held in overcrowded camps with poor drinking water and medical supplies .,TWO HUNDRED AND FIFTY THOUSAND PEOPLE BE BE HOLD IN DESC-OVERCROWDED CAMP WITH DESC-POOR DRINKING WATER AND DESC-MEDICAL SUPPLIES .,NO
41245,"in some camps , more than 1 000 people are dying every week , mainly of dysentery .","IN SOME CAMP , MORE THAN 1 000 PEOPLE BE DIE EVERY WEEK , DESC-MAINLY DYSENTERY .",NO
42012,"joint programming of research to combat neurodegenerative diseases , in particular alzheimer's disease debate","DESC-JOINT PROGRAMMING RESEARCH TO COMBAT NEURODEGENERATIVE DISEASE , IN DESC-PARTICULAR ALZHEIMER X-POSS DISEASE DEBATE",NO
42014,"joint programming of research to combat neurodegenerative diseases , in particular alzheimer's disease b7 0218 / 2009","DESC-JOINT PROGRAMMING RESEARCH TO COMBAT NEURODEGENERATIVE DISEASE , IN DESC-PARTICULAR ALZHEIMER X-POSS DISEASE B7 0218 2009",NO
42018,"health research is even more fragmented at european level , and the number of public private partnerships must be increased .","HEALTH RESEARCH BE DESC-EVEN MORE DESC-FRAGMENTED AT EUROPEAN LEVEL , AND NUMBER PUBLIC DESC-PRIVATE PARTNERSHIP MUST BE INCREASE .",NO
42019,"the example of the innovative medicines initiative , launched in february 2008 , must not remain a one off experiment .","EXAMPLE DESC-INNOVATIVE MEDICINE INITIATIVE , LAUNCH IN FEBRUARY 2008 , MUST DESC-NOT REMAIN ONE OFF EXPERIMENT .",NO
42020,research today shows that there are already initiatives aimed at pre diagnosis .,RESEARCH TODAY SHOW THAT DESC-RE BE DESC-ALREADY INITIATIVE AIM AT PRE DIAGNOSIS .,NO
42023,i know that the european parliament gives high priority to the fight against alzheimer's disease .,X-I KNOW THAT EUROPEAN PARLIAMENT GIVE DESC-HIGH PRIORITY TO FIGHT AGAINST ALZHEIMER X-POSS DISEASE .,NO
42026,neurodegenerative diseases pose a major health problem in europe .,NEURODEGENERATIVE DISEASE POSE DESC-MAJOR HEALTH PROBLEM IN EUROPE .,NO
42042,"madam president , in my constituency of northern ireland , we currently have 16 000 people suffering from dementia .","MADAM PRESIDENT , IN X-MY CONSTITUENCY DESC-NORRN IRELAND , X-WE DESC-CURRENTLY HAVE 16 000 PEOPLE SUFFER FROM DEMENTIA .",NO
42044,"in the united kingdom , we currently have just over 400 000 people suffering from alzheimer's .","IN UNITE KINGDOM , X-WE DESC-CURRENTLY HAVE DESC-JUST OVER 400 000 PEOPLE SUFFER FROM ALZHEIMER X-POSS .",NO
42049,"as europe's population becomes older , the impact of alzheimer's will become deeper too .","AS EUROPE X-POSS POPULATION BECOME DESC-OLDER , IMPACT ALZHEIMER X-POSS WILL BECOME DESC-DEEPER DESC-TOO .",NO
42050,the further role of the european parliament in the fight against alzheimer's disease should not be discounted .,DESC-FURR ROLE EUROPEAN PARLIAMENT IN FIGHT AGAINST ALZHEIMER X-POSS DISEASE SHOULD DESC-NOT BE DISCOUNT .,NO
42059,joint efforts to combat diseases of this kind must be a priority for the eu institutions .,DESC-JOINT EFFORT TO COMBAT DISEASE THIS KIND MUST BE PRIORITY FOR EU INSTITUTION .,NO
42063,it is a disease that affects many people and that number is growing .,X-IT BE DISEASE THAT AFFECT DESC-MANY PEOPLE AND THAT NUMBER BE GROW .,NO
42068,"madam president , alzheimer's and other dementia related diseases are dreadful .","MADAM PRESIDENT , ALZHEIMER X-POSS AND DESC-OR DEMENTIA RELATE DISEASE BE DESC-DREADFUL .",NO
42069,the population's mental health is a vital issue for ensuring a decent quality of life .,POPULATION X-POSS DESC-MENTAL HEALTH BE DESC-VITAL ISSUE FOR ENSURE DESC-DECENT QUALITY LIFE .,NO
42070,diseases of this type are affecting an ever increasing number of people in the eu .,DISEASE THIS TYPE BE AFFECT DESC-EVER INCREASE NUMBER PEOPLE IN EU .,NO
42071,this is why efforts are required to combat the factors responsible for triggering these diseases .,THIS BE WHY EFFORT BE REQUIRE TO COMBAT FACTOR DESC-RESPONSIBLE FOR TRIGGER SE DISEASE .,NO
42077,the illness also involves the suffering of close relatives .,ILLNESS DESC-ALSO INVOLVE SUFFER DESC-CLOSE DESC-RELATIVE .,NO
42078,"it is sometimes called a family illness , with relatives often suffering from chronic stress .","X-IT BE DESC-SOMETIMES CALL FAMILY ILLNESS , WITH DESC-RELATIVE DESC-OFTEN SUFFER FROM CHRONIC STRESS .",NO
42080,"medical science , however , still does not even fully understand the causes of the disease .","DESC-MEDICAL SCIENCE , DESC-HOWEVER , DESC-STILL DO DESC-NOT DESC-EVEN DESC-FULLY UNDERSTAND CAUSE DISEASE .",NO
42083,"however , prevention is also important alongside providing the best possible care for those affected .","DESC-HOWEVER , PREVENTION BE DESC-ALSO DESC-IMPORTANT ALONGSIDE PROVIDE DESC-BEST DESC-POSSIBLE CARE FOR THOSE AFFECT .",NO
42084,the member states need to step up their information campaigns regarding an active lifestyle .,MEMBER STATE NEED TO STEP DESC-UP X-Y INFORMATION CAMPAIGN REGARD DESC-ACTIVE LIFESTYLE .,NO
42132,seventy five per cent of respondents claimed that the worsening of their health is attributable to the work they do .,SEVENTY FIVE PER CENT RESPONDENT CLAIM THAT WORSEN X-Y HEALTH BE DESC-ATTRIBUTABLE TO WORK X-Y DO .,YES
42141,"pl madam president , I would like to draw attention to the health situation in ukraine .","PL MADAM PRESIDENT , X-I WOULD LIKE TO DRAW ATTENTION TO HEALTH SITUATION IN UKRAINE .",NO
42185,we need to overcome the anxieties in our population .,X-WE NEED TO OVERCOME ANXIETY IN X-WE POPULATION .,NO
42518,"i am not sure , however , whether we are trying to cure the right illness .","X-I BE DESC-NOT DESC-SURE , DESC-HOWEVER , WHER X-WE BE TRY TO CURE DESC-RIGHT ILLNESS .",NO
42653,joint programming of research to combat neurodegenerative diseases vote,DESC-JOINT PROGRAMMING RESEARCH TO COMBAT NEURODEGENERATIVE DISEASE VOTE,NO
42725,in writing . alzheimer's disease and other neurodegenerative diseases affect an incredible number of european union citizens .,ALZHEIMER X-POSS DISEASE AND DESC-OR NEURODEGENERATIVE DISEASE AFFECT DESC-INCREDIBLE NUMBER EUROPEAN UNION CITIZEN .,NO
42726,"at present , there is little information on how these diseases may be prevented and treated .","AT DESC-PRESENT , DESC-RE BE DESC-LITTLE INFORMATION ON HOW SE DISEASE MAY BE PREVENT AND TREAT .",NO
42728,"as europe's population becomes older , alzheimer's disease is set to become more prevalent across the eu .","AS EUROPE X-POSS POPULATION BECOME DESC-OLDER , ALZHEIMER X-POSS DISEASE BE SET TO BECOME MORE DESC-PREVALENT ACROSS EU .",NO
42729,neurodegenerative diseases such as alzheimer's disease and parkinson's disease are a major factor in long term disability .,NEURODEGENERATIVE DISEASE DESC-SUCH AS ALZHEIMER X-POSS DISEASE AND PARKINSON X-POSS DISEASE BE DESC-MAJOR FACTOR IN DESC-LONG TERM DISABILITY .,NO
42730,dementia is a huge issue throughout europe affecting millions of individuals and families .,DEMENTIA BE DESC-HUGE ISSUE THROUGHOUT EUROPE AFFECT MILLION INDIVIDUAL AND FAMILY .,NO
42731,"unfortunately , no cure exists at the moment , and prevention and treatment related knowledge is limited .","DESC-UNFORTUNATELY , NO CURE EXIST AT MOMENT , AND PREVENTION AND TREATMENT RELATE KNOWLEDGE BE LIMIT .",NO
42733,around 7 million people in europe suffer from neurodegenerative diseases .,AROUND 7 MILLION PEOPLE IN EUROPE SUFFER FROM NEURODEGENERATIVE DISEASE .,NO
42761,"next week , on 1 december , it will be world aids day .","NEXT WEEK , ON 1 DECEMBER , X-IT WILL BE WORLD AID DAY .",NO
42845,the only effective method of combating the disease is to cut down or burn the trees .,DESC-ONLY DESC-EFFECTIVE METHOD COMBATE DISEASE BE TO CUT DESC-DOWN OR BURN TREE .,NO
43005,"prevention is vital , be it at local or cross border level .","PREVENTION BE DESC-VITAL , BE X-IT AT DESC-LOCAL OR CROSS BORDER LEVEL .",NO
43453,it has a crucial impact if we listen to the appeals and the warnings of the who .,X-IT HAVE DESC-CRUCIAL IMPACT IF X-WE LISTEN TO APPEAL AND WARN WHO .,NO
43465,maybe it is not just certain cows that have gone mad .,DESC-MAYBE X-IT BE DESC-NOT DESC-JUST DESC-CERTAIN COW THAT HAVE GO DESC-MAD .,NO
43700,it is beyond doubt that minimising risks to human health and environmental protection take priority .,X-IT BE BEYOND DOUBT THAT MINIMIZE RISK TO DESC-HUMAN HEALTH AND DESC-ENVIRONMENTAL PROTECTION TAKE PRIORITY .,NO
44384,what action will the commission take against pharmaceuticals companies that attempt to curtail parallel trading in the medicines sector ?,WHAT ACTION WILL COMMISSION TAKE AGAINST DESC-PHARMACEUTICAL COMPANY THAT ATTEMPT TO CURTAIL PARALLEL TRADING IN MEDICINE SECTOR ?,NO
44411,the commission therefore aims to establish lists of permitted health claims as well as to update permitted nutrition claims .,COMMISSION DESC-REFORE AIM TO ESTABLISH LIST PERMIT HEALTH CLAIM AS DESC-WELL AS TO UPDATE PERMIT NUTRITION CLAIM .,NO
44412,the regulation sets authorisation procedures to ensure that only scientifically substantiated health claims are made .,REGULATION SET AUTHORISATION PROCEDURE TO ENSURE THAT DESC-ONLY DESC-SCIENTIFICALLY SUBSTANTIATE HEALTH CLAIM BE MAKE .,NO
44413,the commission has so far adopted four regulations authorising or rejecting health claims .,COMMISSION HAVE DESC-SO DESC-FAR ADOPT FOUR REGULATION AUTHORISE OR REJECT HEALTH CLAIM .,NO
44422,we are talking now about health claims .,X-WE BE TALK DESC-NOW ABOUT HEALTH CLAIM .,NO
44793,the law actually bans those exchanges in hospitals where the hungarian language is under represented .,LAW DESC-ACTUALLY BAN THOSE EXCHANGE IN HOSPITAL WHERE DESC-HUNGARIAN LANGUAGE BE UNDER REPRESENT .,NO
45048,"so , this system has already saved many lives in europe and elsewhere .","DESC-SO , THIS SYSTEM HAVE DESC-ALREADY SAVE DESC-MANY LIFE IN EUROPE AND DESC-ELSEWHERE .",NO
45864,this is a public health problem .,THIS BE PUBLIC HEALTH PROBLEM .,NO
45927,psychologists say that aggression is much more prevalent during the crisis than at other times .,PSYCHOLOGIST SAY THAT AGGRESSION BE DESC-MUCH MORE DESC-PREVALENT DURING CRISIS THAN AT DESC-OR TIME .,NO
45945,more women die from the aggression directed against them than die from cancer .,MORE WOMAN DIE FROM AGGRESSION DESC-DIRECT AGAINST X-Y THAN DIE FROM CANCER .,NO
46105,smoke free environments debate,SMOKE DESC-FREE ENVIRONMENT DEBATE,NO
46109,"passive smoke contains more than 4 000 gaseous compounds and particles , including 69 known carcinogens and many toxins .","PASSIVE SMOKE CONTAIN MORE THAN 4 000 DESC-GASEOUS COMPOUND AND PARTICLE , INCLUDE 69 KNOW CARCINOGEN AND DESC-MANY TOXIN .",NO
46110,there is no safe level of exposure to passive tobacco smoke .,DESC-RE BE NO DESC-SAFE LEVEL EXPOSURE TO PASSIVE TOBACCO SMOKE .,NO
46111,considerable progress has been made in recent years in establishing smoke free environments in several member states .,DESC-CONSIDERABLE PROGRESS HAVE BE MAKE IN DESC-RECENT YEAR IN ESTABLISH SMOKE DESC-FREE ENVIRONMENT IN DESC-SEVERAL MEMBER STATE .,NO
46112,article 8 concerns protection against exposure to tobacco smoke .,ARTICLE 8 CONCERN PROTECTION AGAINST EXPOSURE TO TOBACCO SMOKE .,NO
46117,"in the resolution , parliament called on the member states to introduce legislation on smoke free environments within two years .","IN RESOLUTION , PARLIAMENT CALL ON MEMBER STATE TO INTRODUCE LEGISLATION ON SMOKE DESC-FREE ENVIRONMENT WITHIN TWO YEAR .",NO
46119,parliament also considered that the smoke free policy should be complemented by other supporting measures .,PARLIAMENT DESC-ALSO CONSIDER THAT SMOKE DESC-FREE POLICY SHOULD BE COMPLEMENT BY DESC-OR SUPPORT MEASURE .,NO
46123,we cannot ignore the fact that smoking currently remains one of the biggest causes of illness and death .,X-WE CAN DESC-NOT IGNORE FACT THAT SMOKING DESC-CURRENTLY REMAIN ONE DESC-BIGGEST CAUSE ILLNESS AND DEATH .,NO
46124,"in fact , this effect was noticed almost immediately after the smoking ban was introduced .","IN FACT , THIS EFFECT BE NOTICE DESC-ALMOST DESC-IMMEDIATELY AFTER SMOKING BAN BE INTRODUCE .",NO
46126,this reality should guide us when drafting and supporting anti smoking legislation .,THIS REALITY SHOULD GUIDE X-WE WHEN DRAFT AND SUPPORT ANTI SMOKING LEGISLATION .,NO
46133,"it is not about freedom of choice , because those who become sick have not chosen it at all .","X-IT BE DESC-NOT ABOUT FREEDOM CHOICE , BECAUSE THOSE WHO BECOME DESC-SICK HAVE DESC-NOT CHOOSE X-IT AT ALL .",NO
46136,"studies have shown that standardised packaging would greatly reduce consumption and demand , especially among young people .","STUDY HAVE SHOW THAT STANDARDISE PACKAGING WOULD DESC-GREATLY REDUCE CONSUMPTION AND DEMAND , DESC-ESPECIALLY AMONG DESC-YOUNG PEOPLE .",NO
46137,"passive smoking is a huge problem , particularly for children .","PASSIVE SMOKING BE DESC-HUGE PROBLEM , DESC-PARTICULARLY FOR CHILD .",NO
46139,i think that the legal and practical situation in germany is shameful from a health policy perspective .,X-I THINK THAT DESC-LEGAL AND DESC-PRACTICAL SITUATION IN GERMANY BE DESC-SHAMEFUL FROM HEALTH POLICY PERSPECTIVE .,NO
46147,"the committee on the environment , public health and food safety has always called for them to be abolished .","COMMITTEE ON ENVIRONMENT , PUBLIC HEALTH AND FOOD SAFETY HAVE DESC-ALWAYS CALL FOR X-Y TO BE ABOLISH .",NO
46155,but let us not demonise smokers .,BUT LET X-WE DESC-NOT DEMONISE SMOKER .,NO
46156,remember that tobacco is a terrible addiction and smokers need all our help and support to kick the habit .,REMEMBER THAT TOBACCO BE DESC-TERRIBLE ADDICTION AND SMOKER NEED ALL X-WE HELP AND SUPPORT TO KICK HABIT .,NO
46158,there could be some discussion about whether this might discriminate against smokers .,DESC-RE COULD BE SOME DISCUSSION ABOUT WHER THIS MIGHT DESC-DISCRIMINATE AGAINST SMOKER .,NO
46160,"i believe that we are all interested in having a clean and healthy environment , especially for our children .","X-I BELIEVE THAT X-WE BE ALL DESC-INTERESTED IN HAVE DESC-CLEAN AND DESC-HEALTHY ENVIRONMENT , DESC-ESPECIALLY FOR X-WE CHILD .",NO
46168,passive smoking has basically been eliminated in ireland and adults have also cut back on smoking .,PASSIVE SMOKING HAVE DESC-BASICALLY BE ELIMINATE IN IRELAND AND ADULT HAVE DESC-ALSO CUT DESC-BACK ON SMOKING .,NO
46183,it is extremely positive that we are all so committed to succeeding in achieving smoke free environments .,X-IT BE DESC-EXTREMELY DESC-POSITIVE THAT X-WE BE ALL DESC-SO DESC-COMMITTED TO SUCCEED IN ACHIEVE SMOKE DESC-FREE ENVIRONMENT .,NO
46186,the issue of tobacco control will have a prominent place on the agenda over the next year as well .,ISSUE TOBACCO CONTROL WILL HAVE DESC-PROMINENT PLACE ON AGENDA OVER NEXT YEAR AS DESC-WELL .,NO
46189,no one here would question the fact that non smokers need comprehensive protection .,NO ONE DESC-HERE WOULD QUESTION FACT THAT NON SMOKER NEED DESC-COMPREHENSIVE PROTECTION .,NO
46193,i am fully aware of the damage to health caused by using tobacco and by passive smoking .,X-I BE DESC-FULLY DESC-AWARE DAMAGE TO HEALTH CAUSE BY USE TOBACCO AND BY PASSIVE SMOKING .,NO
46196,a total smoking ban in 2012 would make these expensive investments obsolete at a stroke .,TOTAL SMOKING BAN IN 2012 WOULD MAKE SE DESC-EXPENSIVE INVESTMENT DESC-OBSOLETE AT STROKE .,NO
46197,the draft council recommendation on smoke free environments is not a sensible measure .,DRAFT COUNCIL RECOMMENDATION ON SMOKE DESC-FREE ENVIRONMENT BE DESC-NOT SENSIBLE MEASURE .,NO
46198,the member states in particular have some catching up to do when it comes to the protection of non smokers .,MEMBER STATE IN DESC-PARTICULAR HAVE SOME CATCH DESC-UP TO DO WHEN X-IT COME TO PROTECTION NON SMOKER .,NO
46199,our central concern must be to protect vulnerable groups such as children and pregnant women .,X-WE DESC-CENTRAL CONCERN MUST BE TO PROTECT DESC-VULNERABLE GROUP DESC-SUCH AS CHILD AND DESC-PREGNANT WOMAN .,NO
46284,it is not because there are technical problems that children are dying .,X-IT BE DESC-NOT BECAUSE DESC-RE BE DESC-TECHNICAL PROBLEM THAT CHILD BE DIE .,NO
46331,experts estimate that it would cost usd 44 billion to overcome the scourge of chronic malnutrition .,EXPERT ESTIMATE THAT X-IT WOULD COST USD 44 BILLION TO OVERCOME SCOURGE CHRONIC MALNUTRITION .,NO
46422,let us not forget that foot and mouth disease is still a serious problem in brazil .,LET X-WE DESC-NOT FORGET THAT FOOT AND MOUTH DISEASE BE DESC-STILL DESC-SERIOUS PROBLEM IN BRAZIL .,NO
46424,we support you in what you are saying about the import controls and about fmd .,X-WE SUPPORT X-YOU IN WHAT X-YOU BE SAY ABOUT IMPORT CONTROL AND ABOUT FMD .,NO
46436,"the meat brings with it the risk of contamination such as foot and mouth disease , as we have heard tonight .","MEAT BRING WITH X-IT RISK CONTAMINATION DESC-SUCH AS FOOT AND MOUTH DISEASE , AS X-WE HAVE HEAR DESC-TONIGHT .",NO
46493,yet we wish to guarantee consumption conditions and the health of our consumers .,DESC-YET X-WE WISH TO GUARANTEE CONSUMPTION CONDITION AND HEALTH X-WE CONSUMER .,NO
46495,that applies to the identification and registration of cattle and to animal disease prevention measures in brazil .,THAT APPLY TO IDENTIFICATION AND REGISTRATION CATTLE AND TO ANIMAL DISEASE PREVENTION MEASURE IN BRAZIL .,NO
46498,"for example , vaccination has been given greater prominence in the combating of the disease .","FOR EXAMPLE , VACCINATION HAVE BE GIVE DESC-GREATER PROMINENCE IN COMBATE DISEASE .",NO
46510,"this concerns not only animal health and food safety , but also environmental standards , production and animal welfare .","THIS CONCERN DESC-NOT DESC-ONLY ANIMAL HEALTH AND FOOD SAFETY , BUT DESC-ALSO DESC-ENVIRONMENTAL STANDARD , PRODUCTION AND ANIMAL WELFARE .",NO
46516,our market access conditions are important conditions because they affect food and they affect the health of our residents .,X-WE MARKET ACCESS CONDITION BE DESC-IMPORTANT CONDITION BECAUSE X-Y AFFECT FOOD AND X-Y AFFECT HEALTH X-WE RESIDENT .,NO
46663,could information on the effectiveness of policy be included in future ?,COULD INFORMATION ON EFFECTIVENESS POLICY BE INCLUDE IN FUTURE ?,NO
46974,men and women should have the same chance of physical integrity .,MAN AND WOMAN SHOULD HAVE DESC-SAME CHANCE DESC-PHYSICAL INTEGRITY .,NO
46983,this is in accordance with international obligations arising from the who framework convention on tobacco control .,THIS BE IN ACCORDANCE WITH DESC-INTERNATIONAL OBLIGATION ARISE FROM WHO FRAMEWORK CONVENTION ON TOBACCO CONTROL .,NO
46985,smoking continues to be the most frequent cause of diseases which lead to premature deaths .,SMOKING CONTINUE TO BE MOST DESC-FREQUENT CAUSE DISEASE WHICH LEAD TO DESC-PREMATURE DEATH .,NO
46989,"if we want to combat smoking , then we should not subsidise tobacco cultivation .","IF X-WE WANT TO COMBAT SMOKING , DESC-N X-WE SHOULD DESC-NOT SUBSIDISE TOBACCO CULTIVATION .",NO
46992,we are only responsible for health and safety at work .,X-WE BE DESC-ONLY DESC-RESPONSIBLE FOR HEALTH AND SAFETY AT WORK .,NO
46995,"mr president , I come from a country which has introduced a ban on smoking in the workplace .","MR PRESIDENT , X-I COME FROM COUNTRY WHICH HAVE INTRODUCE BAN ON SMOKING IN WORKPLACE .",NO
47005,fighting the tobacco producers is not the way to reduce smoking .,FIGHT TOBACCO PRODUCER BE DESC-NOT WAY TO REDUCE SMOKING .,NO
47087,i welcome this resolution enabling parliament to support the commission's highly voluntary anti smoking policy .,X-I DESC-WELCOME THIS RESOLUTION ENABLE PARLIAMENT TO SUPPORT COMMISSION X-POSS DESC-HIGHLY DESC-VOLUNTARY ANTI SMOKING POLICY .,NO
47093,tobacco is a drug .,TOBACCO BE DRUG .,NO
47106,i abstained in the vote on the resolution on smoking .,X-I ABSTAIN IN VOTE ON RESOLUTION ON SMOKING .,NO
47114,smoking is the greatest single cause of premature deaths in europe .,SMOKING BE DESC-GREATEST DESC-SINGLE CAUSE DESC-PREMATURE DEATH IN EUROPE .,NO
47115,tobacco smoke is an environmental pollutant that contains over a hundred compounds that do harm to the health .,TOBACCO SMOKE BE DESC-ENVIRONMENTAL POLLUTANT THAT CONTAIN OVER HUNDRED COMPOUND THAT DO HARM TO HEALTH .,NO
47116,"passive smoking is a moral problem , because those who suffer have no choice .","PASSIVE SMOKING BE DESC-MORAL PROBLEM , BECAUSE THOSE WHO SUFFER HAVE NO CHOICE .",NO
47118,"every year , smoking leads to the premature death of almost 100 000 europeans .","EVERY YEAR , SMOKING LEAD TO DESC-PREMATURE DEATH DESC-ALMOST 100 000 EUROPEAN .",NO
47120,when finland finally also banned smoking in restaurants and bars there was an outcry .,WHEN FINLAND DESC-FINALLY DESC-ALSO BAN SMOKING IN RESTAURANT AND BAR DESC-RE BE OUTCRY .,NO
47124,it is high time we brought the gradual phasing out of subsidies for tobacco farming to a complete end .,X-IT BE DESC-HIGH TIME X-WE BRING DESC-GRADUAL PHASE OUT SUBSIDY FOR TOBACCO FARMING TO DESC-COMPLETE END .,NO
47126,"fellow members , I can understand the arguments of those who are campaigning against smoking .","FELLOW MEMBER , X-I CAN UNDERSTAND ARGUMENT THOSE WHO BE CAMPAIGN AGAINST SMOKING .",NO
47184,she is diabetic and in a poor state of health .,X-SHE BE DIABETIC AND IN DESC-POOR STATE HEALTH .,YES
47248,the estimated number of unreported cases is much higher .,ESTIMATE NUMBER DESC-UNREPORTED CASE BE DESC-MUCH DESC-HIGHER .,NO
47897,"these relate directly to the health of our children , who play with the toys that we buy them .","SE RELATE DESC-DIRECTLY TO HEALTH X-WE CHILD , WHO PLAY WITH TOY THAT X-WE BUY X-Y .",NO
47903,malignant tumours are the second most common cause of death in children .,DESC-MALIGNANT TUMOR BE DESC-SECOND MOST DESC-COMMON CAUSE DEATH IN CHILD .,NO
47916,we have a huge responsibility to ensure that our children are not made unwell or put at risk .,X-WE HAVE DESC-HUGE RESPONSIBILITY TO ENSURE THAT X-WE CHILD BE DESC-NOT MAKE DESC-UNWELL OR PUT AT RISK .,NO
47949,i do not need the help of the federal institute for risk assessment to find that out .,X-I DO DESC-NOT NEED HELP DESC-FEDERAL INSTITUTE FOR RISK ASSESSMENT TO FIND THAT OUT .,NO
48458,the interest countries pay for debt is money they cannot put into their hospitals or schools for the future .,INTEREST COUNTRY PAY FOR DEBT BE MONEY X-Y CAN DESC-NOT PUT INTO X-Y HOSPITAL OR SCHOOL FOR FUTURE .,NO
48719,i described 1 200 classrooms that were needed and I described our work in health .,X-I DESCRIBE 1 200 CLASSROOM THAT BE NEED AND X-I DESCRIBE X-WE WORK IN HEALTH .,NO
48736,the list also has far reaching side effects .,LIST DESC-ALSO HAVE DESC-FAR REACH SIDE EFFECT .,NO
49007,"the next time , mr rapist is given our special pillmistralto increase his male capacities .","NEXT TIME , MR RAPIST BE GIVE X-WE DESC-SPECIAL PILLMISTRALTO INCREASE X-HE MALE CAPACITY .",YES
49124,the number of suicides is rising .,NUMBER SUICIDE BE RISE .,NO
49125,the european union's neoliberal social security policy must be changed .,EUROPEAN UNION X-POSS DESC-NEOLIBERAL DESC-SOCIAL SECURITY POLICY MUST BE CHANGE .,NO
49188,"hu mr president , influenza strikes down those who have a weak constitution .","HU MR PRESIDENT , INFLUENZA STRIKE DESC-DOWN THOSE WHO HAVE DESC-WEAK CONSTITUTION .",NO
49235,experience gained in applying the food hygiene regulations of the european parliament and of the council debate,EXPERIENCE GAIN IN APPLY FOOD HYGIENE REGULATION EUROPEAN PARLIAMENT AND COUNCIL DEBATE,NO
49237,it is important for us to be aware that the hygiene regulations have undergone a paradigm shift .,X-IT BE DESC-IMPORTANT FOR X-WE TO BE DESC-AWARE THAT HYGIENE REGULATION HAVE UNDERGO PARADIGM SHIFT .,NO
49251,the food hygiene regulation specifies the hygiene rules for meat production .,FOOD HYGIENE REGULATION SPECIFY HYGIENE RULE FOR MEAT PRODUCTION .,NO
49711,"on the minus side , I would mention the failure to implement patient mobility .","ON MINUS SIDE , X-I WOULD MENTION FAILURE TO IMPLEMENT PATIENT MOBILITY .",NO
49712,it represents continued legal uncertainty and unnecessary suffering as people wait for treatment .,X-IT REPRESENT CONTINUE DESC-LEGAL UNCERTAINTY AND DESC-UNNECESSARY SUFFER AS PEOPLE WAIT FOR TREATMENT .,NO
49940,drugs that are grown and produced in afghanistan find their way onto the streets of europe .,DRUG THAT BE GROW AND PRODUCE IN AFGHANISTAN FIND X-Y WAY ONTO STREET EUROPE .,NO
50027,i will focus part of my report on the elimination of the opium poppy through the alternative development strategy .,X-I WILL FOCUS PART X-MY REPORT ON ELIMINATION OPIUM POPPY THROUGH ALTERNATIVE DEVELOPMENT STRATEGY .,NO
50037,the council would like to counter the production of opium poppies .,COUNCIL WOULD LIKE TO DESC-COUNTER PRODUCTION OPIUM POPPY .,NO
50119,mr kasoulides is right in saying that we have not given sufficient attention to the drugs issue .,MR KASOULIDE BE DESC-RIGHT IN SAY THAT X-WE HAVE DESC-NOT GIVE DESC-SUFFICIENT ATTENTION TO DRUG ISSUE .,NO
50152,"these problems are not limited to security and relate to food , health and education .","SE PROBLEM BE DESC-NOT LIMIT TO SECURITY AND RELATE TO FOOD , HEALTH AND EDUCATION .",NO
50254,"this schizophrenia must come to an end at some point , and this should be said clearly .","THIS SCHIZOPHRENIA MUST COME TO END AT SOME POINT , AND THIS SHOULD BE SAY DESC-CLEARLY .",NO
50514,there are 50 million people with disabilities living in the european union .,DESC-RE BE 50 MILLION PEOPLE WITH DISABILITY DESC-LIVE IN EUROPEAN UNION .,NO
50524,disabled people constitute one of the most vulnerable groups in society .,DESC-DISABLED PEOPLE CONSTITUTE ONE MOST DESC-VULNERABLE GROUP IN SOCIETY .,NO
50525,has the council made provision for additional measures to help disabled people during an economic recession ?,HAVE COUNCIL MAKE PROVISION FOR DESC-ADDITIONAL MEASURE TO HELP DESC-DISABLED PEOPLE DURING DESC-ECONOMIC RECESSION ?,NO
50537,"in truth , the lives of our disabled vary incredibly from country to country .","IN TRUTH , LIFE X-WE DESC-DISABLED VARY DESC-INCREDIBLY FROM COUNTRY TO COUNTRY .",NO
50538,there are no adjustments for persons with movement disabilities .,DESC-RE BE NO ADJUSTMENT FOR PERSON WITH MOVEMENT DISABILITY .,NO
50539,"also , a significant number of disabled people are simply unemployed .","DESC-ALSO , DESC-SIGNIFICANT NUMBER DESC-DISABLED PEOPLE BE DESC-SIMPLY DESC-UNEMPLOYED .",NO
50540,all this when disabled people actually account for around 10 % of our residents in the european union .,ALL THIS WHEN DESC-DISABLED PEOPLE DESC-ACTUALLY ACCOUNT FOR AROUND 10 % X-WE RESIDENT IN EUROPEAN UNION .,NO
50541,"our directive would be binding for all eu member states , so that disabled people would not face discrimination .","X-WE DIRECTIVE WOULD BE DESC-BINDING FOR ALL EU MEMBER STATE , DESC-SO THAT DESC-DISABLED PEOPLE WOULD DESC-NOT FACE DISCRIMINATION .",NO
50662,"finally , a very important matter for the country I represent is the question of migration of nurses .","DESC-FINALLY , DESC-VERY DESC-IMPORTANT MATTER FOR COUNTRY X-I REPRESENT BE QUESTION MIGRATION NURSE .",NO
50663,the directive introduces harmonisation of training requirements for nurses .,DIRECTIVE INTRODUCE HARMONISATION TRAINING REQUIREMENT FOR NURSE .,NO
50669,the most obvious example is that of the medical professions .,MOST DESC-OBVIOUS EXAMPLE BE THAT DESC-MEDICAL PROFESSION .,NO
50671,health professionalsmobility is also a question of public health and public safety .,HEALTH PROFESSIONALSMOBILITY BE DESC-ALSO QUESTION PUBLIC HEALTH AND PUBLIC SAFETY .,NO
50684,my question to the commission is connected to health care professionals .,X-MY QUESTION TO COMMISSION BE CONNECT TO HEALTH CARE DESC-PROFESSIONAL .,NO
50985,this is good for the circulation .,THIS BE DESC-GOOD FOR CIRCULATION .,NO
51156,this law would also be a major obstacle to the fight against aids .,THIS LAW WOULD DESC-ALSO BE DESC-MAJOR OBSTACLE TO FIGHT AGAINST AID .,NO
51237,we have a case of a journalist who died because he did not receive medical assistance .,X-WE HAVE CASE JOURNALIST WHO DIE BECAUSE X-HE DO DESC-NOT RECEIVE DESC-MEDICAL ASSISTANCE .,YES
51270,we should let the subject rest .,X-WE SHOULD LET SUBJECT REST .,NO
51429,these are the problems that are swaying the balance between life and death for haitians .,SE BE PROBLEM THAT BE SWAY BALANCE BETWEEN LIFE AND DEATH FOR HAITIAN .,NO
51524,"give the coordination over to the americans if it saves lives , it saves lives .","GIVE COORDINATION OVER TO AMERICAN IF X-IT SAVE LIFE , X-IT SAVE LIFE .",NO
51547,"here I refer , in particular , to health and education policies .","DESC-HERE X-I REFER , IN DESC-PARTICULAR , TO HEALTH AND EDUCATION POLICY .",NO
51574,"hospitals , electricity , communications , water supply , seaports and airports have been badly damaged .","HOSPITAL , ELECTRICITY , COMMUNICATION , WATER SUPPLY , SEAPORT AND AIRPORT HAVE BE DESC-BADLY DAMAGE .",NO
51706,"14 people suffered eye injuries , among others .","14 PEOPLE SUFFER EYE INJURY , AMONG DESC-OR .",NO
51707,many of them were blinded .,DESC-MANY X-Y BE DESC-BLIND .,NO
51993,and the local population's interest is to be able to eat locally produced healthy and good quality food .,AND DESC-LOCAL POPULATION X-POSS INTEREST BE TO BE DESC-ABLE TO EAT DESC-LOCALLY PRODUCE DESC-HEALTHY AND DESC-GOOD QUALITY FOOD .,NO
52029,"we are talking about countries at the mercy of poverty , indigence and disease .","X-WE BE TALK ABOUT COUNTRY AT MERCY POVERTY , INDIGENCE AND DISEASE .",NO
52163,you also asked us about preventive measures .,X-YOU DESC-ALSO ASK X-WE ABOUT PREVENTIVE MEASURE .,NO
52175,"finally , I will end with prevention .","DESC-FINALLY , X-I WILL END WITH PREVENTION .",NO
52238,also missing is effective prevention and education focused on children and parents alike .,DESC-ALSO MISS BE DESC-EFFECTIVE PREVENTION AND EDUCATION FOCUS ON CHILD AND PARENT DESC-ALIKE .,NO
52473,"we need doctors , architects and people to relieve the pain of the tragedy .","X-WE NEED DOCTOR , ARCHITECT AND PEOPLE TO RELIEVE PAIN TRAGEDY .",NO
52570,does this not seem a bad symptom ?,DO THIS DESC-NOT SEEM DESC-BAD SYMPTOM ?,YES
52797,maintaining the status quo in this area is of no benefit to patients or the pharmaceutical industry .,MAINTAIN STATUS QUO IN THIS AREA BE NO BENEFIT TO PATIENT OR DESC-PHARMACEUTICAL INDUSTRY .,NO
52949,"as the ppe group , we will give consideration to this when the legislative proposal is presented .","AS PPE GROUP , X-WE WILL GIVE CONSIDERATION TO THIS WHEN DESC-LEGISLATIVE PROPOSAL BE DESC-PRESENT .",NO
53353,"i think we need impartial research to verify the effects of cowithout scientific credibility , another disaster will be waiting for us in mexico .","X-I THINK X-WE NEED DESC-IMPARTIAL RESEARCH TO VERIFY EFFECT COWITHOUT DESC-SCIENTIFIC CREDIBILITY , ANOR DISASTER WILL BE WAIT FOR X-WE IN MEXICO .",NO
53465,subject european level action on combating alzheimer's disease,SUBJECT EUROPEAN LEVEL ACTION ON COMBATE ALZHEIMER X-POSS DISEASE,NO
53466,can the council give further details on the recently announced joint programming initiative on combating these illnesses ?,CAN COUNCIL GIVE DESC-FURR DETAIL ON DESC-RECENTLY ANNOUNCE DESC-JOINT PROGRAMMING INITIATIVE ON COMBATE SE ILLNESS ?,NO
53467,"how does the council envisage coordinated european action alleviating the burden on patients , their families and their carers ?","HOW DO COUNCIL ENVISAGE COORDINATE EUROPEAN ACTION ALLEVIATE BURDEN ON PATIENT , X-Y FAMILY AND X-Y CARER ?",NO
53468,the council attaches the greatest importance to alzheimer's disease and to neurodegenerative diseases in general .,COUNCIL ATTACH DESC-GREATEST IMPORTANCE TO ALZHEIMER X-POSS DISEASE AND TO NEURODEGENERATIVE DISEASE IN DESC-GENERAL .,NO
53472,what the council and the european union have done is put forward these guidelines regarding this disease .,WHAT COUNCIL AND EUROPEAN UNION HAVE DO BE PUT DESC-FORWARD SE GUIDELINE REGARD THIS DISEASE .,NO
53475,what we are talking about is feeding a tube into the abdomen .,WHAT X-WE BE TALK ABOUT BE FEED TUBE INTO ABDOMEN .,YES
53981,it seems that mr ben brik's life is in danger due to his illness and his detention conditions .,X-IT SEEM THAT MR BEN BRIK X-POSS LIFE BE IN DANGER DESC-DUE TO X-HE ILLNESS AND X-HE DETENTION CONDITION .,YES
54042,"unfortunately , these two cases do not exhaust the list of phobias .","DESC-UNFORTUNATELY , SE TWO CASE DO DESC-NOT EXHAUST LIST PHOBIA .",NO
54280,this will enable an ever increasing number of people to learn that looking after their health starts with diet .,THIS WILL ENABLE DESC-EVER INCREASE NUMBER PEOPLE TO LEARN THAT LOOK AFTER X-Y HEALTH START WITH DIET .,NO
54282,it could help make the staple diet in the european union healthier .,X-IT COULD HELP MAKE STAPLE DIET IN EUROPEAN UNION HEALTHIER .,NO
54487,"it robs public services , health , education and research of vital resources .","X-IT ROB PUBLIC SERVICE , HEALTH , EDUCATION AND RESEARCH DESC-VITAL RESOURCE .",NO
54740,sexual and reproductive rights are an important chapter because women must have control over their sexual and reproductive rights .,DESC-SEXUAL AND DESC-REPRODUCTIVE RIGHTS BE DESC-IMPORTANT CHAPTER BECAUSE WOMAN MUST HAVE CONTROL OVER X-Y DESC-SEXUAL AND DESC-REPRODUCTIVE RIGHTS .,NO
54770,"the priority must be to promote improved information for young girls , especially with regard to contraception .","PRIORITY MUST BE TO PROMOTE IMPROVE INFORMATION FOR DESC-YOUNG GIRL , DESC-ESPECIALLY WITH REGARD TO CONTRACEPTION .",NO
54771,the latter exists today to prevent pregnancy at a very early age .,DESC-LATTER EXIST TODAY TO PREVENT PREGNANCY AT DESC-VERY DESC-EARLY AGE .,NO
54843,this very clearly means that contraception and abortion must be made as accessible as possible to women .,THIS DESC-VERY DESC-CLEARLY MEAN THAT CONTRACEPTION AND ABORTION MUST BE MAKE AS DESC-ACCESSIBLE AS DESC-POSSIBLE TO WOMAN .,NO
54927,i am also of the opinion that women have rights over their own bodies and health .,X-I BE DESC-ALSO OPINION THAT WOMAN HAVE RIGHTS OVER X-Y DESC-OWN BODY AND HEALTH .,NO
54959,i believe that we cannot adopt a negative or positive opinion a priori on any remedy .,X-I BELIEVE THAT X-WE CAN DESC-NOT ADOPT DESC-NEGATIVE OR DESC-POSITIVE OPINION PRIORI ON ANY REMEDY .,NO
55441,no one wants to create a european social security system or a centralised health system in europe .,NO ONE WANT TO CREATE EUROPEAN DESC-SOCIAL SECURITY SYSTEM OR DESC-CENTRALISED HEALTH SYSTEM IN EUROPE .,NO
55822,what are the next steps in this very detailed process of surveillance ?,WHAT BE NEXT STEP IN THIS DESC-VERY DESC-DETAILED PROCESS SURVEILLANCE ?,NO
56368,"they are just as marginalised , whether it is through poverty , drugs or crime .","X-Y BE DESC-JUST AS MARGINALISE , WHER X-IT BE THROUGH POVERTY , DRUG OR CRIME .",NO
56833,i believe that to be very important in purely psychological terms .,X-I BELIEVE THAT TO BE DESC-VERY DESC-IMPORTANT IN DESC-PURELY DESC-PSYCHOLOGICAL TERM .,NO
57135,the statistics show us that the overall recovery rate is just 5 % .,STATISTICS SHOW X-WE THAT DESC-OVERALL RECOVERY RATE BE DESC-JUST 5 % .,NO
57145,"haiti and its people need fire fighters , doctors , hospitals and basic necessities .","HAITUS AND X-ITS PEOPLE NEED FIRE FIGHTER , DOCTOR , HOSPITAL AND DESC-BASIC NECESSITY .",NO
57160,you cannot tot up pain .,X-YOU CAN DESC-NOT TOT DESC-UP PAIN .,YES
57304,it also promotes a much wider awareness of sexual health matters for both women and men .,X-IT DESC-ALSO PROMOTE DESC-MUCH DESC-WIDER AWARENESS DESC-SEXUAL HEALTH MATTER FOR BOTH WOMAN AND MAN .,NO
57325,the report also emphasises that women must have access free of charge to consultation on abortion .,REPORT DESC-ALSO EMPHASISE THAT WOMAN MUST HAVE ACCESS DESC-FREE CHARGE TO CONSULTATION ON ABORTION .,NO
57328,"many women died as a result of illegal abortions , performed without medical help .","DESC-MANY WOMAN DIE AS RESULT DESC-ILLEGAL ABORTION , PERFORM WITHOUT DESC-MEDICAL HELP .",NO
57346,the rapporteur also insists on women having access free of charge to consultation on abortion .,RAPPORTEUR DESC-ALSO INSIST ON WOMAN HAVE ACCESS DESC-FREE CHARGE TO CONSULTATION ON ABORTION .,NO
57773,can they cause damage to health ?,CAN X-Y CAUSE DAMAGE TO HEALTH ?,NO
57784,"these specifications covered privacy , data protection , human dignity , health and freedom of choice .","SE SPECIFICATION COVER PRIVACY , DATUM PROTECTION , DESC-HUMAN DIGNITY , HEALTH AND FREEDOM CHOICE .",NO
57789,the latest scanners also do not have any effect on health .,DESC-LATEST SCANNER DESC-ALSO DO DESC-NOT HAVE ANY EFFECT ON HEALTH .,NO
57812,"therefore , it is necessary for us to introduce advanced body scanners which work according to a specific principle .","DESC-REFORE , X-IT BE DESC-NECESSARY FOR X-WE TO INTRODUCE ADVANCE BODY SCANNER WHICH WORK ACCORD TO SPECIFIC PRINCIPLE .",NO
57831,"in comparison , 6 000 people die of aids every day .","IN COMPARISON , 6 000 PEOPLE DIE AID EVERY DAY .",NO
57856,there are legitimate concerns about body scanners .,DESC-RE BE DESC-LEGITIMATE CONCERN ABOUT BODY SCANNER .,NO
57860,"secondly , is it or is it not harmful to health ?","DESC-SECONDLY , BE X-IT OR BE X-IT DESC-NOT DESC-HARMFUL TO HEALTH ?",NO
57896,what effect do the scanners have on the health of passengers who are scanned ?,WHAT EFFECT DO SCANNER HAVE ON HEALTH PASSENGER WHO BE SCAN ?,NO
57899,this applies in particular to body scanners .,THIS APPLY IN DESC-PARTICULAR TO BODY SCANNER .,NO
57909,the second question concerns the risks to health .,DESC-SECOND QUESTION CONCERN RISK TO HEALTH .,NO
57911,this is a long term measure and I would like to know to what extent it will harm my health .,THIS BE DESC-LONG TERM MEASURE AND X-I WOULD LIKE TO KNOW TO WHAT EXTENT X-IT WILL HARM X-MY HEALTH .,YES
57914,"indeed , we should be aware that frequent exposure to low doses of radiation can cause cancers and malformations .","DESC-INDEED , X-WE SHOULD BE DESC-AWARE THAT DESC-FREQUENT EXPOSURE TO DESC-LOW DOSE RADIATION CAN CAUSE CANCER AND MALFORMATION .",NO
57923,"that is why we are focusing our common efforts , as I said , on prevention .","THAT BE WHY X-WE BE FOCUS X-WE DESC-COMMON EFFORT , AS X-I SAY , ON PREVENTION .",NO
57956,it has been established that body scanners are more effective .,X-IT HAVE BE ESTABLISH THAT BODY SCANNER BE MORE DESC-EFFECTIVE .,NO
57983,there is no point talking about it at all if the scans are to be voluntary .,DESC-RE BE NO POINT TALK ABOUT X-IT AT ALL IF SCAN BE TO BE DESC-VOLUNTARY .,NO
57985,"a very important question is , of course , the safety of the scanners for health .","DESC-VERY DESC-IMPORTANT QUESTION BE , COURSE , SAFETY SCANNER FOR HEALTH .",NO
58274,another instance which may be recalled is the temporary tariff on drugs that russia has imposed on eu exporters .,ANOR INSTANCE WHICH MAY BE RECALL BE DESC-TEMPORARY TARIFF ON DRUG THAT RUSSIUM HAVE IMPOSE ON EU EXPORTER .,NO
58500,framework agreement on prevention from sharp injuries in the hospital and healthcare sector debate,FRAMEWORK AGREEMENT ON PREVENTION FROM DESC-SHARP INJURY IN HOSPITAL AND HEALTHCARE SECTOR DEBATE,NO
58501,the risks of infection following an accident are not insignificant .,RISK INFECTION FOLLOW ACCIDENT BE DESC-NOT DESC-INSIGNIFICANT .,NO
58502,juliet accidentally pricked her thumb on the needle after it slipped when she was taking a sample .,JULIET DESC-ACCIDENTALLY PRICK X-SHE THUMB ON NEEDLE AFTER X-IT SLIP WHEN X-SHE BE TAKE SAMPLE .,YES
58503,"healthcare workers from across the european union visited us , visited the parliament , desperate for our help .","HEALTHCARE WORKER FROM ACROSS EUROPEAN UNION VISIT X-WE , VISIT PARLIAMENT , DESC-DESPERATE FOR X-WE HELP .",NO
58506,healthcare workers across europe are depending on us .,HEALTHCARE WORKER ACROSS EUROPE BE DEPEND ON X-WE .,NO
58507,our healthcare workers cannot wait and should not continue to be placed in danger .,X-WE HEALTHCARE WORKER CAN DESC-NOT WAIT AND SHOULD DESC-NOT CONTINUE TO BE PLACE IN DANGER .,NO
58509,"author . mr president , this is an important piece of health and safety legislation .","MR PRESIDENT , THIS BE DESC-IMPORTANT PIECE HEALTH AND SAFETY LEGISLATION .",NO
58518,needle stick injuries are the most common and most dangerous form of medical sharp injuries .,NEEDLE STICK INJURY BE MOST DESC-COMMON AND MOST DESC-DANGEROUS FORM DESC-MEDICAL DESC-SHARP INJURY .,NO
58522,liz has mentioned the trauma that people affected by needle stick injuries face .,LIZ HAVE MENTION TRAUMA THAT PEOPLE AFFECT BY NEEDLE STICK INJURY FACE .,NO
58523,i met a doctor who gave up medical practice because of a needle stick injury .,X-I MEET DOCTOR WHO GIVE DESC-UP DESC-MEDICAL PRACTICE BECAUSE NEEDLE STICK INJURY .,YES
58524,i met a person who has hiv as a result of a needle stick injury .,X-I MEET PERSON WHO HAVE HIV AS RESULT NEEDLE STICK INJURY .,YES
58525,i have also met garbage collectors and prison officers who have suffered needle stick injuries .,X-I HAVE DESC-ALSO MEET GARBAGE COLLECTOR AND PRISON OFFICER WHO HAVE SUFFER NEEDLE STICK INJURY .,NO
58532,this agreement therefore represents an important step towards an increase in safety within the hospital sector .,THIS AGREEMENT DESC-REFORE REPRESENT DESC-IMPORTANT STEP TOWARDS INCREASE IN SAFETY WITHIN HOSPITAL SECTOR .,NO
58535,"however , this is not only of significance to health workers but also to hospital patients and their families .","DESC-HOWEVER , THIS BE DESC-NOT DESC-ONLY SIGNIFICANCE TO HEALTH WORKER BUT DESC-ALSO TO HOSPITAL PATIENT AND X-Y FAMILY .",NO
58539,"firstly , the importance of health and safety in the workplace .","DESC-FIRSTLY , IMPORTANCE HEALTH AND SAFETY IN WORKPLACE .",NO
58541,what is the price paid for a lack of hygiene and safety in the workplace ?,WHAT BE PRICE PAY FOR LACK HYGIENE AND SAFETY IN WORKPLACE ?,NO
58543,"secondly , the importance of prevention , as prevention is better than cure .","DESC-SECONDLY , IMPORTANCE PREVENTION , AS PREVENTION BE DESC-BETTER THAN CURE .",NO
58546,we do not want any more needle stick injuries unnecessarily during that waiting time .,X-WE DO DESC-NOT WANT ANY MORE NEEDLE STICK INJURY DESC-UNNECESSARILY DURING THAT WAIT TIME .,NO
58549,"as has been pointed out , the usa has had legislation in place since 200but I think we also need to ask why people are not reporting .","AS HAVE BE POINT OUT , USA HAVE HAVE LEGISLATION IN PLACE SINCE DESC-200BUT X-I THINK X-WE DESC-ALSO NEED TO ASK WHY PEOPLE BE DESC-NOT REPORT .",NO
58556,"we have here a real health issue , which we must regulate as quickly as possible .","X-WE HAVE DESC-HERE DESC-REAL HEALTH ISSUE , WHICH X-WE MUST REGULATE AS DESC-QUICKLY AS DESC-POSSIBLE .",NO
58559,"they are healthcare professionals , of course we have spoken a lot about them .","X-Y BE HEALTHCARE DESC-PROFESSIONAL , COURSE X-WE HAVE SPEAK LOT ABOUT X-Y .",NO
58560,"my husband is a doctor and , a few years ago , he was infected by a needle .","X-MY HUSBAND BE DOCTOR AND , DESC-FEW YEAR DESC-AGO , X-HE BE INFECT BY NEEDLE .",YES
58564,i myself have been pricked by potentially infectious needles and instruments .,X-I X-MYSELF HAVE BE PRICK BY DESC-POTENTIALLY DESC-INFECTIOUS NEEDLE AND INSTRUMENT .,YES
58566,"in the european union , around a million of these unfortunate sharp injuries occur annually .","IN EUROPEAN UNION , AROUND MILLION SE DESC-UNFORTUNATE DESC-SHARP INJURY OCCUR DESC-ANNUALLY .",NO
58567,"it is clear , as other speakers have already said , that prevention is of absolutely fundamental significance here .","X-IT BE DESC-CLEAR , AS DESC-OR SPEAKER HAVE DESC-ALREADY SAY , THAT PREVENTION BE DESC-ABSOLUTELY DESC-FUNDAMENTAL SIGNIFICANCE DESC-HERE .",NO
58568,for prevention is always significantly cheaper than treatment .,FOR PREVENTION BE DESC-ALWAYS DESC-SIGNIFICANTLY DESC-CHEAPER THAN TREATMENT .,NO
58574,it is important to prevent and to inform those working in hospitals about the risks they run .,X-IT BE DESC-IMPORTANT TO PREVENT AND TO INFORM THOSE WORK IN HOSPITAL ABOUT RISK X-Y RUN .,NO
58576,"that is why prevention , healthcare and job security are essential .","THAT BE WHY PREVENTION , HEALTHCARE AND JOB SECURITY BE DESC-ESSENTIAL .",NO
58600,"however , a precondition for that is that the risk of addiction must be highlighted and proactively combated .","DESC-HOWEVER , PRECONDITION FOR THAT BE THAT RISK ADDICTION MUST BE HIGHLIGHT AND DESC-PROACTIVELY COMBATE .",NO
58605,perhaps I should add that a consultation would be better than an infringement procedure .,DESC-PERHAPS X-I SHOULD ADD THAT CONSULTATION WOULD BE DESC-BETTER THAN INFRINGEMENT PROCEDURE .,NO
58628,"it increases the risk of addiction , especially for young people .","X-IT INCREASE RISK ADDICTION , DESC-ESPECIALLY FOR DESC-YOUNG PEOPLE .",NO
58667,there are huge social issues involved where people who have an addiction go beyond what they should do .,DESC-RE BE DESC-HUGE DESC-SOCIAL ISSUE INVOLVE WHERE PEOPLE WHO HAVE ADDICTION GO BEYOND WHAT X-Y SHOULD DO .,NO
58730,addiction to gambling is a major problem right now .,ADDICTION TO GAMBLING BE DESC-MAJOR PROBLEM DESC-RIGHT DESC-NOW .,NO
58833,"this diagnosis is also true , today , for venezuela .","THIS DIAGNOSIS BE DESC-ALSO DESC-TRUE , TODAY , FOR VENEZUELUM .",NO
59060,"that would mean cuts in public investment , in education and training , in social and in health services .","THAT WOULD MEAN CUT IN PUBLIC INVESTMENT , IN EDUCATION AND TRAINING , IN DESC-SOCIAL AND IN HEALTH SERVICE .",NO
59131,we have been called mentally weak by danny cohn bendit .,X-WE HAVE BE CALL DESC-MENTALLY DESC-WEAK BY DANNY COHN BENDIT .,NO
59368,the eu would also actively participate in a panel on the rights of persons with disabilities .,EU WOULD DESC-ALSO DESC-ACTIVELY PARTICIPATE IN PANEL ON RIGHTS PERSON WITH DISABILITY .,NO
59446,look at all the precautions they took during the operation .,LOOK AT ALL PRECAUTION X-Y TAKE DURING OPERATION .,NO
59642,i entirely agree with the ppe group that paragraph 9 is central .,X-I DESC-ENTIRELY AGREE WITH PPE GROUP THAT PARAGRAPH 9 BE DESC-CENTRAL .,NO
59678,poverty is the greatest single determinant of health .,POVERTY BE DESC-GREATEST DESC-SINGLE DETERMINANT HEALTH .,NO
59679,the feminisation of poverty has a real impact on the physical and mental health of women .,FEMINISATION POVERTY HAVE DESC-REAL IMPACT ON DESC-PHYSICAL AND DESC-MENTAL HEALTH WOMAN .,NO
59682,"for roma women , life expectancy can be up to 10 years less than those of the majority .","FOR ROMA WOMAN , LIFE EXPECTANCY CAN BE DESC-UP TO 10 YEAR DESC-LESS THAN THOSE MAJORITY .",NO
59683,infant mortality is three to four times greater than the majority population .,INFANT MORTALITY BE THREE TO FOUR TIME DESC-GREATER THAN MAJORITY POPULATION .,NO
59703,discrimination in access to education and health care continue to exist .,DISCRIMINATION IN ACCESS TO EDUCATION AND HEALTH CARE CONTINUE TO EXIST .,NO
59924,it is right that prevention must remain an area of focus for our policy .,X-IT BE DESC-RIGHT THAT PREVENTION MUST REMAIN AREA FOCUS FOR X-WE POLICY .,NO
59977,i learned recently there were 45 different groups doing research into salmonella bacteria .,X-I LEARN DESC-RECENTLY DESC-RE BE 45 DESC-DIFFERENT GROUP DO RESEARCH INTO SALMONELLA BACTERIUM .,NO
60058,i could not agree more that we need radical reform to turn around the structural failings of our policy .,X-I COULD DESC-NOT AGREE MORE THAT X-WE NEED DESC-RADICAL REFORM TO TURN AROUND DESC-STRUCTURAL FAIL X-WE POLICY .,NO
60514,"mr president , that is another dose of the medicine that caused the illness in the first place .","MR PRESIDENT , THAT BE ANOR DOSE MEDICINE THAT CAUSE ILLNESS IN DESC-FIRST PLACE .",YES
60605,sexual and reproductive health and rights need to be acknowledged and furthered in europe and at a global level .,DESC-SEXUAL AND DESC-REPRODUCTIVE HEALTH AND RIGHTS NEED TO BE ACKNOWLEDGE AND DESC-FURR IN EUROPE AND AT DESC-GLOBAL LEVEL .,NO
60809,so I will say it again endometriosis .,DESC-SO X-I WILL SAY X-IT DESC-AGAIN ENDOMETRIOSIS .,YES
60810,this week is also endometriosis awareness week across europe .,THIS WEEK BE DESC-ALSO ENDOMETRIOSIS AWARENESS WEEK ACROSS EUROPE .,NO
60815,"obesity is a disease , not a problem .","OBESITY BE DISEASE , DESC-NOT PROBLEM .",NO
60817,we must therefore strengthen the voice of obese and overweight patients .,X-WE MUST DESC-REFORE STRENGN VOICE OBESE AND DESC-OVERWEIGHT PATIENT .,NO
60854,"buckfast wine should , apparently , be banned because it contains both alcohol and caffeine .","BUCKFAST WINE SHOULD , DESC-APPARENTLY , BE BAN BECAUSE X-IT CONTAIN BOTH ALCOHOL AND CAFFEINE .",NO
60915,animal health requirements applicable to the non commercial movement of pet animals debate,ANIMAL HEALTH REQUIREMENT DESC-APPLICABLE TO NON DESC-COMMERCIAL MOVEMENT PET ANIMAL DEBATE,NO
60956,"apparently you can vaccinate a ferret against rabies but the vaccination does not show , so it was problematic .","DESC-APPARENTLY X-YOU CAN VACCINATE FERRET AGAINST RABIES BUT VACCINATION DO DESC-NOT SHOW , DESC-SO X-IT BE DESC-PROBLEMATIC .",NO
60959,"under the eu pet passport system , this important bulwark against the spread of disease was summarily removed .","UNDER EU PET PASSPORT SYSTEM , THIS DESC-IMPORTANT BULWARK AGAINST SPREAD DISEASE BE DESC-SUMMARILY REMOVE .",NO
60960,"as a farmer , I know something about vaccination .","AS FARMER , X-I KNOW SOMETHING ABOUT VACCINATION .",NO
60961,it is by no means a guarantee against animals bringing diseases across borders .,X-IT BE BY NO MEAN GUARANTEE AGAINST ANIMAL BRING DISEASE ACROSS BORDER .,NO
60962,vaccinated animals can also be carriers of the disease without displaying a symptom .,VACCINATE ANIMAL CAN DESC-ALSO BE CARRIER DISEASE WITHOUT DISPLAY SYMPTOM .,NO
60963,batches of vaccine of varying quality and forged paperwork is a real probability .,BATCH VACCINE VARY QUALITY AND FORGE PAPERWORK BE DESC-REAL PROBABILITY .,NO
60975,global travel patterns mean that the disease is never far from our door .,DESC-GLOBAL TRAVEL PATTERN MEAN THAT DISEASE BE DESC-NEVER DESC-FAR FROM X-WE DOOR .,NO
61024,another consultation has just been completed .,ANOR CONSULTATION HAVE DESC-JUST BE DESC-COMPLETE .,NO
61045,people living with disabilities are given no opportunities whatsoever .,PEOPLE DESC-LIVE WITH DISABILITY BE GIVE NO OPPORTUNITY DESC-WHATSOEVER .,NO
61648,we need a functioning market in health care services .,X-WE NEED FUNCTION MARKET IN HEALTH CARE SERVICE .,NO
61649,"that will result in better care , more freedom of choice and shorter waiting times .","THAT WILL RESULT IN DESC-BETTER CARE , MORE FREEDOM CHOICE AND DESC-SHORTER WAIT TIME .",NO
61661,it is not enough for the package leaflet to be readable .,X-IT BE DESC-NOT DESC-ENOUGH FOR PACKAGE LEAFLET TO BE DESC-READABLE .,NO
61727,"in the maltese islands , medicines are much more expensive than in another eu country , namely belgium .","IN MALTESE ISLAND , MEDICINE BE DESC-MUCH MORE DESC-EXPENSIVE THAN IN ANOR EU COUNTRY , DESC-NAMELY BELGIUM .",NO
61729,galvus 50 mg diabetic pills,GALVUS 50 MG DIABETIC PILL,YES
61732,"for 180 pills , the price in malta is eur 178.97 as compared to eur 135.13 in brussels .","FOR 180 PILL , PRICE IN MALTA BE EUR 178.97 AS COMPARE TO EUR 135.13 IN BRUSSELS .",NO
61733,tegretol 200 mg,TEGRETOL 200 MG,YES
61736,zocor 20 mg,ZOCOR 20 MG,YES
61739,"for 84 pills , the price in malta is eur 104.82 as compared to eur 21.71 in brussels .","FOR 84 PILL , PRICE IN MALTA BE EUR 104.82 AS COMPARE TO EUR 21.71 IN BRUSSELS .",NO
61848,animal health requirements applicable to the non commercial movement of pet animals,ANIMAL HEALTH REQUIREMENT DESC-APPLICABLE TO NON DESC-COMMERCIAL MOVEMENT PET ANIMAL,NO
61862,"the main risks are rabies , echinococcosis and diseases transmitted by ticks .","DESC-MAIN RISK BE RABIES , ECHINOCOCCOSIS AND DISEASE TRANSMIT BY TICK .",NO
62084,we wanted all concerns regarding the possible presence of an antibiotic resistance marker gene to be thoroughly assessed .,X-WE WANT ALL CONCERN REGARD DESC-POSSIBLE PRESENCE DESC-ANTIBIOTIC RESISTANCE MARKER GENE TO BE DESC-THOROUGHLY ASSESS .,NO
62115,it is not justified to buy insurance and buy unseen interventions on a risk on a purely speculative basis .,X-IT BE DESC-NOT DESC-JUSTIFIED TO BUY INSURANCE AND BUY DESC-UNSEEN INTERVENTION ON RISK ON DESC-PURELY DESC-SPECULATIVE BASIS .,NO
62450,modern dwellings have been destroyed while sanitary facilities and other furnishings are being dismantled and stolen .,DESC-MODERN DWELLING HAVE BE DESTROY WHILE DESC-SANITARY FACILITY AND DESC-OR FURNISHINGS BE BE DISMANTLE AND STEAL .,NO
62453,medical workers who have been bringing them protection against infectious diseases are chased out of the roma settlements .,DESC-MEDICAL WORKER WHO HAVE BE BRING X-Y PROTECTION AGAINST DESC-INFECTIOUS DISEASE BE CHASE OUT ROMA SETTLEMENT .,NO
62478,the average age for the first pregnancy is only 10 % of roma women use contraception .,AVERAGE AGE FOR DESC-FIRST PREGNANCY BE DESC-ONLY 10 % ROMA WOMAN USE CONTRACEPTION .,NO
62639,"however , it is clear that we are not researching the effect of drugs in these cases .","DESC-HOWEVER , X-IT BE DESC-CLEAR THAT X-WE BE DESC-NOT RESEARCH EFFECT DRUG IN SE CASE .",NO
62650,it was not achieved but the reduction in the number of deaths was substantial .,X-IT BE DESC-NOT ACHIEVE BUT REDUCTION IN NUMBER DEATH BE DESC-SUBSTANTIAL .,NO
62879,"similarly , we will make sure that acta does not hamper access to generic medicines .","DESC-SIMILARLY , X-WE WILL MAKE DESC-SURE THAT ACTA DO DESC-NOT HAMPER ACCESS TO DESC-GENERIC MEDICINE .",NO
62880,i know there has been some controversy on the impact of eu customs legislation on trade in generic medicines .,X-I KNOW DESC-RE HAVE BE SOME CONTROVERSY ON IMPACT EU CUSTOM LEGISLATION ON TRADE IN DESC-GENERIC MEDICINE .,NO
62935,i should just like to place on record that the pvv opposes the counterfeiting of medicines and products .,X-I SHOULD DESC-JUST LIKE TO PLACE ON RECORD THAT PVV OPPOSE COUNTERFEITING MEDICINE AND PRODUCT .,NO
63039,we can treat this in a number of ways .,X-WE CAN TREAT THIS IN NUMBER WAY .,NO
63788,"lastly , acta must not compromise access to generic medicines .","DESC-LASTLY , ACTA MUST DESC-NOT COMPROMISE ACCESS TO DESC-GENERIC MEDICINE .",NO
63827,"here , the majority of this house has offered the prescription which it has been advocating for many years","DESC-HERE , MAJORITY THIS HOUSE HAVE OFFER PRESCRIPTION WHICH X-IT HAVE BE ADVOCATE FOR DESC-MANY YEAR",NO
64337,"in fact , we know that any form of addiction is an unwelcome phenomenon that must be eradicated .","IN FACT , X-WE KNOW THAT ANY FORM ADDICTION BE DESC-UNWELCOME PHENOMENON THAT MUST BE ERADICATE .",NO
64530,we also need to continue working intensively in the area of prevention .,X-WE DESC-ALSO NEED TO CONTINUE WORK DESC-INTENSIVELY IN AREA PREVENTION .,NO
64555,"mr president , I wish you a speedy recovery .","MR PRESIDENT , X-I WISH X-YOU DESC-SPEEDY RECOVERY .",YES
64611,"dr darsí ferrer was a significant personality in havana , who was helping dissidents to obtain medicines .","FERRER BE DESC-SIGNIFICANT PERSONALITY IN HAVANA , WHO BE HELP DISSIDENT TO OBTAIN MEDICINE .",NO
64699,"his family have no information on the state of his health , either physical health or mental health .","X-HE FAMILY HAVE NO INFORMATION ON STATE X-HE HEALTH , EIR DESC-PHYSICAL HEALTH OR DESC-MENTAL HEALTH .",YES
64802,the cities of tijuana and ciudad juárez featured among the ten most dangerous cities in the world in 200young people and women are hit hardest by the trafficking and consumption of drugs .,REZ FEATURE AMONG TEN MOST DESC-DANGEROUS CITY IN WORLD IN DESC-200YOUNG PEOPLE AND WOMAN BE HIT DESC-HARDEST BY TRAFFICKING AND CONSUMPTION DRUG .,NO
64807,it therefore requires the right treatment and the right doctor .,X-IT DESC-REFORE REQUIRE DESC-RIGHT TREATMENT AND DESC-RIGHT DOCTOR .,NO
64811,mexico has therefore been scarred by the brutality and violence that go hand in hand with the drugs trade .,MEXICO HAVE DESC-REFORE BE SCAR BY BRUTALITY AND VIOLENCE THAT GO HAND IN HAND WITH DRUG TRADE .,NO
65583,i wish to emphasise the need for action to prevent psychological violence as well against women .,X-I WISH TO EMPHASISE NEED FOR ACTION TO PREVENT DESC-PSYCHOLOGICAL VIOLENCE AS DESC-WELL AGAINST WOMAN .,NO
65723,thousands of cancer victims are denied expensive life saving drugs .,THOUSAND CANCER VICTIM BE DENY DESC-EXPENSIVE LIFE SAVE DRUG .,NO
65771,we should develop programmes such as those which make milk and fruit available at schools .,X-WE SHOULD DEVELOP PROGRAM DESC-SUCH AS THOSE WHICH MAKE MILK AND FRUIT DESC-AVAILABLE AT SCHOOL .,NO
65914,"in the case of health risks , authorities should put out warnings , but they are not obliged to .","IN CASE HEALTH RISK , AUTHORITY SHOULD PUT OUT WARN , BUT X-Y BE DESC-NOT OBLIGE TO .",NO
65915,we have seen the result of this recently in the listeria contaminated cheese scandal .,X-WE HAVE SEE RESULT THIS DESC-RECENTLY IN LISTERIUM CONTAMINATE CHEESE SCANDAL .,NO
65977,we must make sure the un convention on the rights of persons with disabilities is implemented .,X-WE MUST MAKE DESC-SURE UN CONVENTION ON RIGHTS PERSON WITH DISABILITY BE IMPLEMENT .,NO
65999,fight against tuberculosis debate,FIGHT AGAINST TUBERCULOSIS DEBATE,NO
66000,the next item is the statement from the commission on the fight against tuberculosis .,NEXT ITEM BE STATEMENT FROM COMMISSION ON FIGHT AGAINST TUBERCULOSIS .,NO
66001,"however , for too long , we have mistakenly lowered the guard against tuberculosis .","DESC-HOWEVER , FOR DESC-TOO DESC-LONG , X-WE HAVE DESC-MISTAKENLY DESC-LOWER GUARD AGAINST TUBERCULOSIS .",NO
66004,it is unacceptable because tuberculosis is a preventable and curable disease that should not lead to such dramatic consequences .,X-IT BE DESC-UNACCEPTABLE BECAUSE TUBERCULOSIS BE DESC-PREVENTABLE AND DESC-CURABLE DISEASE THAT SHOULD DESC-NOT LEAD TO DESC-SUCH DESC-DRAMATIC CONSEQUENCE .,NO
66005,the commission has launched a number of initiatives over the past years to strengthen capacities to tackle tuberculosis .,COMMISSION HAVE LAUNCH NUMBER INITIATIVE OVER PAST YEAR TO STRENGN CAPACITY TO TACKLE TUBERCULOSIS .,NO
66006,"in 2000 , tuberculosis was included in the list of priority diseases under eu wide surveillance .","IN 2000 , TUBERCULOSIS BE INCLUDE IN LIST PRIORITY DISEASE UNDER EU DESC-WIDE SURVEILLANCE .",NO
66007,this has improved our shared knowledge and monitoring of the epidemiological situation .,THIS HAVE IMPROVE X-WE SHARE KNOWLEDGE AND MONITORING EPIDEMIOLOGICAL SITUATION .,NO
66009,"but , as tuberculosis is not constrained by borders , we have to support countries beyond the european union .","BUT , AS TUBERCULOSIS BE DESC-NOT CONSTRAIN BY BORDER , X-WE HAVE TO SUPPORT COUNTRY BEYOND EUROPEAN UNION .",NO
66011,tuberculosis is the seventh most common cause of death in the world .,TUBERCULOSIS BE DESC-SEVENTH MOST DESC-COMMON CAUSE DEATH IN WORLD .,NO
66012,"globally , there were 9.4 million new cases of tuberculosis in 2008 and 1.8 million deaths .","DESC-GLOBALLY , DESC-RE BE 9.4 MILLION DESC-NEW CASE TUBERCULOSIS IN 2008 AND 1.8 MILLION DEATH .",NO
66013,a person is infected by tuberculosis somewhere in the world every second .,PERSON BE INFECT BY TUBERCULOSIS DESC-SOMEWHERE IN WORLD EVERY DESC-SECOND .,NO
66015,"sv that is what ban ki moon said today , on world tuberculosis day .","SV THAT BE WHAT BAN KI MOON SAY TODAY , ON WORLD TUBERCULOSIS DAY .",NO
66017,"however , as the commission pointed out , people in europe are also dying of tuberculosis .","DESC-HOWEVER , AS COMMISSION POINT OUT , PEOPLE IN EUROPE BE DESC-ALSO DIE TUBERCULOSIS .",NO
66018,"mr president , medical progress has not yet overcome tuberculosis .","MR PRESIDENT , DESC-MEDICAL PROGRESS HAVE DESC-NOT DESC-YET OVERCOME TUBERCULOSIS .",NO
66019,"consequently , it is wrongly considered to be a disease that affects only poor countries .","DESC-CONSEQUENTLY , X-IT BE DESC-WRONGLY CONSIDER TO BE DISEASE THAT AFFECT DESC-ONLY DESC-POOR COUNTRY .",NO
66020,"this underestimates the way in which it is spreading , especially in central and eastern europe .","THIS UNDERESTIMATE WAY IN WHICH X-IT BE SPREAD , DESC-ESPECIALLY IN DESC-CENTRAL AND DESC-EASTERN EUROPE .",NO
66021,"furthermore , the multiple resistant strains offer little hope of an end to this scourge in the short term .","DESC-FURRMORE , MULTIPLE RESISTANT STRAIN OFFER DESC-LITTLE HOPE END TO THIS SCOURGE IN DESC-SHORT TERM .",NO
66023,the number of cases of tuberculosis has been decreasing within the eu .,NUMBER CASE TUBERCULOSIS HAVE BE DECREASE WITHIN EU .,NO
66024,this reduction is linked to the success of the national plan to fight tuberculosis .,THIS REDUCTION BE LINK TO SUCCESS DESC-NATIONAL PLAN TO FIGHT TUBERCULOSIS .,NO
66025,"in some countries , however , it has recently been shown that the disease is resurgent .","IN SOME COUNTRY , DESC-HOWEVER , X-IT HAVE DESC-RECENTLY BE SHOW THAT DISEASE BE DESC-RESURGENT .",NO
66027,i would like to highlight the partnership between europe and developing countries in carrying out clinical trials .,X-I WOULD LIKE TO HIGHLIGHT PARTNERSHIP BETWEEN EUROPE AND DEVELOP COUNTRY IN CARRY OUT DESC-CLINICAL TRIAL .,NO
66028,strengthening the role of clinical and scientific research is vital in the fight against tuberculosis .,STRENGN ROLE DESC-CLINICAL AND DESC-SCIENTIFIC RESEARCH BE DESC-VITAL IN FIGHT AGAINST TUBERCULOSIS .,NO
66029,i also call on you to encourage greater investment in scientific research in the fight against tuberculosis .,X-I DESC-ALSO CALL ON X-YOU TO ENCOURAGE DESC-GREATER INVESTMENT IN DESC-SCIENTIFIC RESEARCH IN FIGHT AGAINST TUBERCULOSIS .,NO
66031,we are determined to achieve our targets in order to control the tuberculosis disease .,X-WE BE DETERMINE TO ACHIEVE X-WE TARGET IN ORDER TO CONTROL TUBERCULOSIS DISEASE .,NO
66032,these kinds of discussions are of particular importance in order to concentrate all attention and focus on this disease .,SE KIND DISCUSSION BE DESC-PARTICULAR IMPORTANCE IN ORDER TO CONCENTRATE ALL ATTENTION AND FOCUS ON THIS DISEASE .,NO
66050,"they need trade , but our policy counteracts the establishment of healthy markets for agricultural products in developing countries .","X-Y NEED TRADE , BUT X-WE POLICY COUNTERACT ESTABLISHMENT DESC-HEALTHY MARKET FOR DESC-AGRICULTURAL PRODUCT IN DEVELOP COUNTRY .",NO
66356,this is the magic panacea that we need .,THIS BE MAGIC PANACEA THAT X-WE NEED .,NO
66383,"let us think about how this illness , which we call the crisis , arose .","LET X-WE THINK ABOUT HOW THIS ILLNESS , WHICH X-WE CALL CRISIS , ARISE .",NO
66473,the preventive arm should be strengthened .,PREVENTIVE ARM SHOULD BE STRENGN .,NO
66590,reproductive health organisations support abortion as one of the ways of controlling the birth rate .,DESC-REPRODUCTIVE HEALTH ORGANIZATION SUPPORT ABORTION AS ONE WAY CONTROL BIRTH RATE .,NO
66623,it is important to put in place provisions relating to animal health and hygiene .,X-IT BE DESC-IMPORTANT TO PUT IN PLACE PROVISION RELATE TO ANIMAL HEALTH AND HYGIENE .,NO
66635,"however , what little is given may relieve their pain .","DESC-HOWEVER , WHAT DESC-LITTLE BE GIVE MAY RELIEVE X-Y PAIN .",YES
66852,"also , the decision regarding the so called right to sexual and reproductive health .","DESC-ALSO , DECISION REGARD DESC-SO CALL DESC-RIGHT TO DESC-SEXUAL AND DESC-REPRODUCTIVE HEALTH .",NO
67111,we must be far more preventative .,X-WE MUST BE DESC-FAR MORE DESC-PREVENTATIVE .,NO
67340,"poverty causes loss of health , restricted access to education , homelessness , discrimination and social exclusion .","POVERTY CAUSE LOSS HEALTH , RESTRICT ACCESS TO EDUCATION , HOMELESSNESS , DISCRIMINATION AND DESC-SOCIAL EXCLUSION .",NO
67345,"the eu also needs to invest in health care , agriculture , and transport and energy infrastructures .","EU DESC-ALSO NEED TO INVEST IN HEALTH CARE , AGRICULTURE , AND TRANSPORT AND ENERGY INFRASTRUCTURE .",NO
67356,fight against breast cancer in the european union written declaration see minutes,FIGHT AGAINST BREAST CANCER IN EUROPEAN UNION WRITE DECLARATION SEE MINUTE,NO
67358,"mr president , I should just like to thank everybody for signing written declaration 71 on breast cancer .","MR PRESIDENT , X-I SHOULD DESC-JUST LIKE TO THANK EVERYBODY FOR SIGN WRITE DECLARATION 71 ON BREAST CANCER .",NO
67413,this has caused many fellow members and officials a lot of stress and anxiety .,THIS HAVE CAUSE DESC-MANY FELLOW MEMBER AND OFFICIAL LOT STRESS AND ANXIETY .,NO
67550,this is a completely schizophrenic situation .,THIS BE DESC-COMPLETELY DESC-SCHIZOPHRENIC SITUATION .,NO
67919,"last but not least , we need to get to grips with the use of antibiotics in animal husbandry .","DESC-LAST BUT DESC-NOT DESC-LEAST , X-WE NEED TO GET TO GRIP WITH USE DESC-ANTIBIOTIC IN ANIMAL HUSBANDRY .",NO
67982,agriculture in areas with natural handicaps a special health check short presentation,AGRICULTURE IN AREA WITH DESC-NATURAL HANDICAP DESC-SPECIAL HEALTH CHECK DESC-SHORT PRESENTATION,NO
68010,the council has decided to remove the socio economic criteria from the objectives of natural handicap payments .,COUNCIL HAVE DECIDE TO REMOVE SOCIO DESC-ECONOMIC CRITERION FROM OBJECTIVE DESC-NATURAL HANDICAP PAYMENT .,NO
68374,a potential influenza epidemic ?,POTENTIAL INFLUENZA EPIDEMIC ?,NO
68375,"hey presto , thousands of people are invited to be vaccinated .","HEY PRESTO , THOUSAND PEOPLE BE INVITE TO BE VACCINATE .",NO
68588,there is no doubt that ageing populations are a concern in many countries .,DESC-RE BE NO DOUBT THAT AGEING POPULATION BE CONCERN IN DESC-MANY COUNTRY .,NO
68622,i would like to underline that we should also discuss the employment of disabled people .,X-I WOULD LIKE TO UNDERLINE THAT X-WE SHOULD DESC-ALSO DISCUSS EMPLOYMENT DESC-DISABLED PEOPLE .,NO
68650,"the first is the continuation of humanitarian assistance and , in particular , shelter , sanitation and health services .","DESC-FIRST BE CONTINUATION DESC-HUMANITARIAN ASSISTANCE AND , IN DESC-PARTICULAR , SHELTER , SANITATION AND HEALTH SERVICE .",NO
69026,the european union has done excellent work as regards protecting and strengthening consumer rights and health .,EUROPEAN UNION HAVE DO DESC-EXCELLENT WORK AS REGARD PROTECT AND STRENGN CONSUMER RIGHTS AND HEALTH .,NO
69072,"however , there may be specific medical needs .","DESC-HOWEVER , DESC-RE MAY BE SPECIFIC DESC-MEDICAL NEED .",NO
69844,"i am talking about the european centre for disease prevention and control , the ecdc in stockholm .","X-I BE TALK ABOUT EUROPEAN CENTER FOR DISEASE PREVENTION AND CONTROL , ECDC IN STOCKHOLM .",NO
69870,countless women die giving birth every year .,DESC-COUNTLESS WOMAN DIE GIVE BIRTH EVERY YEAR .,NO
69871,"aids , malaria and tb still claim some four million lives a year .","AID , MALARIA AND TB DESC-STILL CLAIM SOME FOUR MILLION LIFE YEAR .",NO
69948,we should be making the decision on discharge in view of this .,X-WE SHOULD BE MAKE DECISION ON DISCHARGE IN VIEW THIS .,NO
69993,"every year , we show the council the yellow card of discharge refusal and nothing happens .","EVERY YEAR , X-WE SHOW COUNCIL DESC-YELLOW CARD DISCHARGE REFUSAL AND NOTHING HAPPEN .",NO
70094,"although we are talking about 2008 , a word on the european monitoring centre for drugs and drug addiction .","ALTHOUGH X-WE BE TALK ABOUT 2008 , WORD ON EUROPEAN MONITORING CENTER FOR DRUG AND DRUG ADDICTION .",NO
70095,"so we are tough as nails with smokers , but are caught napping when it comes to hard drugs .","DESC-SO X-WE BE DESC-TOUGH AS NAIL WITH SMOKER , BUT BE CATCH NAP WHEN X-IT COME TO DESC-HARD DRUG .",NO
70492,it gets into the organism by inhalation through undamaged skin or after use .,X-IT GET INTO ORGANISM BY INHALATION THROUGH DESC-UNDAMAGED SKIN OR AFTER USE .,NO
70502,"over 100 persons , mainly children , were poisoned from eating contaminated fish and were treated immediately .","OVER 100 PERSON , DESC-MAINLY CHILD , BE POISON FROM EAT CONTAMINATE FISH AND BE TREAT DESC-IMMEDIATELY .",NO
70503,the time when we sacrificed the local environment and our citizenshealth for jobs is long gone .,TIME WHEN X-WE SACRIFICE DESC-LOCAL ENVIRONMENT AND X-WE CITIZENSHEALTH FOR JOB BE DESC-LONG GO .,NO
70509,"cyanide technology is used to obtain a variety of products , including even pharmaceutical products and vitamins .","CYANIDE TECHNOLOGY BE USE TO OBTAIN VARIETY PRODUCT , INCLUDE DESC-EVEN DESC-PHARMACEUTICAL PRODUCT AND VITAMIN .",NO
70573,this spill resulted in the drinking water supply being cut off to 2.5 million people in three countries .,THIS SPILL RESULT IN DRINKING WATER SUPPLY BE CUT OFF TO 2.5 MILLION PEOPLE IN THREE COUNTRY .,NO
70606,2008 discharge european centre for disease prevention and control,2008 DISCHARGE EUROPEAN CENTER FOR DISEASE PREVENTION AND CONTROL,NO
70609,2008 discharge european monitoring centre for drugs and drug addiction,2008 DISCHARGE EUROPEAN MONITORING CENTER FOR DRUG AND DRUG ADDICTION,NO
70610,2008 discharge european medicines agency,2008 DISCHARGE EUROPEAN MEDICINE AGENCY,NO
70615,2008 discharge european agency for safety and health at work,2008 DISCHARGE EUROPEAN AGENCY FOR SAFETY AND HEALTH AT WORK,NO
70633,agriculture in areas with natural handicaps a special health check,AGRICULTURE IN AREA WITH DESC-NATURAL HANDICAP DESC-SPECIAL HEALTH CHECK,NO
70698,that is why I voted for the report on the european centre for disease prevention and control .,THAT BE WHY X-I VOTE FOR REPORT ON EUROPEAN CENTER FOR DISEASE PREVENTION AND CONTROL .,NO
70701,that is why I voted for the report on the european food safety authority .,THAT BE WHY X-I VOTE FOR REPORT ON EUROPEAN FOOD SAFETY AUTHORITY .,NO
70703,that is why I voted for the report on the european monitoring centre for drugs and drug addiction .,THAT BE WHY X-I VOTE FOR REPORT ON EUROPEAN MONITORING CENTER FOR DRUG AND DRUG ADDICTION .,NO
70705,that is why I voted for the report on the european medicines agency .,THAT BE WHY X-I VOTE FOR REPORT ON EUROPEAN MEDICINE AGENCY .,NO
70711,that is why I voted for the report on the european agency for safety and health at work .,THAT BE WHY X-I VOTE FOR REPORT ON EUROPEAN AGENCY FOR SAFETY AND HEALTH AT WORK .,NO
70721,its proper implementation at member state level will also provide increased protection for the environment and citizenshealth .,X-ITS DESC-PROPER IMPLEMENTATION AT MEMBER STATE LEVEL WILL DESC-ALSO PROVIDE INCREASE PROTECTION FOR ENVIRONMENT AND CITIZENSHEALTH .,NO
70852,the good health and high quality husbandry of livestock are also of fundamental importance for human public health .,DESC-GOOD HEALTH AND DESC-HIGH QUALITY HUSBANDRY LIVESTOCK BE DESC-ALSO DESC-FUNDAMENTAL IMPORTANCE FOR DESC-HUMAN PUBLIC HEALTH .,NO
70926,the previous criteria for support of these areas must be modified so that they reflect actually existing handicaps .,DESC-PREVIOUS CRITERION FOR SUPPORT SE AREA MUST BE MODIFY DESC-SO THAT X-Y REFLECT DESC-ACTUALLY EXIST HANDICAP .,NO
70993,"it is absurd to call on the latin american countries to introduce sex education , for example .","X-IT BE DESC-ABSURD TO CALL ON LATIN AMERICAN COUNTRY TO INTRODUCE SEX EDUCATION , FOR EXAMPLE .",NO
71065,"this issue concerns numerous countries , the health of european citizens and environmental protection .","THIS ISSUE CONCERN DESC-NUMEROUS COUNTRY , HEALTH EUROPEAN CITIZEN AND DESC-ENVIRONMENTAL PROTECTION .",NO
71076,it poses a serious threat to the environment and human health .,X-IT POSE DESC-SERIOUS THREAT TO ENVIRONMENT AND DESC-HUMAN HEALTH .,NO
71077,there are technologies in the economic sector which pose a hazard to human health and the environment .,DESC-RE BE TECHNOLOGY IN DESC-ECONOMIC SECTOR WHICH POSE HAZARD TO DESC-HUMAN HEALTH AND ENVIRONMENT .,NO
71665,this would also benefit younger but disabled people .,THIS WOULD DESC-ALSO BENEFIT DESC-YOUNGER BUT DESC-DISABLED PEOPLE .,NO
72075,commission communication on action against cancer european partnership debate,COMMISSION COMMUNICATION ON ACTION AGAINST CANCER EUROPEAN PARTNERSHIP DEBATE,NO
72078,"differences exist in the acquisition of cancer data , too .","DIFFERENCE EXIST IN ACQUISITION CANCER DATUM , DESC-TOO .",NO
72081,a close relationship between doctor and patient is not enough .,DESC-CLOSE RELATIONSHIP BETWEEN DOCTOR AND PATIENT BE DESC-NOT DESC-ENOUGH .,NO
72082,"on this occasion , I would like to place particular emphasis on the issue of rehabilitation of cancer patients .","ON THIS OCCASION , X-I WOULD LIKE TO PLACE DESC-PARTICULAR EMPHASIS ON ISSUE REHABILITATION CANCER PATIENT .",NO
72083,we ought to pay a great deal more attention to people who have beaten cancer .,X-WE OUGHT TO PAY DESC-GREAT DEAL MORE ATTENTION TO PEOPLE WHO HAVE BEAT CANCER .,NO
72084,a key element in the fight against cancer in europe today is proximity to the citizens .,KEY ELEMENT IN FIGHT AGAINST CANCER IN EUROPE TODAY BE PROXIMITY TO CITIZEN .,NO
72086,this underlines the potential of the european partnership for action against cancer .,THIS UNDERLINE POTENTIAL EUROPEAN PARTNERSHIP FOR ACTION AGAINST CANCER .,NO
72090,"by the end of the partnership , the objective is for all member states to have integrated cancer plans .","BY END PARTNERSHIP , OBJECTIVE BE FOR ALL MEMBER STATE TO HAVE INTEGRATE CANCER PLAN .",NO
72097,"cancer is a horrific disease , a disease about which , at its worst , nothing can be done .","CANCER BE DESC-HORRIFIC DISEASE , DISEASE ABOUT WHICH , AT X-ITS DESC-WORST , NOTHING CAN BE DO .",NO
72099,"the older the population , the more cases of cancer can be expected .","DESC-OLDER POPULATION , MORE CASE CANCER CAN BE EXPECT .",NO
72100,that is why all member states have to do their utmost to pursue an effective and socially focused health policy .,THAT BE WHY ALL MEMBER STATE HAVE TO DO X-Y DESC-UTMOST TO PURSUE DESC-EFFECTIVE AND DESC-SOCIALLY FOCUS HEALTH POLICY .,NO
72101,another point about which we can do something is the large number of carcinogenic substances in the environment .,ANOR POINT ABOUT WHICH X-WE CAN DO SOMETHING BE DESC-LARGE NUMBER DESC-CARCINOGENIC SUBSTANCE IN ENVIRONMENT .,NO
72102,the interests of citizens and the health of citizens is paramount !,INTEREST CITIZEN AND HEALTH CITIZEN BE DESC-PARAMOUNT !,NO
72103,"stress , lifestyle , chemicals and viruses can also cause cancer .","STRESS , LIFESTYLE , CHEMICAL AND VIRUS CAN DESC-ALSO CAUSE CANCER .",NO
72104,"this year , almost two million european citizens are expected to die of this disease .","THIS YEAR , DESC-ALMOST TWO MILLION EUROPEAN CITIZEN BE EXPECT TO DIE THIS DISEASE .",NO
72105,"thus , cancer does not stop at national borders .","DESC-THUS , CANCER DO DESC-NOT STOP AT DESC-NATIONAL BORDER .",NO
72108,therefore my second question is how will the ambitious target be converted into real patients in our countries ?,DESC-REFORE X-MY DESC-SECOND QUESTION BE HOW WILL DESC-AMBITIOUS TARGET BE CONVERT INTO DESC-REAL PATIENT IN X-WE COUNTRY ?,NO
72109,can we realistically double the effectiveness of our screening throughout europe ?,CAN X-WE DESC-REALISTICALLY DESC-DOUBLE EFFECTIVENESS X-WE SCREEN THROUGHOUT EUROPE ?,NO
72110,"pt mr president , commissioner , the fight against cancer must be a priority .","PT MR PRESIDENT , COMMISSIONER , FIGHT AGAINST CANCER MUST BE PRIORITY .",NO
72111,almost 30 % of cancers can be avoided and their consequences alleviated through early detection and treatment .,DESC-ALMOST 30 % CANCER CAN BE AVOID AND X-Y CONSEQUENCE ALLEVIATE THROUGH DESC-EARLY DETECTION AND TREATMENT .,NO
72112,some types of cancer affect women and men differently .,SOME TYPE CANCER AFFECT WOMAN AND MAN DESC-DIFFERENTLY .,NO
72113,"every year , 50 000 european women are diagnosed with cervical cancer and 25 000 die from this disease .","EVERY YEAR , 50 000 EUROPEAN WOMAN BE DIAGNOSE WITH DESC-CERVICAL CANCER AND 25 000 DIE FROM THIS DISEASE .",NO
72114,"nevertheless , cervical cancer can be practically eliminated by making vaccination and scanning programmes widely available .","DESC-NEVERLESS , DESC-CERVICAL CANCER CAN BE DESC-PRACTICALLY ELIMINATE BY MAKE VACCINATION AND SCAN PROGRAM DESC-WIDELY DESC-AVAILABLE .",NO
72119,"we must , of course , address the plague of cancer .","X-WE MUST , COURSE , ADDRESS PLAGUE CANCER .",NO
72120,cancer is caused by many factors .,CANCER BE CAUSE BY DESC-MANY FACTOR .,NO
72121,"cancer is a global problem that continues to persist , despite medical advances .","CANCER BE DESC-GLOBAL PROBLEM THAT CONTINUE TO PERSIST , DESPITE DESC-MEDICAL ADVANCE .",NO
72122,"in the eu , around 3.2 million people develop cancer each year .","IN EU , AROUND 3.2 MILLION PEOPLE DEVELOP CANCER EACH YEAR .",NO
72123,"the main types of cancer are lung , bowel and breast cancer .","DESC-MAIN TYPE CANCER BE LUNG , BOWEL AND BREAST CANCER .",NO
72124,"screening , particularly as we get older , also plays an important part in maintaining health .","SCREENING , DESC-PARTICULARLY AS X-WE GET DESC-OLDER , DESC-ALSO PLAY DESC-IMPORTANT PART IN MAINTAIN HEALTH .",NO
72125,the principle that prevention is better than cure has proven to be true here .,PRINCIPLE THAT PREVENTION BE DESC-BETTER THAN CURE HAVE PROVE TO BE DESC-TRUE DESC-HERE .,NO
72126,the most cost effective strategy with the best prospects of success is screening .,MOST COST DESC-EFFECTIVE STRATEGY WITH DESC-BEST PROSPECTS SUCCESS BE SCREEN .,NO
72127,the statistic which shows that one in every three people may get cancer would terrify anyone .,STATISTIC WHICH SHOW THAT ONE IN EVERY THREE PEOPLE MAY GET CANCER WOULD TERRIFY ANYONE .,NO
72128,"at the same time , professors , nurses and doctors who deal with this disease have made great progress .","AT DESC-SAME TIME , PROFESSOR , NURSE AND DOCTOR WHO DEAL WITH THIS DISEASE HAVE MAKE DESC-GREAT PROGRESS .",NO
72133,this is something we must especially ensure accessibility to medicines that come onto the market .,THIS BE SOMETHING X-WE MUST DESC-ESPECIALLY ENSURE ACCESSIBILITY TO MEDICINE THAT COME ONTO MARKET .,NO
72138,i fully support the approach of the rapporteur who places a special emphasis on the preventive action .,X-I DESC-FULLY SUPPORT APPROACH RAPPORTEUR WHO PLACE DESC-SPECIAL EMPHASIS ON PREVENTIVE ACTION .,NO
72139,in this perspective I strongly believe that comprehensive national cancer plans are more than welcome .,IN THIS PERSPECTIVE X-I DESC-STRONGLY BELIEVE THAT DESC-COMPREHENSIVE DESC-NATIONAL CANCER PLAN BE MORE THAN DESC-WELCOME .,NO
72144,at present cancer is the second biggest cause of death and illness in europe .,AT DESC-PRESENT CANCER BE DESC-SECOND DESC-BIGGEST CAUSE DEATH AND ILLNESS IN EUROPE .,NO
72145,more cooperation and resources for the study of cancer and preventive treatment are very important .,MORE COOPERATION AND RESOURCE FOR STUDY CANCER AND PREVENTIVE TREATMENT BE DESC-VERY DESC-IMPORTANT .,NO
72146,member states need to take carcinogenic chemicals off the market and replace them with harmless ones .,MEMBER STATE NEED TO TAKE DESC-CARCINOGENIC CHEMICAL OFF MARKET AND REPLACE X-Y WITH DESC-HARMLESS ONE .,NO
72147,"preventive screening is necessary and effective , and adequate sums of money must be set aside for this .","PREVENTIVE SCREENING BE DESC-NECESSARY AND DESC-EFFECTIVE , AND DESC-ADEQUATE SUM MONEY MUST BE SET DESC-ASIDE FOR THIS .",NO
72150,only through collective effort can we achieve success in fighting an enemy like cancer .,DESC-ONLY THROUGH DESC-COLLECTIVE EFFORT CAN X-WE ACHIEVE SUCCESS IN FIGHT ENEMY LIKE CANCER .,NO
72325,on the way in here he did indeed call me a psychopath .,ON WAY IN DESC-HERE X-HE DO DESC-INDEED CALL X-I PSYCHOPATH .,NO
72326,in recent years he has often told me that I should see a psychiatrist .,IN DESC-RECENT YEAR X-HE HAVE DESC-OFTEN TELL X-I THAT X-I SHOULD SEE PSYCHIATRIST .,YES
72423,commission communication on action against cancer european partnership,COMMISSION COMMUNICATION ON ACTION AGAINST CANCER EUROPEAN PARTNERSHIP,NO
72426,the degradation of ecosystems will cause a severe blow to the health of our economies and of european citizens .,DEGRADATION ECOSYSTEM WILL CAUSE DESC-SEVERE BLOW TO HEALTH X-WE ECONOMY AND EUROPEAN CITIZEN .,NO
72442,"consumers have a right to buy not only healthy food , but also food which has been produced healthily .","CONSUMER HAVE DESC-RIGHT TO BUY DESC-NOT DESC-ONLY DESC-HEALTHY FOOD , BUT DESC-ALSO FOOD WHICH HAVE BE PRODUCE DESC-HEALTHILY .",NO
72462,this in itself is quite understandable since health affects all of us and those closest to us .,THIS IN X-ITSELF BE DESC-QUITE DESC-UNDERSTANDABLE SINCE HEALTH AFFECT ALL X-WE AND THOSE DESC-CLOSEST TO X-WE .,NO
72463,collective and coordinated work by member states is required to reduce the risk in the area of cancer cases .,DESC-COLLECTIVE AND COORDINATE WORK BY MEMBER STATE BE REQUIRE TO REDUCE RISK IN AREA CANCER CASE .,NO
72464,we know that early diagnosis of this disease will increase the chances of a successful cure .,X-WE KNOW THAT DESC-EARLY DIAGNOSIS THIS DISEASE WILL INCREASE CHANCE DESC-SUCCESSFUL CURE .,NO
72465,"the incidence of some kinds of cancer can be predicted by genetic predisposition , lifestyle and so on .","INCIDENCE SOME KIND CANCER CAN BE PREDICT BY DESC-GENETIC PREDISPOSITION , LIFESTYLE AND DESC-SO ON .",NO
72511,the scourge has no respect for borders none .,SCOURGE HAVE NO RESPECT FOR BORDER NONE .,NO
72607,"according to the world health organisation , at least one third of all cases of cancer are preventable .","ACCORD TO WORLD HEALTH ORGANIZATION , AT DESC-LEAST ONE DESC-THIRD ALL CASE CANCER BE DESC-PREVENTABLE .",NO
72608,it is therefore essential that relevant stakeholders across the european union engage in a collective effort to address cancer .,X-IT BE DESC-REFORE DESC-ESSENTIAL THAT DESC-RELEVANT STAKEHOLDER ACROSS EUROPEAN UNION ENGAGE IN DESC-COLLECTIVE EFFORT TO ADDRESS CANCER .,NO
72609,one european in three will be diagnosed with cancer during their lifetime .,ONE EUROPEAN IN THREE WILL BE DIAGNOSE WITH CANCER DURING X-Y LIFETIME .,NO
72610,"in fact , this cruel disease is the second most common cause of death in europe .","IN FACT , THIS DESC-CRUEL DISEASE BE DESC-SECOND MOST DESC-COMMON CAUSE DEATH IN EUROPE .",NO
72611,one third of the cancers diagnosed have a fatal outcome for the patient because they were diagnosed too late .,ONE DESC-THIRD CANCER DIAGNOSE HAVE DESC-FATAL OUTCOME FOR PATIENT BECAUSE X-Y BE DIAGNOSE DESC-TOO DESC-LATE .,NO
72612,research and prevention are the main lines of attack against this disease .,RESEARCH AND PREVENTION BE DESC-MAIN LINE ATTACK AGAINST THIS DISEASE .,NO
72614,it would also be important to include funding to promote cancer prevention in the financial perspective .,X-IT WOULD DESC-ALSO BE DESC-IMPORTANT TO INCLUDE FUND TO PROMOTE CANCER PREVENTION IN DESC-FINANCIAL PERSPECTIVE .,NO
72615,it is also essential to reduce inequalities in treatment .,X-IT BE DESC-ALSO DESC-ESSENTIAL TO REDUCE INEQUALITY IN TREATMENT .,NO
72616,cancer is one of the biggest health challenges we are facing worldwide .,CANCER BE ONE DESC-BIGGEST HEALTH CHALLENGE X-WE BE FACE WORLDWIDE .,NO
72617,"the european commission proposes a european partnership for action against cancer for the period 2009 20the member states must act together , particularly in the area of screening .","EUROPEAN COMMISSION PROPOSE EUROPEAN PARTNERSHIP FOR ACTION AGAINST CANCER FOR PERIOD 2009 DESC-20 MEMBER STATE MUST ACT DESC-TOGER , DESC-PARTICULARLY IN AREA SCREENING .",NO
72618,"in europe , one in three people will develop cancer during their lifetime .","IN EUROPE , ONE IN THREE PEOPLE WILL DEVELOP CANCER DURING X-Y LIFETIME .",NO
72619,this is fundamental to improving patientseveryday life .,THIS BE DESC-FUNDAMENTAL TO IMPROVE PATIENTSEVERYDAY LIFE .,NO
72620,"breast cancer remains the main cause of death among women aged 35 to 5according to the world health organization , cancer is the main cause of death worldwide .","BREAST CANCER REMAIN DESC-MAIN CAUSE DEATH AMONG WOMAN AGE 35 TO 5ACCORD TO WORLD HEALTH ORGANIZATION , CANCER BE DESC-MAIN CAUSE DEATH WORLDWIDE .",NO
72621,public health is one of the eu's priorities .,PUBLIC HEALTH BE ONE EU X-POSS PRIORITY .,NO
72622,"out of 3 million new sufferers , 1.7 million will not survive .","OUT 3 MILLION DESC-NEW SUFFERER , 1.7 MILLION WILL DESC-NOT SURVIVE .",NO
72623,early diagnosis and treatment could reduce this figure significantly .,DESC-EARLY DIAGNOSIS AND TREATMENT COULD REDUCE THIS FIGURE DESC-SIGNIFICANTLY .,NO
72624,"we must not only invest in treatment across europe , but also provide support for preventive measures .","X-WE MUST DESC-NOT DESC-ONLY INVEST IN TREATMENT ACROSS EUROPE , BUT DESC-ALSO PROVIDE SUPPORT FOR PREVENTIVE MEASURE .",NO
72626,i voted in favour of the european parliament resolution on action against cancer european partnership .,X-I VOTE IN FAVOR EUROPEAN PARLIAMENT RESOLUTION ON ACTION AGAINST CANCER EUROPEAN PARTNERSHIP .,NO
72627,all measures intended to fight cancer and minimise its effects should be supported .,ALL MEASURE INTEND TO FIGHT CANCER AND MINIMIZE X-ITS EFFECT SHOULD BE SUPPORT .,NO
72628,"medical science is still unable to stop cancer , which is becoming one of the greatest plagues of humanity .","DESC-MEDICAL SCIENCE BE DESC-STILL DESC-UNABLE TO STOP CANCER , WHICH BE BECOME ONE DESC-GREATEST PLAGUE HUMANITY .",NO
72629,"the knowledge that , in 2006 , cancer was the second most common cause of death is horrifying .","KNOWLEDGE THAT , IN 2006 , CANCER BE DESC-SECOND MOST DESC-COMMON CAUSE DEATH BE DESC-HORRIFYING .",NO
72630,"there are many causes of cancer , or often the causes cannot be defined and diagnosed .","DESC-RE BE DESC-MANY CAUSE CANCER , OR DESC-OFTEN CAUSE CAN DESC-NOT BE DEFINE AND DIAGNOSE .",NO
72631,"however , it is possible to prevent cancer and limit its effects in about 30 % of cases .","DESC-HOWEVER , X-IT BE DESC-POSSIBLE TO PREVENT CANCER AND LIMIT X-ITS EFFECT IN ABOUT 30 % CASE .",NO
72634,"the forecasts for the coming years , in terms of cancer incidence and mortality , are not optimistic .","FORECAST FOR COME YEAR , IN TERM CANCER INCIDENCE AND MORTALITY , BE DESC-NOT DESC-OPTIMISTIC .",NO
72637,i strongly support the european parliament report on the commission communication on action against cancer european partnership .,X-I DESC-STRONGLY SUPPORT EUROPEAN PARLIAMENT REPORT ON COMMISSION COMMUNICATION ON ACTION AGAINST CANCER EUROPEAN PARTNERSHIP .,NO
72638,"this year , 3 million europeans will develop cancer and nearly 2 million are expected to die of cancer .","THIS YEAR , 3 MILLION EUROPEAN WILL DEVELOP CANCER AND DESC-NEARLY 2 MILLION BE EXPECT TO DIE CANCER .",NO
72639,"in poland , about 100 000 people fall victim to cancer every year , and 70 000 die .","IN POLAND , ABOUT 100 000 PEOPLE FALL VICTIM TO CANCER EVERY YEAR , AND 70 000 DIE .",NO
72640,the fight against cancer is one of the permanent areas of eu action in the field of public health .,FIGHT AGAINST CANCER BE ONE DESC-PERMANENT AREA EU ACTION IN FIELD PUBLIC HEALTH .,NO
72642,in writing . lt cancer is the biggest health problem in europe and indeed worldwide .,LT CANCER BE DESC-BIGGEST HEALTH PROBLEM IN EUROPE AND DESC-INDEED WORLDWIDE .,NO
72643,"sadly , today cancer is still epidemically increasing .","DESC-SADLY , TODAY CANCER BE DESC-STILL DESC-EPIDEMICALLY INCREASE .",NO
72644,urgent action must be taken to improve cancer control and prevention in the eu .,DESC-URGENT ACTION MUST BE TAKE TO IMPROVE CANCER CONTROL AND PREVENTION IN EU .,NO
72646,statistical indicators for the various types of cancer are among the worst in the whole of the eu .,DESC-STATISTICAL INDICATOR FOR DESC-VARIOUS TYPE CANCER BE AMONG DESC-WORST IN WHOLE EU .,NO
72647,"cancer is a social and political problem , not just a health problem .","CANCER BE DESC-SOCIAL AND DESC-POLITICAL PROBLEM , DESC-NOT DESC-JUST HEALTH PROBLEM .",NO
72649,this new form of cooperation is intended to support the efforts of member states in the fight against cancer .,THIS DESC-NEW FORM COOPERATION BE INTEND TO SUPPORT EFFORT MEMBER STATE IN FIGHT AGAINST CANCER .,NO
72650,medical statistics show that over 3 million new cases and 1.7 million deaths are recorded every year in europe .,DESC-MEDICAL STATISTICS SHOW THAT OVER 3 MILLION DESC-NEW CASE AND 1.7 MILLION DEATH BE RECORD EVERY YEAR IN EUROPE .,NO
72651,this means that every year cancer holds second place among the most serious diseases and causes of death .,THIS MEAN THAT EVERY YEAR CANCER HOLD DESC-SECOND PLACE AMONG MOST DESC-SERIOUS DISEASE AND CAUSE DEATH .,NO
72652,"however , it must not be forgotten that in this uneven fight the most important factor is prevention .","DESC-HOWEVER , X-IT MUST DESC-NOT BE FORGET THAT IN THIS DESC-UNEVEN FIGHT MOST DESC-IMPORTANT FACTOR BE PREVENTION .",NO
72653,"this is the most cost effective measure , because one third of cancer cases can be avoided .","THIS BE MOST COST DESC-EFFECTIVE MEASURE , BECAUSE ONE DESC-THIRD CANCER CASE CAN BE AVOID .",NO
72673,it is important to keep the social and public health implications of this challenge in mind .,X-IT BE DESC-IMPORTANT TO KEEP DESC-SOCIAL AND PUBLIC HEALTH IMPLICATION THIS CHALLENGE IN MIND .,NO
72674,it may gravely impact on respiratory health and increase the incidence of vector borne diseases .,X-IT MAY DESC-GRAVELY IMPACT ON RESPIRATORY HEALTH AND INCREASE INCIDENCE VECTOR BEAR DISEASE .,NO
72675,"deprived communities , poor children and elderly people are amongst the most vulnerable to climate change health risks .","DEPRIVE COMMUNITY , DESC-POOR CHILD AND DESC-ELDERLY PEOPLE BE AMONGST MOST DESC-VULNERABLE TO CLIMATE CHANGE HEALTH RISK .",NO
72730,"exactly 20 years ago , the world health organisation removed homosexuality from the international classification of diseases .","DESC-EXACTLY 20 YEAR DESC-AGO , WORLD HEALTH ORGANIZATION REMOVE HOMOSEXUALITY FROM DESC-INTERNATIONAL CLASSIFICATION DISEASE .",NO
72810,"el mr president , I wish to draw your attention to the question of chiropractic .","EL MR PRESIDENT , X-I WISH TO DRAW X-YOU ATTENTION TO QUESTION CHIROPRACTIC .",NO
72868,breaks in their involvement in the labour market during maternity leave should not be a handicap to mothers .,BREAK IN X-Y INVOLVEMENT IN LABOR MARKET DURING MATERNITY LEAVE SHOULD DESC-NOT BE HANDICAP TO MOR .,NO
72872,"some have called increasing maternity leave to 14 weeks progress , and indeed it is .","SOME HAVE CALL INCREASE MATERNITY LEAVE TO 14 WEEK PROGRESS , AND DESC-INDEED X-IT BE .",NO
72901,maternity leave is also provided for all women .,MATERNITY LEAVE BE DESC-ALSO PROVIDE FOR ALL WOMAN .,NO
72937,self employed people often do not have sickness insurance .,SELF EMPLOY PEOPLE DESC-OFTEN DO DESC-NOT HAVE SICKNESS INSURANCE .,NO
72938,"they work when they are sick , because it is financially more advantageous .","X-Y WORK WHEN X-Y BE DESC-SICK , BECAUSE X-IT BE DESC-FINANCIALLY MORE DESC-ADVANTAGEOUS .",NO
73084,"i am thinking , among other things , of care instructions and health and safety warnings .","X-I BE THINK , AMONG DESC-OR THING , CARE INSTRUCTION AND HEALTH AND SAFETY WARN .",NO
73085,those with allergies must not have to be exposed to goods containing traces of allergenic substances .,THOSE WITH ALLERGY MUST DESC-NOT HAVE TO BE EXPOSE TO GOODS CONTAIN TRACE DESC-ALLERGENIC SUBSTANCE .,NO
73101,"it is important , for example , to test whether the fibres are allergenic .","X-IT BE DESC-IMPORTANT , FOR EXAMPLE , TO TEST WHER FIBER BE DESC-ALLERGENIC .",NO
73134,"all too often , newspaper stories have drawn our attention to cases of allergies in children and women .","ALL DESC-TOO DESC-OFTEN , NEWSPAPER STORY HAVE DRAW X-WE ATTENTION TO CASE ALLERGY IN CHILD AND WOMAN .",NO
73345,"second , have these tests been concluded ?","DESC-SECOND , HAVE SE TEST BE CONCLUDE ?",YES
73483,these regions have permanent handicaps and we need to recognise this .,SE REGION HAVE DESC-PERMANENT HANDICAP AND X-WE NEED TO RECOGNIZE THIS .,NO
73761,i would stress the role of informing young people about sex education issues in protecting their health .,X-I WOULD STRESS ROLE INFORM DESC-YOUNG PEOPLE ABOUT SEX EDUCATION ISSUE IN PROTECT X-Y HEALTH .,NO
73832,the issue of maternity protection for self employed women and assisting spouses or recognised partners is very important .,ISSUE MATERNITY PROTECTION FOR SELF EMPLOY WOMAN AND ASSIST SPOUSE OR RECOGNIZE PARTNER BE DESC-VERY DESC-IMPORTANT .,NO
73842,"maternity leave must be guaranteed in all the member states and for all women , regardless of their employment .","MATERNITY LEAVE MUST BE GUARANTEE IN ALL MEMBER STATE AND FOR ALL WOMAN , DESC-REGARDLESS X-Y EMPLOYMENT .",NO
74023,"first , the principles applying to organ donation .","DESC-FIRST , PRINCIPLE APPLY TO ORGAN DONATION .",NO
74024,"at the same time , the greatest possible protection must be ensured for living donors .","AT DESC-SAME TIME , DESC-GREATEST DESC-POSSIBLE PROTECTION MUST BE ENSURE FOR DESC-LIVE DONOR .",NO
74031,"we should never forget , ladies and gentlemen , that without donors , there can be no transplants .","X-WE SHOULD DESC-NEVER FORGET , LADY AND GENTLEMAN , THAT WITHOUT DONOR , DESC-RE CAN BE NO TRANSPLANT .",NO
74032,the first is the proposal for a directive regulating the quality and safety aspects of organs intended for transplantation .,DESC-FIRST BE PROPOSAL FOR DIRECTIVE REGULATE QUALITY AND SAFETY ASPECT ORGAN INTEND FOR TRANSPLANTATION .,NO
74034,this will help to achieve self sufficiency in organ donation and therefore to combat transplant tourism .,THIS WILL HELP TO ACHIEVE SELF SUFFICIENCY IN ORGAN DONATION AND DESC-REFORE TO COMBAT TRANSPLANT TOURISM .,NO
74036,this is why we are here today to ensure high quality and safe organ transplantation across europe .,THIS BE WHY X-WE BE DESC-HERE TODAY TO ENSURE DESC-HIGH QUALITY AND DESC-SAFE ORGAN TRANSPLANTATION ACROSS EUROPE .,NO
74040,i fully share parliament's concern as regards combating organ trafficking .,X-I DESC-FULLY SHARE PARLIAMENT X-POSS CONCERN AS REGARD COMBATE ORGAN TRAFFICKING .,NO
74041,"i also understand parliament's concern about transparent , non discriminatory and scientific criteria for organ allocation .","X-I DESC-ALSO UNDERSTAND PARLIAMENT X-POSS CONCERN ABOUT DESC-TRANSPARENT , NON DESC-DISCRIMINATORY AND DESC-SCIENTIFIC CRITERION FOR ORGAN ALLOCATION .",NO
74049,there are many challenges in the area of the donation and transplantation of human organs .,DESC-RE BE DESC-MANY CHALLENGE IN AREA DONATION AND TRANSPLANTATION DESC-HUMAN ORGAN .,NO
74051,the tasks of the european parliament also include conducting a determined battle against the despicable trade in human organs .,TASK EUROPEAN PARLIAMENT DESC-ALSO INCLUDE CONDUCT DETERMINE BATTLE AGAINST DESC-DESPICABLE TRADE IN DESC-HUMAN ORGAN .,NO
74056,spain has organised this much better with its transplant coordinators .,SPAIN HAVE ORGANISE THIS DESC-MUCH DESC-BETTER WITH X-ITS TRANSPLANT COORDINATOR .,NO
74059,another very important element in the directive is that we must combat the trade in organs .,ANOR DESC-VERY DESC-IMPORTANT ELEMENT IN DIRECTIVE BE THAT X-WE MUST COMBAT TRADE IN ORGAN .,NO
74065,twelve of them die every day because they have waited too long .,TWELVE X-Y DIE EVERY DAY BECAUSE X-Y HAVE WAIT DESC-TOO DESC-LONG .,NO
74067,the hardest question in the talks related to living donors .,DESC-HARDEST QUESTION IN TALK RELATE TO DESC-LIVE DONOR .,NO
74068,"voluntary donations that are free of charge are also the safest option , even for the recipients of organs .","DESC-VOLUNTARY DONATION THAT BE DESC-FREE CHARGE BE DESC-ALSO DESC-SAFEST OPTION , DESC-EVEN FOR DESC-RECIPIENT ORGAN .",NO
74069,there can be no crimes associated with the trade in organs unless there are middlemen and the demand .,DESC-RE CAN BE NO CRIME ASSOCIATE WITH TRADE IN ORGAN UNLESS DESC-RE BE MIDDLEMAN AND DEMAND .,NO
74071,"for example , australian organ transplant surgeons have condemned the practice in china of killing prisoners for their organs .","FOR EXAMPLE , AUSTRALIAN ORGAN TRANSPLANT SURGEON HAVE CONDEMN PRACTICE IN CHINA KILL PRISONER FOR X-Y ORGAN .",NO
74073,"madam president , commissioner , mrs jiménez , the lack of organs for transplantation is a major problem .","MADAM PRESIDENT , COMMISSIONER , MR JIM?NEZ , LACK ORGAN FOR TRANSPLANTATION BE DESC-MAJOR PROBLEM .",NO
74076,we therefore need to screen the organs concerned before they are used .,X-WE DESC-REFORE NEED TO SCREEN ORGAN CONCERN BEFORE X-Y BE USE .,NO
74077,organ donation rates vary considerably from one country to another .,ORGAN DONATION RATE VARY DESC-CONSIDERABLY FROM ONE COUNTRY TO ANOR .,NO
74086,"parliament emphasises , however , that living donations must be considered complementary to donations after death .","PARLIAMENT EMPHASISE , DESC-HOWEVER , THAT DESC-LIVE DONATION MUST BE CONSIDER DESC-COMPLEMENTARY TO DONATION AFTER DEATH .",NO
74097,the area of living donations has been the most challenging .,AREA DESC-LIVE DONATION HAVE BE MOST CHALLENGE .,NO
74106,"third , the proactive promotion of donation in hospitals as a way of overcoming shortages .","DESC-THIRD , DESC-PROACTIVE PROMOTION DONATION IN HOSPITAL AS WAY OVERCOME SHORTAGE .",NO
74108,we are all well aware of the figures thousands of people across europe require organ transplants every year .,X-WE BE ALL DESC-WELL DESC-AWARE FIGURE THOUSAND PEOPLE ACROSS EUROPE REQUIRE ORGAN TRANSPLANT EVERY YEAR .,NO
74114,"for supplying information about a single donor , doctors in poland could earn more than one month's salary .","FOR SUPPLY INFORMATION ABOUT DESC-SINGLE DONOR , DOCTOR IN POLAND COULD EARN MORE THAN ONE MONTH X-POSS SALARY .",NO
74117,"of course , we must be extremely vigilant as regards the issue of illegal organ trafficking .","COURSE , X-WE MUST BE DESC-EXTREMELY VIGILANT AS REGARD ISSUE DESC-ILLEGAL ORGAN TRAFFICKING .",NO
74118,all measures must be implemented to combat mafia style networks and transplantation tourism .,ALL MEASURE MUST BE IMPLEMENT TO COMBAT MAFIA STYLE NETWORK AND TRANSPLANTATION TOURISM .,NO
74119,we must guarantee the principle of free transplants and prevent any pressure from being put on potential donors .,X-WE MUST GUARANTEE PRINCIPLE DESC-FREE TRANSPLANT AND PREVENT ANY PRESSURE FROM BE PUT ON POTENTIAL DONOR .,NO
74120,"some of the problems mentioned in the report , such as organ trafficking , cannot be directly addressed .","SOME PROBLEM MENTION IN REPORT , DESC-SUCH AS ORGAN TRAFFICKING , CAN DESC-NOT BE DESC-DIRECTLY ADDRESS .",NO
74121,ro transplants and organ donation save and prolong the lives of thousands of european citizens every year .,RO TRANSPLANT AND ORGAN DONATION SAVE AND PROLONG LIFE THOUSAND EUROPEAN CITIZEN EVERY YEAR .,NO
74123,the basque country euskadi has the world record for organ donation .,BASQUE COUNTRY EUSKAD X-I HAVE WORLD RECORD FOR ORGAN DONATION .,NO
74129,"in one system , it is presumed that the deceased donor would have consented to the transplantation .","IN ONE SYSTEM , X-IT BE PRESUME THAT DESC-DECEASED DONOR WOULD HAVE CONSENT TO TRANSPLANTATION .",NO
74130,should it not be recommended to every member state to use the presumption of consent system ?,SHOULD X-IT DESC-NOT BE RECOMMEND TO EVERY MEMBER STATE TO USE PRESUMPTION CONSENT SYSTEM ?,NO
74135,"no more than roughly half of us are prepared to donate organs , however .","NO MORE THAN DESC-ROUGHLY HALF X-WE BE PREPARE TO DONATE ORGAN , DESC-HOWEVER .",NO
74139,it is a known fact that the lungs live on for two hours after death has occurred .,X-IT BE KNOW FACT THAT LUNG DESC-LIVE ON FOR TWO HOUR AFTER DEATH HAVE OCCUR .,NO
74143,"in different member states of the european union , very different methods are used for identifying potential donors .","IN DESC-DIFFERENT MEMBER STATE EUROPEAN UNION , DESC-VERY DESC-DIFFERENT METHOD BE USE FOR IDENTIFY POTENTIAL DONOR .",NO
74145,nearly 10 people a day die whilst waiting .,DESC-NEARLY 10 PEOPLE DAY DIE WHILST WAIT .,NO
74146,"lades and gentlemen , as you are aware , nearly 56 000 patients are currently on the waiting lists .","LADE AND GENTLEMAN , AS X-YOU BE DESC-AWARE , DESC-NEARLY 56 000 PATIENT BE DESC-CURRENTLY ON WAIT LIST .",NO
74147,donation rates and the availability of organs vary considerably between european countries .,DONATION RATE AND AVAILABILITY ORGAN VARY DESC-CONSIDERABLY BETWEEN EUROPEAN COUNTRY .,NO
74148,the lack of organs is a key factor affecting transplant programmes .,LACK ORGAN BE KEY FACTOR AFFECT TRANSPLANT PROGRAM .,NO
74152,i believe that this directive quite clearly states that the trade in organs is itself an illegal activity .,X-I BELIEVE THAT THIS DIRECTIVE DESC-QUITE DESC-CLEARLY STATE THAT TRADE IN ORGAN BE X-ITSELF DESC-ILLEGAL ACTIVITY .,NO
74153,we must not send out the signal that trade in organs could be legal in some circumstances .,X-WE MUST DESC-NOT SEND OUT SIGNAL THAT TRADE IN ORGAN COULD BE DESC-LEGAL IN SOME CIRCUMSTANCE .,NO
74154,"thus , there cannot be any illegal trade in organs because no trade in organs is allowed .","DESC-THUS , DESC-RE CAN DESC-NOT BE ANY DESC-ILLEGAL TRADE IN ORGAN BECAUSE NO TRADE IN ORGAN BE ALLOW .",NO
74155,there is only organ donation .,DESC-RE BE DESC-ONLY ORGAN DONATION .,NO
74161,the directive will provide a comparable safety standard across the union and increased trust in transplantation systems .,DIRECTIVE WILL PROVIDE DESC-COMPARABLE SAFETY STANDARD ACROSS UNION AND INCREASE TRUST IN TRANSPLANTATION SYSTEM .,NO
74171,the new law will save many lives and optimise the organs donated by allowing member states to share organs .,DESC-NEW LAW WILL SAVE DESC-MANY LIFE AND OPTIMISE ORGAN DONATE BY ALLOW MEMBER STATE TO SHARE ORGAN .,NO
74172,"now , the organ can be given to one of the 56 000 eu citizens awaiting transplants .","DESC-NOW , ORGAN CAN BE GIVE TO ONE 56 000 EU CITIZEN AWAIT TRANSPLANT .",NO
74174,"with reference to ireland , we need an independent body to monitor the transplantation and harvesting of donated organs .","WITH REFERENCE TO IRELAND , X-WE NEED DESC-INDEPENDENT BODY TO MONITOR TRANSPLANTATION AND HARVESTING DONATE ORGAN .",NO
74200,"they have priority in health care and education , all at the expense of local taxpayers !","X-Y HAVE PRIORITY IN HEALTH CARE AND EDUCATION , ALL AT EXPENSE DESC-LOCAL TAXPAYER !",NO
74426,"in particular , I am thinking about the question of the partially sighted .","IN DESC-PARTICULAR , X-I BE THINK ABOUT QUESTION DESC-PARTIALLY SIGHT .",NO
74630,"commissioner , often it is not enough to simply increase prevention measures .","COMMISSIONER , DESC-OFTEN X-IT BE DESC-NOT DESC-ENOUGH TO DESC-SIMPLY INCREASE PREVENTION MEASURE .",NO
74706,considerations to do with prevention therefore take a back seat .,CONSIDERATION TO DO WITH PREVENTION DESC-REFORE TAKE DESC-BACK SEAT .,NO
74791,"this is my diagnosis , commissioner , ladies and gentlemen .","THIS BE X-MY DIAGNOSIS , COMMISSIONER , LADY AND GENTLEMAN .",YES
74867,somebody mentioned that they should have insurance .,SOMEBODY MENTION THAT X-Y SHOULD HAVE INSURANCE .,NO
74878,"every day , 12 people die because of the shortage of organs available for transplantation .","EVERY DAY , 12 PEOPLE DIE BECAUSE SHORTAGE ORGAN DESC-AVAILABLE FOR TRANSPLANTATION .",NO
74879,"in poland , the figure is in poland , I have distributed badges and bracelets which encourage support of transplantation medicine .","IN POLAND , FIGURE BE IN POLAND , X-I HAVE DISTRIBUTE BADGE AND BRACELET WHICH ENCOURAGE SUPPORT TRANSPLANTATION MEDICINE .",NO
74880,promoting the idea of transplantation and coordinating the exchange of experience between member states can save thousands of lives .,PROMOTE IDEA TRANSPLANTATION AND COORDINATE EXCHANGE EXPERIENCE BETWEEN MEMBER STATE CAN SAVE THOUSAND LIFE .,NO
75400,standards of quality and safety of human organs intended for transplantation,STANDARD QUALITY AND SAFETY DESC-HUMAN ORGAN INTEND FOR TRANSPLANTATION,NO
75401,today is a great day for european citizens and for european patients .,TODAY BE DESC-GREAT DAY FOR EUROPEAN CITIZEN AND FOR EUROPEAN PATIENT .,NO
75403,"ladies and gentlemen , this is not about politics , it is about people's health .","LADY AND GENTLEMAN , THIS BE DESC-NOT ABOUT POLITICS , X-IT BE ABOUT PEOPLE X-POSS HEALTH .",NO
75423,food additives other than colours and sweeteners bovine and / or porcine thrombin,FOOD ADDITIVE DESC-OR THAN COLOR AND SWEETENER DESC-BOVINE AND OR PORCINE THROMBIN,NO
75429,"as regards safety and hygiene , efsa evaluated the product and concluded that this additive raised no safety concerns .","AS REGARD SAFETY AND HYGIENE , EFSA EVALUATE PRODUCT AND CONCLUDE THAT THIS ADDITIVE RAISE NO SAFETY CONCERN .",NO
75435,"thirdly , the name of the enzyme and its animal origin must be mentioned in the list of ingredients .","DESC-THIRDLY , NAME ENZYME AND X-ITS ANIMAL ORIGIN MUST BE MENTION IN LIST INGREDIENT .",NO
75441,action plan on organ donation and transplantation 2009 2015,ACTION PLAN ON ORGAN DONATION AND TRANSPLANTATION 2009 2015,NO
75448,"mr president , the commissioner informed us just before the vote about the thrombin issue .","MR PRESIDENT , COMMISSIONER INFORM X-WE DESC-JUST BEFORE VOTE ABOUT THROMBIN ISSUE .",NO
75466,"mr president , I very much welcome this report and the new european rules for organ donation .","MR PRESIDENT , X-I DESC-VERY DESC-MUCH DESC-WELCOME THIS REPORT AND DESC-NEW EUROPEAN RULE FOR ORGAN DONATION .",NO
75467,"if you die in another european union country , why should your organ not be used to save life ?","IF X-YOU DIE IN ANOR EUROPEAN UNION COUNTRY , WHY SHOULD X-YOU ORGAN DESC-NOT BE USE TO SAVE LIFE ?",NO
75470,let our surgeons do their work .,LET X-WE SURGEON DO X-Y WORK .,NO
75471,let our patients be treated .,LET X-WE PATIENT BE TREAT .,NO
75479,"mr president , I voted in favour of the resolution on the transplantation of human organs .","MR PRESIDENT , X-I VOTE IN FAVOR RESOLUTION ON TRANSPLANTATION DESC-HUMAN ORGAN .",NO
75480,many people die every day because they suffer from organ failure and because organs are unavailable .,DESC-MANY PEOPLE DIE EVERY DAY BECAUSE X-Y SUFFER FROM ORGAN FAILURE AND BECAUSE ORGAN BE DESC-UNAVAILABLE .,NO
75481,"the eu can help patients waiting for organs across europe and , as a consequence , save lives .","EU CAN HELP PATIENT WAIT FOR ORGAN ACROSS EUROPE AND , AS CONSEQUENCE , SAVE LIFE .",NO
75482,what we need is a well coordinated system of organ donation and transplantation .,WHAT X-WE NEED BE DESC-WELL COORDINATE SYSTEM ORGAN DONATION AND TRANSPLANTATION .,NO
75484,thrombin is naturally present in all meat .,THROMBIN BE DESC-NATURALLY DESC-PRESENT IN ALL MEAT .,NO
75485,"to avoid thrombin , it would be necessary to stop eating meat completely .","TO AVOID THROMBIN , X-IT WOULD BE DESC-NECESSARY TO STOP EAT MEAT DESC-COMPLETELY .",NO
75486,"the commission's experts state that thrombin is not hazardous to health , and this opinion is scientifically based .","COMMISSION X-POSS EXPERT STATE THAT THROMBIN BE DESC-NOT DESC-HAZARDOUS TO HEALTH , AND THIS OPINION BE DESC-SCIENTIFICALLY BASE .",NO
75488,packaging must include accurate information about thrombin and the labelling must be clear .,PACKAGING MUST INCLUDE DESC-ACCURATE INFORMATION ABOUT THROMBIN AND LABEL MUST BE DESC-CLEAR .,NO
75489,why should we ban thrombin ?,WHY SHOULD X-WE BAN THROMBIN ?,NO
75498,what is thrombin ?,WHAT BE THROMBIN ?,NO
75499,thrombin is a natural enzyme .,THROMBIN BE DESC-NATURAL ENZYME .,NO
75501,all of us have a lot of thrombin in our bodies .,ALL X-WE HAVE LOT THROMBIN IN X-WE BODY .,NO
75505,the commission has proposed exactly the same solution for labelling products in which thrombin is used as a glue .,COMMISSION HAVE PROPOSE DESC-EXACTLY DESC-SAME SOLUTION FOR LABEL PRODUCT IN WHICH THROMBIN BE USE AS GLUE .,NO
75512,i have now voted in favour of the resolution and of a ban on thrombin .,X-I HAVE DESC-NOW VOTE IN FAVOR RESOLUTION AND BAN ON THROMBIN .,NO
75520,this is why I have voted against allowing thrombin to be used as a food glue .,THIS BE WHY X-I HAVE VOTE AGAINST ALLOW THROMBIN TO BE USE AS FOOD GLUE .,NO
75522,this means that we must call on the commission not to authorise the use of thrombin .,THIS MEAN THAT X-WE MUST CALL ON COMMISSION DESC-NOT TO AUTHORISE USE THROMBIN .,NO
75582,i support this report on standards of quality and safety of human organs intended for transplantation .,X-I SUPPORT THIS REPORT ON STANDARD QUALITY AND SAFETY DESC-HUMAN ORGAN INTEND FOR TRANSPLANTATION .,NO
75584,the traceability and protection of donors and recipients also deserve special attention .,TRACEABILITY AND PROTECTION DONOR AND DESC-RECIPIENT DESC-ALSO DESERVE DESC-SPECIAL ATTENTION .,NO
75586,i voted for the draft directive on standards of quality and safety of human organs intended for transplantation .,X-I VOTE FOR DRAFT DIRECTIVE ON STANDARD QUALITY AND SAFETY DESC-HUMAN ORGAN INTEND FOR TRANSPLANTATION .,NO
75587,"such a transparent , safe and efficient donation system is the only way to combat organ trafficking .","DESC-SUCH DESC-TRANSPARENT , DESC-SAFE AND DESC-EFFICIENT DONATION SYSTEM BE DESC-ONLY WAY TO COMBAT ORGAN TRAFFICKING .",NO
75588,"i voted in favour of the proposal for a directive for the following reasons it is unacceptable that , on average , 12 people awaiting a transplant die every day .","X-I VOTE IN FAVOR PROPOSAL FOR DIRECTIVE FOR FOLLOW REASON X-IT BE DESC-UNACCEPTABLE THAT , ON AVERAGE , 12 PEOPLE AWAIT TRANSPLANT DIE EVERY DAY .",NO
75589,"in general in the eu , there is a broad social consensus on the donation of organs for transplantation .","IN DESC-GENERAL IN EU , DESC-RE BE DESC-BROAD DESC-SOCIAL CONSENSUS ON DONATION ORGAN FOR TRANSPLANTATION .",NO
75590,organ donation must always be free and protected from any potential commercialisation .,ORGAN DONATION MUST DESC-ALWAYS BE DESC-FREE AND PROTECT FROM ANY POTENTIAL COMMERCIALISATION .,NO
75591,"the number of transplants in the european union has increased , saving and prolonging many lives .","NUMBER TRANSPLANT IN EUROPEAN UNION HAVE INCREASE , SAVE AND PROLONG DESC-MANY LIFE .",NO
75592,"however , there are still long waiting lists for transplants .","DESC-HOWEVER , DESC-RE BE DESC-STILL DESC-LONG WAIT LIST FOR TRANSPLANT .",NO
75596,"organ transplants can save lives , but only when a healthy organ from a matching donor is transplanted .","ORGAN TRANSPLANT CAN SAVE LIFE , BUT DESC-ONLY WHEN DESC-HEALTHY ORGAN FROM MATCH DONOR BE TRANSPLANT .",NO
75599,i hope this will make the possibility of getting an organ easier and safer .,X-I HOPE THIS WILL MAKE POSSIBILITY GET ORGAN DESC-EASIER AND DESC-SAFER .,NO
75602,i endorsed the report on standards of safety in organ donation because the report includes the principle of non commercialisation .,X-I ENDORSE REPORT ON STANDARD SAFETY IN ORGAN DONATION BECAUSE REPORT INCLUDE PRINCIPLE NON COMMERCIALISATION .,NO
75607,issues relating to the diet and health of citizens are extremely sensitive and must be considered carefully and objectively .,ISSUE RELATE TO DIET AND HEALTH CITIZEN BE DESC-EXTREMELY DESC-SENSITIVE AND MUST BE CONSIDER DESC-CAREFULLY AND DESC-OBJECTIVELY .,NO
75608,this is very much the case with the debate on the authorisation of food additives such as thrombin .,THIS BE DESC-VERY DESC-MUCH CASE WITH DEBATE ON AUTHORISATION FOOD ADDITIVE DESC-SUCH AS THROMBIN .,NO
75609,"in addition , the overwhelming majority of member states are calling for thrombin to be authorised .","IN ADDITION , DESC-OVERWHELMING MAJORITY MEMBER STATE BE CALL FOR THROMBIN TO BE AUTHORISE .",NO
75610,i voted for a resolution calling for thrombin not to be used in meat .,X-I VOTE FOR RESOLUTION CALL FOR THROMBIN DESC-NOT TO BE USE IN MEAT .,NO
75611,thrombin is used as agluein reconstituted meat .,THROMBIN BE USE AS AGLUEIN DESC-RECONSTITUTED MEAT .,NO
75616,i very much regret the adoption of this resolution relating to the banning of porcine and bovine thrombin .,X-I DESC-VERY DESC-MUCH REGRET ADOPTION THIS RESOLUTION RELATE TO BAN PORCINE AND DESC-BOVINE THROMBIN .,NO
75622,food safety and the health of european citizens are at stake .,FOOD SAFETY AND HEALTH EUROPEAN CITIZEN BE AT STAKE .,NO
75623,it is time to show the commission that food safety and health are major concerns for the european parliament .,X-IT BE TIME TO SHOW COMMISSION THAT FOOD SAFETY AND HEALTH BE DESC-MAJOR CONCERN FOR EUROPEAN PARLIAMENT .,NO
75625,we cannot allow the consumer to be misled by the food additive thrombin .,X-WE CAN DESC-NOT ALLOW CONSUMER TO BE MISLEAD BY FOOD ADDITIVE THROMBIN .,NO
75626,the key thing here is the safety of substances .,KEY THING DESC-HERE BE SAFETY SUBSTANCE .,NO
75628,a piece of meat glued together with thrombin should never be allowed to go on sale as ham .,PIECE MEAT GLUE DESC-TOGER WITH THROMBIN SHOULD DESC-NEVER BE ALLOW TO GO ON SALE AS HAM .,NO
75629,"instead , it must be clearly labelled ascombined meat parts treated with thrombin.","DESC-INSTEAD , X-IT MUST BE DESC-CLEARLY LABEL ASCOMBINED MEAT PART TREAT WITH THROMBIN .",NO
75631,thrombin is currently in use .,THROMBIN BE DESC-CURRENTLY IN USE .,NO
75637,i oppose the use of thrombin to glue together different pieces of meat which are mostly of poor quality .,X-I OPPOSE USE THROMBIN TO GLUE DESC-TOGER DESC-DIFFERENT PIECE MEAT WHICH BE DESC-MOSTLY DESC-POOR QUALITY .,NO
75641,"however , I do not think that thrombinmeat gluecomplies with this requirement .","DESC-HOWEVER , X-I DO DESC-NOT THINK THAT THROMBINMEAT DESC-GLUECOMPLY WITH THIS REQUIREMENT .",NO
75642,"as mentioned in the report , that increases the risk of meat infection .","AS MENTION IN REPORT , THAT INCREASE RISK MEAT INFECTION .",NO
75648,i am very pleased with today's vote banning thrombin .,X-I BE DESC-VERY DESC-PLEASED WITH TODAY X-POSS VOTE BAN THROMBIN .,NO
75653,yet thrombin is used in some member states without consumers being informed .,DESC-YET THROMBIN BE USE IN SOME MEMBER STATE WITHOUT CONSUMER BE INFORM .,NO
75657,"however , no organ exchange network has yet been set up at the eu 27 level .","DESC-HOWEVER , NO ORGAN EXCHANGE NETWORK HAVE DESC-YET BE SET DESC-UP AT EU 27 LEVEL .",NO
75658,an organ transplant is the last chance of life for thousands of people every day .,ORGAN TRANSPLANT BE DESC-LAST CHANCE LIFE FOR THOUSAND PEOPLE EVERY DAY .,NO
75659,"in romania , 13 people on the transplant waiting list die every day due to the lack of donors .","IN ROMANIUM , 13 PEOPLE ON TRANSPLANT WAIT LIST DIE EVERY DAY DESC-DUE TO LACK DONOR .",NO
75660,romania is faced with a tragic situation at a time when there is one donor per million inhabitants .,ROMANIUM BE FACE WITH DESC-TRAGIC SITUATION AT TIME WHEN DESC-RE BE ONE DONOR PER MILLION INHABITANT .,NO
75661,funding the medical system does not come cheap .,FUND DESC-MEDICAL SYSTEM DO DESC-NOT COME DESC-CHEAP .,NO
75663,approximately 60 000 patients are on a waiting list for a transplant in the member states of the eu .,DESC-APPROXIMATELY 60 000 PATIENT BE ON WAIT LIST FOR TRANSPLANT IN MEMBER STATE EU .,NO
75665,"every day , 12 patients die in the eu due to a lack of compatible donors .","EVERY DAY , 12 PATIENT DIE IN EU DESC-DUE TO LACK DESC-COMPATIBLE DONOR .",NO
75667,punishments must be particularly severe for health professionals or insurance companies .,PUNISHMENT MUST BE DESC-PARTICULARLY DESC-SEVERE FOR HEALTH DESC-PROFESSIONAL OR INSURANCE COMPANY .,NO
75668,this discrepancy is the result of a shortage of organs for transplantation in comparison to need .,THIS DISCREPANCY BE RESULT SHORTAGE ORGAN FOR TRANSPLANTATION IN COMPARISON TO NEED .,NO
75670,"additionally , there are tight time constraints on organ viability .","DESC-ADDITIONALLY , DESC-RE BE DESC-TIGHT TIME CONSTRAINT ON ORGAN VIABILITY .",NO
75671,"thus , an eu wide network would be of use to very few patients .","DESC-THUS , EU DESC-WIDE NETWORK WOULD BE USE TO DESC-VERY DESC-FEW PATIENT .",NO
75672,several thousand people die each year in europe because they have been unable to receive a transplantation in time .,DESC-SEVERAL THOUSAND PEOPLE DIE EACH YEAR IN EUROPE BECAUSE X-Y HAVE BE DESC-UNABLE TO RECEIVE TRANSPLANTATION IN TIME .,NO
75674,i voted in favour of the report on the action plan on organ donation and transplantation for 2009 20that is why I voted as I did .,X-I VOTE IN FAVOR REPORT ON ACTION PLAN ON ORGAN DONATION AND TRANSPLANTATION FOR 2009 20THAT BE WHY X-I VOTE AS X-I DO .,NO
75675,it is also important to highlight the leading position held by the spanish health system as regards this issue .,X-IT BE DESC-ALSO DESC-IMPORTANT TO HIGHLIGHT LEAD POSITION HOLD BY SPANISH HEALTH SYSTEM AS REGARD THIS ISSUE .,NO
75678,"every day , 12 people die waiting for an organ transplant .","EVERY DAY , 12 PEOPLE DIE WAIT FOR ORGAN TRANSPLANT .",NO
75679,"sadly , many people are simply dying because of the great shortage of organ donors and insufficient cross border coordination .","DESC-SADLY , DESC-MANY PEOPLE BE DESC-SIMPLY DIE BECAUSE DESC-GREAT SHORTAGE ORGAN DONOR AND DESC-INSUFFICIENT CROSS BORDER COORDINATION .",NO
75682,"many eu citizens are not fundamentally against donation , but are afraid of adding their names to the register .","DESC-MANY EU CITIZEN BE DESC-NOT DESC-FUNDAMENTALLY AGAINST DONATION , BUT BE DESC-AFRAID ADD X-Y NAME TO REGISTER .",NO
75684,the shortage of organs for transplantation is also a powerful stimulus for the trade in organs and people .,SHORTAGE ORGAN FOR TRANSPLANTATION BE DESC-ALSO DESC-POWERFUL STIMULUS FOR TRADE IN ORGAN AND PEOPLE .,NO
75841,"however , there is the risk of applying a treatment which is much worse than the disease .","DESC-HOWEVER , DESC-RE BE RISK APPLY TREATMENT WHICH BE DESC-MUCH DESC-WORSE THAN DISEASE .",NO
75932,south wales has five significant pharmaceutical development companies with world class technology .,DESC-SOUTH WALE HAVE FIVE DESC-SIGNIFICANT DESC-PHARMACEUTICAL DEVELOPMENT COMPANY WITH WORLD CLASS TECHNOLOGY .,NO
75979,"mrs schroeder might consider this a bitter pill , but obviously you need to set a target .","MR SCHROEDER MIGHT CONSIDER THIS DESC-BITTER PILL , BUT DESC-OBVIOUSLY X-YOU NEED TO SET TARGET .",NO
76007,"in addition , the rise in pension demands and medical assistance must be kept in mind .","IN ADDITION , RISE IN PENSION DEMAND AND DESC-MEDICAL ASSISTANCE MUST BE KEEP IN MIND .",NO
76158,"furthermore , in the disability sector , that difference will have to be taken into account in some way .","DESC-FURRMORE , IN DISABILITY SECTOR , THAT DIFFERENCE WILL HAVE TO BE TAKE INTO ACCOUNT IN SOME WAY .",NO
76786,the protection and promotion of human and environmental health are priority objectives in european development policy .,PROTECTION AND PROMOTION DESC-HUMAN AND DESC-ENVIRONMENTAL HEALTH BE PRIORITY OBJECTIVE IN EUROPEAN DEVELOPMENT POLICY .,NO
77000,"among the dead , there are medical doctors and children .","AMONG DESC-DEAD , DESC-RE BE DESC-MEDICAL DOCTOR AND CHILD .",NO
77243,the maternal health improvements are there .,MATERNAL HEALTH IMPROVEMENT BE DESC-RE .,NO
77279,"let us take , for example , some grave problems relating to health care .","LET X-WE TAKE , FOR EXAMPLE , SOME GRAVE PROBLEM RELATE TO HEALTH CARE .",NO
77280,in ukraine and moldova 300 out of 10 000 people suffer from tuberculosis .,IN UKRAINE AND MOLDOVA 300 OUT 10 000 PEOPLE SUFFER FROM TUBERCULOSIS .,NO
77309,and we can finally recognise that you cannot achieve maternal health without women's rights .,AND X-WE CAN DESC-FINALLY RECOGNIZE THAT X-YOU CAN DESC-NOT ACHIEVE MATERNAL HEALTH WITHOUT WOMAN X-POSS RIGHTS .,NO
77346,my memory sadly escapes me it is something to do with age .,X-MY MEMORY DESC-SADLY ESCAPE X-I X-IT BE SOMETHING TO DO WITH AGE .,YES
77631,"many deaths have been recorded , while the health of thousands of people is at risk .","DESC-MANY DEATH HAVE BE RECORD , WHILE HEALTH THOUSAND PEOPLE BE AT RISK .",NO
77704,the tragedy has been explained in accordance with a familiar formula the mental instability of the murderer .,TRAGEDY HAVE BE EXPLAIN IN ACCORDANCE WITH DESC-FAMILIAR FORMULUM DESC-MENTAL INSTABILITY MURDERER .,NO
77706,the diagnosis was made almost as soon as the investigation began .,DIAGNOSIS BE MAKE DESC-ALMOST AS DESC-SOON AS INVESTIGATION BEGIN .,YES
77839,it will contain many more prevention mechanisms in the face of what may be systemic risks .,X-IT WILL CONTAIN DESC-MANY MORE PREVENTION MECHANISM IN FACE WHAT MAY BE DESC-SYSTEMIC RISK .,NO
78298,securing these rights will make a fundamental difference to the lives of our blind and partially sighted fellow citizens .,DESC-SECURE SE RIGHTS WILL MAKE DESC-FUNDAMENTAL DIFFERENCE TO LIFE X-WE DESC-BLIND AND DESC-PARTIALLY SIGHT FELLOW CITIZEN .,NO
78299,"this will allow physically disabled people to travel independently around europe , improving their quality of life .","THIS WILL ALLOW DESC-PHYSICALLY DESC-DISABLED PEOPLE TO TRAVEL DESC-INDEPENDENTLY AROUND EUROPE , IMPROVE X-Y QUALITY LIFE .",NO
78462,that carriers need to heed the appropriate access conditions for people with disabilities and those with restricted mobility,THAT CARRIER NEED TO HEED DESC-APPROPRIATE ACCESS CONDITION FOR PEOPLE WITH DISABILITY AND THOSE WITH RESTRICT MOBILITY,NO
78463,these services should also be accessible to people with disabilities,SE SERVICE SHOULD DESC-ALSO BE DESC-ACCESSIBLE TO PEOPLE WITH DISABILITY,NO
78686,"we must therefore totally separate bio waste from standard waste , which is the worst solution in the long term .","X-WE MUST DESC-REFORE DESC-TOTALLY DESC-SEPARATE BIO WASTE FROM STANDARD WASTE , WHICH BE DESC-WORST SOLUTION IN DESC-LONG TERM .",NO
78688,"finally , there is a great diversity between the member states in terms of the current management of bio waste .","DESC-FINALLY , DESC-RE BE DESC-GREAT DIVERSITY BETWEEN MEMBER STATE IN TERM DESC-CURRENT MANAGEMENT BIO WASTE .",NO
78692,the new legislation should stipulate the requirement for a system of selective bio waste collection and recycling .,DESC-NEW LEGISLATION SHOULD STIPULATE REQUIREMENT FOR SYSTEM DESC-SELECTIVE BIO WASTE COLLECTION AND RECYCLE .,NO
78695,current legislation in terms of bio waste does not answer the requirements of the material's regulation .,DESC-CURRENT LEGISLATION IN TERM BIO WASTE DO DESC-NOT ANSWER REQUIREMENT MATERIAL X-POSS REGULATION .,NO
78821,i think you had an urgent appointment .,X-I THINK X-YOU HAVE DESC-URGENT APPOINTMENT .,YES
78988,i have myself believed in precautionary measures for a long time .,X-I HAVE X-MYSELF BELIEVE IN DESC-PRECAUTIONARY MEASURE FOR DESC-LONG TIME .,NO
79106,mrs bowles reminded us of the need for early intervention measures .,MR BOWLE REMIND X-WE NEED FOR DESC-EARLY INTERVENTION MEASURE .,NO
79430,"innovation is all well and good , but not at the expense of human life and health .","INNOVATION BE ALL DESC-WELL AND DESC-GOOD , BUT DESC-NOT AT EXPENSE DESC-HUMAN LIFE AND HEALTH .",NO
79434,"consumers always love novelty , and indeed new technologies can help us combat obesity , for example .","CONSUMER DESC-ALWAYS LOVE NOVELTY , AND DESC-INDEED DESC-NEW TECHNOLOGY CAN HELP X-WE COMBAT OBESITY , FOR EXAMPLE .",NO
79435,a food should not reach our plates unless its safety is guaranteed .,FOOD SHOULD DESC-NOT REACH X-WE PLATE UNLESS X-ITS SAFETY BE GUARANTEE .,NO
79437,"cloned animals are often crippled or diseased , and most are not even alive when they are born .","CLONE ANIMAL BE DESC-OFTEN CRIPPLE OR DESC-DISEASED , AND MOST BE DESC-NOT DESC-EVEN DESC-ALIVE WHEN X-Y BE BEAR .",NO
79450,the effects of nanomaterials on the human body are unknown .,EFFECT NANOMATERIAL ON DESC-HUMAN BODY BE UNKNOWN .,NO
79460,can these things affect our health ?,CAN SE THING AFFECT X-WE HEALTH ?,NO
79461,"if so , should they therefore be included in a regulation on medicinal products ?","IF DESC-SO , SHOULD X-Y DESC-REFORE BE INCLUDE IN REGULATION ON MEDICINAL PRODUCT ?",NO
79468,the precise purpose of these regulations is to safeguard food safety and human health .,DESC-PRECISE PURPOSE SE REGULATION BE TO SAFEGUARD FOOD SAFETY AND DESC-HUMAN HEALTH .,NO
79480,cloned animals suffer .,CLONE ANIMAL SUFFER .,NO
79481,they often need to be put to sleep because they have terrible diseases .,X-Y DESC-OFTEN NEED TO BE PUT TO SLEEP BECAUSE X-Y HAVE DESC-TERRIBLE DISEASE .,YES
79489,this would not conform to the concept of the internal market and the uniformity of health and living conditions .,THIS WOULD DESC-NOT CONFORM TO CONCEPT DESC-INTERNAL MARKET AND UNIFORMITY HEALTH AND LIVE CONDITION .,NO
79491,a great deal has already been said about meat from cloned animals .,DESC-GREAT DEAL HAVE DESC-ALREADY BE SAY ABOUT MEAT FROM CLONE ANIMAL .,NO
79492,"i would like you , commissioner , to remove this section from the novel foods regulation .","X-I WOULD LIKE X-YOU , COMMISSIONER , TO REMOVE THIS SECTION FROM NOVEL FOOD REGULATION .",NO
79497,this is how we can recognise the benefits of certain healthier novel foods .,THIS BE HOW X-WE CAN RECOGNIZE BENEFIT DESC-CERTAIN HEALTHIER NOVEL FOOD .,NO
79500,do we not already have enough rules governing food ?,DO X-WE DESC-NOT DESC-ALREADY HAVE DESC-ENOUGH RULE GOVERN FOOD ?,NO
79510,there are major doubts at the moment surrounding the safety of meat derived from cloned animals .,DESC-RE BE DESC-MAJOR DOUBT AT MOMENT SURROUND SAFETY MEAT DERIVE FROM CLONE ANIMAL .,NO
79511,these animals have suffered premature ageing or other diseases .,SE ANIMAL HAVE SUFFER DESC-PREMATURE AGEING OR DESC-OR DISEASE .,NO
79512,most cloned organisms have not survived or have died prematurely .,MOST CLONE ORGANISM HAVE DESC-NOT SURVIVE OR HAVE DIE DESC-PREMATURELY .,NO
79521,consumers will reject novel foods if they cannot be certain that what we are offering is indeed safe .,CONSUMER WILL REJECT NOVEL FOOD IF X-Y CAN DESC-NOT BE DESC-CERTAIN THAT WHAT X-WE BE OFFER BE DESC-INDEED DESC-SAFE .,NO
79538,this will take account of the high level of health protection in the european union .,THIS WILL TAKE ACCOUNT DESC-HIGH LEVEL HEALTH PROTECTION IN EUROPEAN UNION .,NO
79552,"in europe , we need well developed and researched products which we can guarantee are safe for human consumption .","IN EUROPE , X-WE NEED DESC-WELL DEVELOP AND RESEARCH PRODUCT WHICH X-WE CAN GUARANTEE BE DESC-SAFE FOR DESC-HUMAN CONSUMPTION .",NO
79561,it took centuries to work out that penicillin could come from mould .,X-IT TAKE CENTURY TO WORK OUT THAT PENICILLIN COULD COME FROM MOULD .,NO
79565,the safety assessment would be carried out by efsa and the authorisation decision taken by the commission .,SAFETY ASSESSMENT WOULD BE CARRY OUT BY EFSA AND AUTHORISATION DECISION TAKE BY COMMISSION .,NO
79570,"animals , moreover , should not suffer for human health .","ANIMAL , DESC-MOREOVER , SHOULD DESC-NOT SUFFER FOR DESC-HUMAN HEALTH .",NO
79620,this is the least we must do for the sake of human health and the environment .,THIS BE DESC-LEAST X-WE MUST DO FOR SAKE DESC-HUMAN HEALTH AND ENVIRONMENT .,NO
79798,they need to be genuinely effective in the prevention of malpractice .,X-Y NEED TO BE DESC-GENUINELY DESC-EFFECTIVE IN PREVENTION MALPRACTICE .,NO
80150,many active ingredients are prohibited in europe .,DESC-MANY DESC-ACTIVE INGREDIENT BE PROHIBIT IN EUROPE .,NO
80319,he is in intensive care in hospital in mitrovica .,X-HE BE IN DESC-INTENSIVE CARE IN HOSPITAL IN MITROVICA .,YES
80320,let us wish him a quick and full recovery and express to him our full political and human support .,LET X-WE WISH X-HE DESC-QUICK AND DESC-FULL RECOVERY AND DESC-EXPRESS TO X-HE X-WE DESC-FULL DESC-POLITICAL AND DESC-HUMAN SUPPORT .,NO
80324,"together with this parliament , I wish him a very speedy recovery .","DESC-TOGER WITH THIS PARLIAMENT , X-I WISH X-HE DESC-VERY DESC-SPEEDY RECOVERY .",YES
80327,"aids / hiv in view of the xviii international aids conference vienna july 18 23 , 2010","AID HIV IN VIEW XVIUS X-I DESC-INTERNATIONAL AID CONFERENCE VIENNA JULY 18 23 , 2010",NO
80332,de to support measures in the field of safe abortions,DE TO SUPPORT MEASURE IN FIELD DESC-SAFE ABORTION,NO
80333,fr . to support measures for safe abortion .,TO SUPPORT MEASURE FOR DESC-SAFE ABORTION .,NO
80447,"it states that in 2008 alone , 2.7 million more people were infected .","X-IT STATE THAT IN 2008 DESC-ALONE , 2.7 MILLION MORE PEOPLE BE INFECT .",NO
80448,the eu has invested billions of euros and the number of people infected is increasing .,EU HAVE INVEST BILLION EURO AND NUMBER PEOPLE INFECT BE INCREASE .,NO
80450,a policy of sexual and reproductive rights will not help africa .,POLICY DESC-SEXUAL AND DESC-REPRODUCTIVE RIGHTS WILL DESC-NOT HELP AFRICA .,NO
80472,in the united kingdom nurses and teachers face cuts in their pay and pensions .,IN UNITE KINGDOM NURSE AND TEACHER FACE CUT IN X-Y PAY AND PENSION .,NO
80601,"the rampant , widespread corruption and the smuggling of weapons and drugs sow unrest in the region .","DESC-RAMPANT , DESC-WIDESPREAD CORRUPTION AND SMUGGLING WEAPON AND DRUG SOW UNREST IN REGION .",NO
80627,"nevertheless , I do not agree with associating the fight against hiv with a sensitive issue like abortion .","DESC-NEVERLESS , X-I DO DESC-NOT AGREE WITH ASSOCIATE FIGHT AGAINST HIV WITH DESC-SENSITIVE ISSUE LIKE ABORTION .",NO
80628,the resolution also requires governments to fulfil their obligation to make a public health service available to all citizens .,RESOLUTION DESC-ALSO REQUIRE GOVERNMENT TO FULFIL X-Y OBLIGATION TO MAKE PUBLIC HEALTH SERVICE DESC-AVAILABLE TO ALL CITIZEN .,NO
80629,"in order to stop the disease , much research is being carried out , also within the eu .","IN ORDER TO STOP DISEASE , DESC-MUCH RESEARCH BE BE CARRY OUT , DESC-ALSO WITHIN EU .",NO
80630,"since research in the area of hiv / aids is essential , I voted for the resolution .","SINCE RESEARCH IN AREA HIV AID BE DESC-ESSENTIAL , X-I VOTE FOR RESOLUTION .",NO
80632,"nevertheless , I would reiterate my total commitment to the fight against hiv / aids .","DESC-NEVERLESS , X-I WOULD REITERATE X-MY TOTAL COMMITMENT TO FIGHT AGAINST HIV AID .",NO
80636,almost half of those living with hiv are women .,DESC-ALMOST HALF THOSE DESC-LIVE WITH HIV BE WOMAN .,NO
80637,"women must have universal and easy access to information on health aspects of sex , reproduction and medical services .","WOMAN MUST HAVE DESC-UNIVERSAL AND DESC-EASY ACCESS TO INFORMATION ON HEALTH ASPECT SEX , REPRODUCTION AND DESC-MEDICAL SERVICE .",NO
80638,school education programmes on sexual and reproductive rights are crucial for hiv / aids prevention .,SCHOOL EDUCATION PROGRAM ON DESC-SEXUAL AND DESC-REPRODUCTIVE RIGHTS BE DESC-CRUCIAL FOR HIV AID PREVENTION .,NO
80896,they are not given any kind of medical care and receive very little food .,X-Y BE DESC-NOT GIVE ANY KIND DESC-MEDICAL CARE AND RECEIVE DESC-VERY DESC-LITTLE FOOD .,NO
80934,long term care for older people vote,DESC-LONG TERM CARE FOR DESC-OLDER PEOPLE VOTE,NO
80948,pharmacovigilance of medicinal products amendment of regulation ec no 726 / 2004,PHARMACOVIGILANCE MEDICINAL PRODUCT AMENDMENT REGULATION EC NO 726 2004,NO
80949,pharmacovigilance amendment of directive 2001 / 83 / ec,PHARMACOVIGILANCE AMENDMENT DIRECTIVE 2001 83 EC,NO
80966,health care systems in sub saharan africa and global health,HEALTH CARE SYSTEM IN SUB SAHARAN AFRICA AND DESC-GLOBAL HEALTH,NO
81031,information on medicinal products community code relating to medicinal products,INFORMATION ON MEDICINAL PRODUCT COMMUNITY CODE RELATE TO MEDICINAL PRODUCT,NO
