pipeline,id,categoria,titulo,descricao,gatilho,verificavel_por_texto,exemplos,fonte_livro,fonte_pagina,fonte_citacao,canal_extracao,canal_confirmado,divergencia,motivo_confirmacao
sign2voice,LIBRAS.PRONOMES.001,pronomes,Estabelecimento de referentes no espaço,"Toda referência nominal no discurso requer o estabelecimento de um local específico no espaço de sinalização (frente do corpo). Isso pode ser feito executando o sinal no local, direcionando o olhar/corpo, usando apontação ostensiva (IX) antes do sinal, ou usando classificadores. Uma vez estabelecido, o ponto pode ser referido posteriormente.",Introdução de um novo referente (substantivo) no discurso ou menção a um referente já estabelecido.,false,CASA (do João) -> CASA (sinalizado no ponto 'a') ; IX CASA -> CASA IX(casa),Língua de Sinais Brasileira: Estudos Linguísticos (Quadros & Karnopp) — Cap.4 A sintaxe espacial,123,"Qualquer referência usada no discurso requer o estabelecimento de um local no espaço de sinalização (espaço definido na frente do corpo do sinalizador), observando várias restrições.",sign2voice,sign2voice,,"Exige verificação de localização espacial e uso de classificadores, invisíveis na glosa."
sign2voice,LIBRAS.PRONOMES.002,pronomes,Argumentos nulos,"A Libras permite o apagamento de sujeitos e objetos nas sentenças contendo verbos com concordância, pois é uma língua que marca o parâmetro de argumentos nulos (pro-drop).",Uso de verbos com concordância onde os referentes já foram estabelecidos no espaço.,false,"Na língua de sinais brasileira observa-se a mesma distribuição (Quadros, 1995).",Língua de Sinais Brasileira: Estudos Linguísticos (Quadros & Karnopp) — Cap.4 A sintaxe espacial,135,"Na língua de sinais brasileira observa-se a mesma distribuição (Quadros, 1995).",voice2sign,sign2voice,sim,Exige verificação de referentes espaciais não representados na glosa.
sign2voice,LIBRAS.PRONOMES.003,pronomes,Ocorrência de argumentos nulos com verbos de concordância,"Argumentos nulos (sujeito ou objeto não sinalizados explicitamente) são permitidos em contextos sintáticos com verbos com concordância, mas não em sentenças com verbos sem concordância.",Frase com verbo com concordância e argumentos elididos.,false,Amanhã el@ conversa com el@ -> <AMANHÃ> IXa CONVERSAR IXb ; Amanhã (você) dará o livro (a el@) -> AMANHÃ <aDARb>do LIVRO,Língua de Sinais Brasileira: Estudos Linguísticos (Quadros & Karnopp) — Cap.4 A sintaxe espacial,156,Argumentos nulos contendo verbos com concordância ocorrem em contextos sintáticos em oposição às sentenças contendo verbos sem concordância.,voice2sign,sign2voice,sim,"Exige distinguir verbos com e sem concordância, informação não presente na glosa."
sign2voice,LIBRAS.PRONOMES.004,pronomes,Sistema de pronomes por apontamento (IX),As pessoas do discurso são marcadas por apontamentos no espaço de sinalização: 1ª pessoa aponta para o peito do sinalizante; 2ª pessoa aponta para o interlocutor; 3ª pessoa aponta para um ponto específico no espaço (real ou arbitrário).,"Referência a pessoas do discurso (1ª, 2ª ou 3ª pessoa) na frase.",false,eu -> 1ª pessoa (apontamento para o peito) ; você -> 2ª pessoa (apontamento para o interlocutor) ; ele/ela -> 3ª pessoa (apontamento para ponto no espaço),Gramática da Libras Vol.1 (INES/Quadros et al.) — Cap.5 Morfologia,214,É a partir desse sistema de localizações no espaço que a Libras faz distinção entre as pessoas do discurso. O apontamento em direção ao peito do sinalizante marca a 1ª pessoa. Já o apontamento em direção ao interlocutor indica a 2ª pessoa do discurso. Já a 3ª pessoa é marcada a partir do apontamento a um ponto específico no espaço,sign2voice,sign2voice,,A glosa não diferencia a direção ou localização do apontamento no espaço.
sign2voice,LIBRAS.PRONOMES.005,pronomes,Referenciação por articulação-boca,"A articulação-boca referencial assume função complementar aos sinais de indicação (apontação). Ela realiza a referenciação de pessoas, lugares ou papéis no discurso, podendo reforçar a indicação manual ou especificar a locação do referente no espaço.","Quando o sinalizante se refere a um elemento já mencionado ou localizado no espaço (pessoa, lugar, papel), utilizando a articulação-boca concomitantemente ou em apoio à indicação manual.",false,DIFERENTE + articulação-boca 'tifeete' (referência a si mesmo) ; ESCOLA + articulação-boca 'esola' (referência ao lugar) ; PROFESSOR + articulação-boca 'poofesoo' (referência ao papel/locução),Gramática da Libras Vol.1 (INES/Quadros et al.) — Cap.5 Morfologia,280,"Na Libras, a articulação-boca referencial assume função complementar, quando associada aos sinais manuais de indicação.",sign2voice,sign2voice,,A articulação de boca não é representada na glosa escrita.
sign2voice,LIBRAS.CONCORDANCIA.001,concordancia,Concordância verbal direcional,Verbos direcionais (ou verbos com concordância) devem concordar com o sujeito e/ou com o objeto (direto ou indireto) da frase. A direção do movimento da mão e a direção do olhar acompanham os pontos estabelecidos no espaço para os argumentos.,Uso de verbos da classe dos verbos direcionais com sujeito e/ou objeto localizáveis no espaço.,false,(el@) <aOLHARb>do (el@) ; (el@) <aAJUDARb>do (el@) ; (el@) <aENTREGARb>do (el@),Língua de Sinais Brasileira: Estudos Linguísticos (Quadros & Karnopp) — Cap.4 A sintaxe espacial,126,"Na língua de sinais brasileira, esses verbos têm que concordar com o sujeito e/ou com o objeto indireto/direto da frase. Como se pode observar nas fotos a seguir, há uma relação entre os pontos estabelecidos no espaço e os argumentos que estão incorporados no verbo.",sign2voice,sign2voice,,Direção do movimento e olhar não estão na glosa.
sign2voice,LIBRAS.CONCORDANCIA.002,concordancia,Elevação do objeto com verbos de concordância,"A presença de concordância verbal (verbos direcionais/manuais) permite a elevação do objeto para uma posição mais alta, derivando a ordem SOV.","Uso de verbos com concordância (ex: DIZER, ENTREGAR, AJUDAR) onde o objeto é localizável no espaço.",false,,Língua de Sinais Brasileira: Estudos Linguísticos (Quadros & Karnopp) — Cap.4 A sintaxe espacial,149,A presença de concordância verbal permite a elevação do objeto para uma posição mais alta derivando a ordem SOV,sign2voice,sign2voice,,"Exige verificação de elevação espacial, que não está na glosa."
sign2voice,LIBRAS.CONCORDANCIA.003,concordancia,Obrigatoriedade de marcas não-manuais em verbos de concordância,"O uso de marcas não-manuais (como a direção do olhar acompanhando o movimento) é obrigatório para verbos com concordância, enquanto é opcional para verbos sem concordância.",Uso de verbos com concordância (direcionais).,false,João olha para a Maria -> <MARIAb>do <JOÃOa aOLHARb>do (com marcas não-manuais),Língua de Sinais Brasileira: Estudos Linguísticos (Quadros & Karnopp) — Cap.4 A sintaxe espacial,154,As marcas não-manuais são obrigatórias nos verbos com concordância e opcionais nos verbos sem concordância.,sign2voice,sign2voice,,Marcas não-manuais não aparecem na glosa escrita.
sign2voice,LIBRAS.CONCORDANCIA.004,concordancia,Concordância verbal obrigatória com objeto,"Nas línguas de sinais, a concordância é obrigatória com o objeto. A concordância com o sujeito pode ou não ser realizada, dependendo da seleção do verbo.",Presença de objeto direto/indireto animado.,false,,Língua de Sinais Brasileira: Estudos Linguísticos (Quadros & Karnopp) — Cap.4 A sintaxe espacial,195,"Nas línguas de sinais, a concordância é obrigatória com o objeto, podendo ou não ser realizada com o sujeito, dependendo da seleção do verbo.",sign2voice,sign2voice,,"Concordância depende de movimento e configuração de mão, ausentes na glosa."
sign2voice,LIBRAS.CONCORDANCIA.005,concordancia,Trajetória de verbos com concordância (backward verbs),"A maioria dos verbos com concordância inicia a trajetória na posição do sujeito e termina na posição do objeto. No entanto, existem 'backward verbs' (verbos de retorno) que iniciam a trajetória na posição do objeto e concluem-na na posição do sujeito. Exemplos comuns incluem BUSCAR e CHAMAR.","Uso de verbos com concordância espacial, especificamente os classificados como 'backward verbs' (ex: BUSCAR, CHAMAR).",false,"Verbos padrão: Sujeito -> Objeto ; Backward verbs (BUSCAR, CHAMAR): Objeto -> Sujeito",Língua de Sinais Brasileira: Estudos Linguísticos (Quadros & Karnopp) — Cap.4 A sintaxe espacial,199,"Tais verbos iniciam a trajetória do sinal na posição do objeto e concluem-na na posição de sujeito, ao contrário dos demais verbos com concordância",sign2voice,sign2voice,,Trajetória espacial não está presente na glosa escrita.
sign2voice,LIBRAS.CONCORDANCIA.006,concordancia,Verbos de concordância dupla regular,Verbos com movimento de trajetória direcional onde o ponto inicial do movimento concorda com a localização do sujeito e o ponto final concorda com a localização do objeto.,Uso de verbos de trajetória direcional do tipo regular (maioria dos verbos de concordância).,false,Eu vejo você -> 1ªpessoaVER2ªpessoa ; Você me vê -> 2ªpessoaVER1ªpessoa ; Ensino ele -> 1ªpessoaENSINAR3ªpessoa,Gramática da Libras Vol.1 (INES/Quadros et al.) — Cap.5 Morfologia,216,"A grande maioria desses verbos possui o ponto inicial do movimento concordando com a localização do sujeito, enquanto que o ponto final do movimento concorda com a localização do objeto. Esses são os chamados verbos de concordância dupla regular.",sign2voice,sign2voice,,"Exige verificar localização espacial e trajetória, ausentes na glosa."
sign2voice,LIBRAS.CONCORDANCIA.007,concordancia,Verbos de concordância dupla reversa,Pequeno grupo de verbos com movimento de trajetória direcional onde o ponto inicial do movimento concorda com o objeto e o ponto final concorda com o sujeito.,"Uso de verbos específicos como PERCEBER, CHAMAR, CONVIDAR que possuem concordância reversa.",false,"Eu convido você -> 1ªpessoaCONVIDAR2ªpessoa ; Perceber ele -> Sinal PERCEBER da 1ª pessoa para 3ª pessoa (início no objeto, fim no sujeito) ; Me chamar -> 3CHAMAR1",Gramática da Libras Vol.1 (INES/Quadros et al.) — Cap.5 Morfologia,217,"Há, contudo, um grupo pequeno de verbos da Libras que também apresenta um movimento de trajetória direcional, porém a concordância se dá de maneira diferente: o ponto inicial do movimento concorda com o objeto da sentença; já o ponto final do movimento concorda com a localização do sujeito da sentença.",sign2voice,sign2voice,,"Exige verificar direção do movimento, que não está na glosa."
sign2voice,LIBRAS.CONCORDANCIA.008,concordancia,Verbos de concordância única,"Verbos que não possuem movimento de trajetória direcional, mas são articulados em relação a um único ponto do espaço. Podem concordar com apenas um argumento (sujeito ou objeto), dependendo da estrutura sintática.","Uso de verbos sem movimento direcional (ex: ESTUDAR, TRABALHAR, BRINCAR) que ainda assim podem sofrer alteração de localização para concordar com um argumento.",false,ESTUDAR ; TRABALHAR ; BRINCAR,Gramática da Libras Vol.1 (INES/Quadros et al.) — Cap.5 Morfologia,218,"Apesar de não possuírem um movimento direcional, esses verbos também podem ter sua localização alterada, de modo a concordar com um argumento da sentença. Contudo, pelo fato de serem produzidos em um único ponto no espaço, esses verbos podem apresentar concordância com apenas um único argumento da sentença",sign2voice,sign2voice,,"Exige verificar localização espacial, que não está na glosa."
sign2voice,LIBRAS.CONCORDANCIA.009,concordancia,Concordância verbal com argumentos locativos,"Verbos que expressam predicados locativos (como LEVAR, MUDAR, COLOCAR) podem ter sua localização alterada para coincidir com a localização de um argumento locativo, em vez de concordar com o sujeito ou objeto. Esses são chamados de verbos de concordância locativa.","Verbo com predicado locativo (ex: MUDAR, LEVAR, COLOCAR) + argumento locativo presente na frase",false,MUDAR para outra escola ; transporte LEVAR ; grupo MUDAR para outra escola ; ME COLOCAR na clínica,Gramática da Libras Vol.1 (INES/Quadros et al.) — Cap.5 Morfologia,219,Os verbos cuja concordância se dá com o(s) argumento(s) locativo(s) e não com o sujeito ou com o objeto da sentença são chamados de verbos de concordância locativa.,sign2voice,sign2voice,,Localização espacial não está presente na glosa escrita.
sign2voice,LIBRAS.CONCORDANCIA.010,concordancia,Restrição de concordância para verbos ancorados ao corpo,"Verbos ancorados ao corpo do sinalizante não podem ter sua localização alterada e, portanto, não apresentam concordância verbal em sua morfologia. Isso é uma restrição fonológica do ponto de articulação.","Verbo ancorado ao corpo (ex: APRENDER, TER)",false,APRENDER ; TER,Gramática da Libras Vol.1 (INES/Quadros et al.) — Cap.5 Morfologia,219,"Já os verbos ancorados ao corpo do sinalizante não podem ter sua localização alterada e, portanto, não apresentam concordância verbal em sua morfologia.",sign2voice,sign2voice,,A glosa não carrega informação sobre ancoragem corporal ou morfologia de concordância.
sign2voice,LIBRAS.CONCORDANCIA.011,concordancia,Verbos com concordância NORMAL vs REVERSO,"Verbos com concordância número-pessoal podem ser classificados como NORMAL (direção do movimento segue a regra padrão: do sujeito para o objeto) ou REVERSO (direção do movimento é oposta à regra padrão dos sinais de apontação/dêixis). Exemplos de REVERSO: ESCOLHER, CHAMAR, BUSCAR.",Verbo com concordância número-pessoal,false,ME-VER (normal) ; ME-CHAMAR (reverso),Gramática da Libras Vol.1 (INES/Quadros et al.) — Cap.5 Morfologia,229,"nos segundos sinais, do lado direito, também mostram os sinais de apontamentos para comparar pelos verbos flexionais que não seguem as regras básicas, ESCOLHER, CHAMAR e BUSCAR, representados pelo verbo reverso",sign2voice,sign2voice,,Direção do movimento não está presente na glosa escrita.
sign2voice,LIBRAS.CONCORDANCIA.012,concordancia,Concordância por orientação da mão,"Alguns verbos com concordância número-pessoal marcam o objeto não por movimento direcional, mas pela alteração da orientação da mão (palma para dorso ou vice-versa) ou dos dedos (frente para trás).","Uso de verbos com concordância que não possuem movimento reto/curvo direcional, mas sim mudança de orientação da mão para indicar o alvo (objeto).",false,FALAR (dorso da mão) -> indica objeto VOCÊ ; ME-FALAR (palma da mão) -> indica objeto EU/MIM,Gramática da Libras Vol.1 (INES/Quadros et al.) — Cap.5 Morfologia,235,"Os verbos com concordância, nos exemplos (156) e (157) FALAR retirados das surdas referentes no corpus, marcam o objeto através da alteração pela orientação da mão entre a palma e dorso da mão ou pelos dedos entre a frente e atrás.",sign2voice,sign2voice,,Orientação da mão não é representada na glosa escrita.
sign2voice,LIBRAS.CONCORDANCIA.013,concordancia,Concordância verbal em expressões idiomáticas,"Expressões idiomáticas em Libras podem apresentar concordância verbal, indicando a direção da ação entre sujeito e objeto. A glosa deve refletir essa direcionalidade (ex.: 1-3 vs 2-1) para distinguir quem executa a ação e quem é afetado.",Uso de expressões idiomáticas que envolvem interação entre dois participantes (sujeito e objeto) e onde a direção da ação é relevante para o significado.,false,Eu pego no pé del@ -> 1-3PEGAR-NO-PÉ ; Pegou no meu pé! -> 2-1PEGAR-NO-PÉ ; Expulsei el@ -> 1-EXPULSAR-2 ; Fui expulso -> 2-EXPULSAR-1,Gramática da Libras Vol.1 (INES/Quadros et al.) — Cap.5 Morfologia,373,"Do ponto de vista sintático, as expressões idiomáticas também podem concordar com o sujeito da oração. Existem, assim, expressões idiomáticas sinalizadas que apresentam concordância verbal.",voice2sign,sign2voice,sim,Direção da ação não está na glosa escrita.
sign2voice,LIBRAS.SINTAXE.001,sintaxe,Ordem básica SVO,A ordem básica (canônica) da frase na Libras é Sujeito-Verbo-Objeto (SVO). Frases com esta ordem são consideradas gramaticais e não-marcadas. Outras ordens resultam de operações sintáticas motivadas por semântica ou fonologia.,Construção de orações simples não-marcadas.,false,El@ assiste TV -> <IXa aASSISTEb bTV>do (SVO),Língua de Sinais Brasileira: Estudos Linguísticos (Quadros & Karnopp) — Cap.4 A sintaxe espacial,135,"As autoras observaram que há várias possibilidades de ordenação das palavras nas sentenças, mas que, apesar dessa flexibilidade, parece haver uma ordenação mais básica que as demais, ou seja, a ordem Sujeito-Verbo-Objeto.",voice2sign,sign2voice,sim,"Glosa não carrega função sintática, impossível verificar ordem SVO."
sign2voice,LIBRAS.SINTAXE.002,sintaxe,Restrição de ordem com concordância,"As ordens OSV e SOV ocorrem somente quando há elementos adicionais na sentença, como concordância verbal e marcas não-manuais. Sem concordância ou marcas não-manuais, as ordens OSV e SOV são agramaticais.",Presença de concordância verbal e/ou marcas não-manuais (como direção dos olhos) na frase.,false,El@ assiste TV -> <TVb>do <IXa>do <aASSISTEb>do (OSV) [gramatical com concordância] ; El@ assiste TV -> * TVb IXa aASSISTEb (OSV) [agramatical sem concordância],Língua de Sinais Brasileira: Estudos Linguísticos (Quadros & Karnopp) — Cap.4 A sintaxe espacial,136,"As ordens OSV e SOV ocorrem somente quando há alguma coisa a mais na sentença, como a concordância e as marcas não-manuais",sign2voice,sign2voice,,"Exige verificação de marcas não-manuais e direção dos olhos, ausentes na glosa."
sign2voice,LIBRAS.SINTAXE.003,sintaxe,Topicalização e ordem OSV,"A topicalização é responsável pela maioria dos casos de mudança na ordem básica SVO, resultando frequentemente na ordem OSV. Essa mudança é acompanhada por marcas não-manuais de tópico.","Quando um elemento (geralmente o objeto) é topicalizado, movendo-se para a posição inicial da frase.",false,FUTEBOL <IX>do <GOSTA>do (OSV),Língua de Sinais Brasileira: Estudos Linguísticos (Quadros & Karnopp) — Cap.4 A sintaxe espacial,134,"Na ASL, a topicalização é considerada a responsável pela maioria dos casos de mudança na ordem básica SVO (Fischer, 1973; Liddell, 1980; Aarons, 1994).",sign2voice,sign2voice,,"Exige marcas não-manuais de tópico, invisíveis na glosa escrita."
sign2voice,LIBRAS.SINTAXE.004,sintaxe,Ordem básica SVO,"A ordem canônica e mais básica da frase em Libras é Sujeito-Verbo-Objeto (SVO). Outras ordens (SOV, OSV, VOS) são derivadas e exigem marcas não-manuais ou concordância verbal para serem gramaticais.","Frase declarativa simples sem topicalização, foco ou concordância verbal específica.",false,Eu acho que a Maria foi embora -> EU ACHAR [ IP MARIAa <aIR-EMBORAloc>do],Língua de Sinais Brasileira: Estudos Linguísticos (Quadros & Karnopp) — Cap.4 A sintaxe espacial,138,"Assim, parece que de fato esta ordem é a mais básica.",voice2sign,sign2voice,sim,Exige detectar marcas não-manuais ausentes na glosa escrita.
sign2voice,LIBRAS.SINTAXE.005,sintaxe,Omissão de argumentos com verbos de concordância,"Em construções com verbos com concordância, é possível omitir tanto o sujeito quanto o objeto, resultando na ordem (S)V(O). A concordância espacial no verbo carrega a informação dos argumentos omitidos.",Verbos com concordância onde sujeito e/ou objeto são elididos.,false,João não deu o livro a Maria -> JOÃOa MARIAb aDARb LIVRO NÃO ; (el@) deram (algo) (el@) -> aDARb,Língua de Sinais Brasileira: Estudos Linguísticos (Quadros & Karnopp) — Cap.4 A sintaxe espacial,150,A ordem (S)V(O) é derivada pela possibilidade de omitir-se tanto o sujeito como o objeto nas construções com verbos com concordância,sign2voice,sign2voice,,Concordância espacial não está representada na glosa escrita.
sign2voice,LIBRAS.SINTAXE.006,sintaxe,Liberdade de ordem com verbos de concordância,"Sentenças com verbos com concordância permitem maior liberdade na ordenação dos constituintes (ex: OSV) em comparação com sentenças com verbos sem concordância, que tendem a ser mais rígidas (SVO).",Presença de um verbo com concordância (direcional) na frase.,false,João olha para a Maria -> <MARIAb>do <JOÃOa aOLHARb>do (OSV) ; João ajuda a Maria -> <JOÃO>do <MARIA>do <aAJUDARb>do,Língua de Sinais Brasileira: Estudos Linguísticos (Quadros & Karnopp) — Cap.4 A sintaxe espacial,154,As sentenças contendo verbos com concordância parecem apresentar mais liberdade na sua ordenação do que aquelas contendo verbos sem concordância.,sign2voice,sign2voice,,Direcionalidade do verbo não está presente na glosa escrita.
sign2voice,LIBRAS.SINTAXE.007,sintaxe,Hierarquia CP abaixo de TP (Topicalização),CP está abaixo de TP. A marcação não-manual de interrogativa deve seguir a marcação de tópico; essas marcações nunca co-ocorrem simultaneamente de forma conflitante.,Co-ocorrência de elementos tópicos e interrogativos.,false,O que João pegou ontem? -> <JOÃO PEGAR O QUE ONTEM O QUE>qu,Língua de Sinais Brasileira: Estudos Linguísticos (Quadros & Karnopp) — Cap.4 A sintaxe espacial,188,"CP está abaixo de TP (topicalização), uma vez que a marcação não-manual associada com as interrogativas deve seguir a marcação não-manual de tópico. Essas marcações não-manuais nunca co-ocorrem.",sign2voice,sign2voice,,"Exige verificar marcações não-manuais, invisíveis na glosa escrita."
sign2voice,LIBRAS.SINTAXE.008,sintaxe,Desambiguação de pares mínimos e polissêmicos,"Quando sinais manuais são idênticos em parâmetros visuais (configuração, movimento, etc.) ou polissêmicos, a articulação-boca atua como especificadora para diferenciar o significado (pares mínimos) ou complementar o sentido.",Sinais manuais com forma idêntica ou ambígua que necessitam de distinção semântica.,false,Escola Regular -> NORMAL + AB('EECUAAA') ; Desenhar (lápis) -> DESENHAR + AB('IPAXE') ; De novo -> DE-NOVO + AB('TE-TOFO') ; Mais -> DE-NOVO + AB('PAIS'),Gramática da Libras Vol.1 (INES/Quadros et al.) — Cap.5 Morfologia,277,a articulação-boca pode assumir o papel de desambiguar e de diferenciar pares mínimos e também desambiguam sentidos quando os sinais são polissêmicos.,sign2voice,sign2voice,,"Exige análise de articulação de boca, invisível na glosa escrita."
sign2voice,LIBRAS.SINTAXE.009,sintaxe,Posição do advérbio de tempo modificando locativo,O advérbio de tempo (ex: HOJE) pode ser projetado como adjunto do nome (ADJN) em vez de adjunto do verbo (ADJV) quando modifica o destino locativo e não o evento verbal.,Advérbio de tempo que se refere a um complemento locativo (ex: estar em casa hoje) e não à ação em si.,false,Eu estou em casa hoje -> EU CASA HOJE,"Elaboração da Gramática Formal da Libras — Notas de consultoria (Profa. Tânia, reunião 31/07/2026)",2,"No entanto, nestes casos o HOJE não modifica o evento verbal (ir) e sim o destino locativo (casa) . Então, considerando que em Libras é possível sentenças do tipo EU CASA HOJE ( Eu estou em ca sa hoje )",voice2sign,sign2voice,sim,Exige distinguir função sintática não explícita na glosa linear.
sign2voice,LIBRAS.FOCO.001,foco,Construção de foco com ordem SOV,"Existe um tipo de construção com foco que licencia a ordem SOV. Isso ocorre através de construções duplas (repetição de núcleos) onde o último núcleo ocupa a posição de foco, licenciando o apagamento do primeiro núcleo em VP.","Desejo de focar um elemento da frase, resultando em estrutura com repetição verbal ou similar.",false,HOMEM COMPRAR CARRO COMPRAR,Língua de Sinais Brasileira: Estudos Linguísticos (Quadros & Karnopp) — Cap.4 A sintaxe espacial,133,"Propõe-se que na língua de sinais brasileira existe um tipo de construção com foco que licencia a ordem SOV . Esse tipo de construção também existe na ASL, conforme análises de Petrônio (1993). O autor as chama de “construções duplas” ( double constructions), apresentando a repetição de núcleos (X 0) na posição final.",voice2sign,sign2voice,sim,Regra descreve fenômeno sem exigir nada sobre a linha escrita.
sign2voice,LIBRAS.FOCO.002,foco,Topicalização e ordem da frase,"A topicalização move um constituinte para o início da frase, alterando a ordem básica. O tópico é marcado por elevação das sobrancelhas e delimita as fronteiras da topicalização. O tópico pode ser sujeito, objeto ou adjunto, e pode ser seguido por uma cópia ou pronome co-referencial na posição original.","Quando um elemento da frase é enfatizado como tema do discurso (tópico), geralmente posicionado no início.",false,"De futebol, o João não gosta -> <FUTEBOL>t <JOÃO GOSTAR NÃO>n ; Esta bola de futebol, onde o João pegou? -> <BOLA-FUTEBOL>t, <ONDE O JOÃO PEGAR>qu",Língua de Sinais Brasileira: Estudos Linguísticos (Quadros & Karnopp) — Cap.4 A sintaxe espacial,142,Uma explicação plausível para a “aparente flexibilidade da ordem da frase” na língua de sinais brasileira está relacionada ao mecanismo gramatical da topicalização.,sign2voice,sign2voice,,"Exige detectar elevação de sobrancelhas, que não está na glosa."
sign2voice,LIBRAS.FOCO.003,foco,Hierarquia Tópico-Interrogativa,"O tópico ocupa a posição mais alta da sentença (acima de CP). Em frases interrogativas com tópico, a marca não-manual do tópico precede a marca da interrogativa. O tópico não pode estar dentro do escopo da interrogativa.",Frase interrogativa que também contém um tópico explicitado.,false,Qual é o carro dele? -> <CARRO>t <QUAL DELE?>qu,Língua de Sinais Brasileira: Estudos Linguísticos (Quadros & Karnopp) — Cap.4 A sintaxe espacial,145,"A posição de tópico é a mais alta da sentença, ou seja, acima de CP (Complement Phrase).",sign2voice,sign2voice,,"Exige verificar marcas não-manuais e posição espacial, ausentes na glosa."
sign2voice,LIBRAS.FOCO.004,foco,Construções com foco (duplicação),Construções com foco envolvem a duplicação de um constituinte (geralmente o verbo) para enfatizar a informação. A cópia final é associada a uma marca não-manual afirmativa. Isso pode derivar a ordem SOV (ou S(V)OV) a partir da base SVO.,"Quando há ênfase/foco em um constituinte, resultando em sua duplicação na frase.",false,Eu perdi o livro -> EU PERDER LIVRO <PERDER>mc,Língua de Sinais Brasileira: Estudos Linguísticos (Quadros & Karnopp) — Cap.4 A sintaxe espacial,148,As construções com foco são aquelas que apresentam constituintes duplicados dentro da mesma oração.,sign2voice,voice2sign,sim,A duplicação do sinal é visível na sequência escrita de glosas.
sign2voice,LIBRAS.FOCO.005,foco,Ordem VOS em foco contrastivo,"A ordem Verbo-Objeto-Sujeito (VOS) pode ocorrer em contextos de foco contrastivo, derivada da estrutura básica SVO.",Contexto de foco contrastivo (ex: 'Quem comprou o carro? João ou Maria?').,false,Quem comprou o carro? João ou Maria? -> COMPRAR CARRO <JOÃO> foco,Língua de Sinais Brasileira: Estudos Linguísticos (Quadros & Karnopp) — Cap.4 A sintaxe espacial,151,A ordem VOS também pode ocorrer em contextos de foco contrastivo,sign2voice,sign2voice,,"Foco contrastivo depende de contexto, não da sequência escrita."
sign2voice,LIBRAS.FOCO.006,foco,Estrutura de construção dupla para foco,"A marcação de foco envolve a movimentação do sintagma (IP) para o especificador de FP, resultando em uma construção dupla onde o núcleo em foco é repetido. O traço de foco licencia o apagamento do primeiro elemento, mas a estrutura base é a duplicação.",Presença de informação acentuada com interpretação fonológica e semântica (foco) na sentença.,false,Eu posso ir -> [FP [EU PODER IR] i <[F PODER] [IP t i ]>mc ; Eu tenho dois carros -> [FP [EU TER DOIS CARROS] i <[F DOIS] [IP t i ]>mc,Língua de Sinais Brasileira: Estudos Linguísticos (Quadros & Karnopp) — Cap.4 A sintaxe espacial,172,"Assim, IP (ou AgrSP) (que contém o elemento em foco) move para o especificador de FP observando os requeri-mentos de checagem",voice2sign,sign2voice,sim,"Exige interpretação semântica de foco, não verificável apenas pela sequência de glosas."
sign2voice,LIBRAS.FOCO.007,foco,Incompatibilidade de foco e interrogativa,"Quando uma sentença é interrogativa, não é possível ter outro elemento com foco dentro da mesma sentença. O sintagma interrogativo (CP) é inerentemente focado, o que impede a duplicação de foco de outros elementos.",Presença de um elemento interrogativo (CP) na sentença.,false,"Qual destas mulheres tu gostas? -> <QUAL MULHER DESSAS TU GOSTAR>qu (correto) ; *<QUAL MULHER DESSAS TU GOSTAR>qu <QUAL MULHER DESSAS>qu (incorreto, duplicação de foco em interrogativa)",Língua de Sinais Brasileira: Estudos Linguísticos (Quadros & Karnopp) — Cap.4 A sintaxe espacial,172,"Quando uma interrogativa é inserida, não é possível ter outro elemento com foco dentro da mesma sentença. Assim, parece que CP é inerentemente focado.",voice2sign,sign2voice,sim,Foco sintático não é representado na glosa escrita.
sign2voice,LIBRAS.FOCO.008,foco,Restrição de ilha sintática no foco,As construções com foco observam as restrições de ilha de Ross. Não é possível extrair um elemento de uma oração relativa (que é uma ilha sintática) para a posição de foco fora dessa estrutura. A duplicação de foco não pode ocorrer através de fronteiras de ilhas.,Tentativa de aplicar foco/duplicação a um elemento dentro de uma oração relativa ou outra estrutura de ilha sintática.,false,"A mulher que caiu da bicicleta está no hospital -> MULHER <BICICLETA CAIR>r ESTAR HOSPITAL (correto, sem duplicação externa) ; * MULHER <BICICLETA CAIR>r ESTAR HOSPITAL BICICLETA (incorreto, tentativa de duplicar elemento da ilha)",Língua de Sinais Brasileira: Estudos Linguísticos (Quadros & Karnopp) — Cap.4 A sintaxe espacial,179,As restrições formuladas por Ross se aplicariam a toda a classe de regras de deslocamento e impediriam que fossem extraídos elementos de certas configu-rações sintáticas,voice2sign,sign2voice,sim,Exige análise de estrutura sintática não explícita na glosa linear.
sign2voice,LIBRAS.FOCO.009,foco,Construções interrogativas duplas (foco),"Elementos interrogativos podem aparecer em posição final como elementos focalizados (núcleo de FP). Isso licencia o apagamento da cópia, resultando em construções duplas (ex: QUEM ... QUEM). A marca não-manual do elemento duplo difere da ênfase da interrogativa in situ.",Elemento interrogativo em posição final com marcação de foco.,false,Quem gosta da Maria? -> <QUEM GOSTAR MARIA QUEM>qu ; O que João pegou? -> <O QUE JOÃO PEGAR O QUE>qu,Língua de Sinais Brasileira: Estudos Linguísticos (Quadros & Karnopp) — Cap.4 A sintaxe espacial,185,Elementos interrogativos em posição final são elementos focalizados ocupando o núcleo da projeção FP. A presença de foco licencia o apagamento da cópia.,voice2sign,sign2voice,sim,"Exige verificar marcação não-manual de foco, invisível na glosa."
sign2voice,LIBRAS.FOCO.010,foco,Associação de construções manuais e classificadores com foco,"Construções com verbos manuais e predicados complexos com classificadores na posição final são frequentemente associadas à marcação de foco. A posição final é tipicamente ocupada pelo foco, que pode estar associado a movimentos de cabeça ou outras marcas não-manuais, embora a sintaxe permita que argumentos oracionais ocupem essa posição em certas derivações.",Construções com verbos manuais ou classificadores na posição final que carregam informação focada ou tópico-comentário.,false,João pinta a tela com o pincel (com foco) -> <JOÃO>t <TELA>t <PINTAR-PINCEL>cl/mc ; O João estava de carro e bateu no poste (com foco) -> <JOÃO>t <CARRO>t <CL(carro)-BATER-POSTE+>cl/mc,Língua de Sinais Brasileira: Estudos Linguísticos (Quadros & Karnopp) — Cap.4 A sintaxe espacial,205,"Em termos estruturais, a posição final também é ocupada pelo foco que usualmente está associada com o movimento da cabeça",sign2voice,sign2voice,,Foco e tópico são marcas não-manuais ausentes da glosa escrita.
sign2voice,LIBRAS.FOCO.011,foco,Morfema-boca U para posse,"A combinação de boca em configuração U, elevação de sobrancelhas e balanço de cabeça denota posse (equivalente à preposição 'de'). O sinal manual O-QUE pode ou não acompanhar esse morfema não manual.",Expressão de posse ou relação genitiva entre dois elementos (ex: sorvete de uva).,false,BALANÇO DE CABEÇA+ELEVAÇÃO DE SOBRANCELHAS+BOCA EM U+ <O QUE> -> 'de' (posse),Gramática da Libras Vol.1 (INES/Quadros et al.) — Cap.5 Morfologia,248,"A sentença formada pelas figuras 09, 10 e 11 corresponderia, segundo Pêgo (2013) à seguinte: sorvete de uva. O morfema-boca produzido com a boca em U, associado ao balanço de cabeça representa um morfema que denota posse.",sign2voice,sign2voice,,Regra depende de marcadores não manuais ausentes na glosa.
sign2voice,LIBRAS.VERBOS.001,verbos,Classificação de verbos: com e sem concordância,"Os verbos em Libras dividem-se em duas classes principais: verbos sem concordância (exigem argumentos explícitos, ex: TER, FALAR) e verbos com concordância (associados a movimento direcional e marcas não-manuais, ex: DIZER, ENTREGAR). Essa distinção impacta a estrutura da frase e a possibilidade de omissão de argumentos.",Identificação da classe do verbo na frase.,false,"Verbos sem concordância: TER, FALAR, AMAR, CONHECER ; Verbos com concordância: DIZER, ENTREGAR, AJUDAR, REMETER",Língua de Sinais Brasileira: Estudos Linguísticos (Quadros & Karnopp) — Cap.4 A sintaxe espacial,152,os verbos na língua de sinais se dividem em pelo menos duas classes: os verbos sem concordância e os verbos com concordância.,sign2voice,sign2voice,,"Exige distinguir classes verbais baseadas em movimento e marcas não-manuais, invisíveis na glosa."
sign2voice,LIBRAS.VERBOS.002,verbos,Verbo intransitivo com direcionalidade,Um verbo pode assumir a forma intransitiva (sem complemento explícito na glosa) quando assume a direção sobre algo ou alguém que está sendo afetado pela ação.,"Verbo que indica ação direcionada a um referente, onde o objeto é implícito pela direcionalidade.",false,"Enfermeira chamar, agora. -> ENFERMEIRA CHAMAR AGORA","Elaboração da Gramática Formal da Libras — Notas de consultoria (Profa. Tânia, reunião 31/07/2026)",4,"OBS.: Vejam que esta sentença não apresenta complemento. O verbo CHAMAR está na forma intransitiv a, isso porque ele assume a direção sobre algo ou alguém que está sendo “chamado”.",voice2sign,sign2voice,sim,"Direcionalidade é executada no movimento, não na glosa escrita."
sign2voice,LIBRAS.PERGUNTA.002,pergunta,Movimento de interrogativas para a esquerda (Spec CP),"Elementos interrogativos (QUEM, O QUE, ONDE, etc.) movem-se para a posição inicial da sentença (especificador de CP). A marca não-manual interrogativa espalha-se obrigatoriamente sobre todo o domínio de c-comando (IP).",Presença de uma palavra interrogativa na frase.,false,De quem o João gosta? -> <[CP DE QUEM [ IP JOÃO GOSTAR t]]>qu (movido) ; O que João pegou? -> <JOÃO PEGAR O QUE>qu,Língua de Sinais Brasileira: Estudos Linguísticos (Quadros & Karnopp) — Cap.4 A sintaxe espacial,183,assume-se que o movimento das interrogativas na língua de sinais brasileira é para a posição de especificador de CP [Spec CP].,sign2voice,sign2voice,,"Exige verificação de marca não-manual, invisível na glosa escrita."
sign2voice,LIBRAS.PERGUNTA.003,pergunta,Interrogativas eco e tag questions,"Se a marca não-manual interrogativa não se espalha por toda a sentença (aparece apenas no final ou em parte), a construção não é uma pergunta verdadeira, mas sim uma tag question (pergunta de confirmação) ou uma interrogativa eco.","Marca não-manual restrita ao final da frase ou ao elemento interrogativo, sem espalhar-se pelo IP.",false,"Tu queres água, não é? -> *JOÃO PEGAR <BOLA>sn ; João quer… o que mesmo? -> *JOÃO PEGAR <O QUE>qu",Língua de Sinais Brasileira: Estudos Linguísticos (Quadros & Karnopp) — Cap.4 A sintaxe espacial,184,"Esses exemplos são possíveis na língua de sinais brasileira, mas com outro significado, algo como uma pergunta de confirmação ( tag questions) para as interrogativas sim ou não, ou uma interrogativa tipo eco para as demais interrogativas.",sign2voice,sign2voice,,"Exige análise de marca não-manual, invisível na glosa escrita."
sign2voice,LIBRAS.PERGUNTA.004,pergunta,Distinção entre interrogativas principais e subordinadas,Há sinais/marcações não-manuais diferentes para orações principais e subordinadas. A interrogativa subordinada tem marcação mais tensa e pode ser produzida com uma ou duas mãos. Isso permite distinguir orações subordinadas verdadeiras de principais.,"Oração interrogativa em contexto subordinado (ex: após SABER, PERGUNTAR).",false,Eu quero saber quem o João escolheu -> <EU QUERO SABER> <QUEM O JOÃO ESCOLHER>qu~~,Língua de Sinais Brasileira: Estudos Linguísticos (Quadros & Karnopp) — Cap.4 A sintaxe espacial,189,"Na língua de sinais brasileira, diferentemente da ASL, as construções interrogativas nas orações principais têm um sinal diferente do sinal de orações subordinadas.",sign2voice,sign2voice,,"Exige verificar marcações não-manuais e tensão, ausentes na glosa."
sign2voice,LIBRAS.PERGUNTA.005,pergunta,Perguntas indiretas,Perguntas indiretas (sem marcação não-manual interrogativa típica de pergunta direta) tendem a iniciar com o elemento interrogativo na posição inicial da oração subordinada. Há um tipo específico de marca não-manual associada à ideia de confirmação.,Contexto de pergunta indireta (ex: TU SABER QUEM...).,false,Tu sabes quem el@ conquistou -> TU SABER <QUEM>qu~ IX CONQUISTAR,Língua de Sinais Brasileira: Estudos Linguísticos (Quadros & Karnopp) — Cap.4 A sintaxe espacial,192,"Nesses casos, há uma tendência de iniciar a pergunta indireta com o elemento interrogativo na posição inicial da oração subordinada.",sign2voice,sign2voice,,"Exige verificar marca não-manual, que não está presente na glosa escrita."
sign2voice,LIBRAS.PERGUNTA.001,pergunta,Morfema-boca U para interrogativa,"A expressão interrogativa 'O quê?' é produzida pela combinação do sinal O-QUE com boca em configuração U e sobrancelhas franzidas. Em muitos casos, o sinal manual é omitido, bastando o morfema-boca e a expressão facial para construir a sentença sintática.",Formulação de perguntas com item-QU (especificamente 'O quê?').,false,SINAL <O QUE> + BOCA EM U+ SOBRANCELHAS FRANZIDAS,Gramática da Libras Vol.1 (INES/Quadros et al.) — Cap.5 Morfologia,247,"A expressão 'O quê?' é produzida na seguinte forma: SINAL <O QUE> + BOCA EM U+ SOBRANCELHAS FRANZIDAS ... Nesse caso, muitas vezes ocorre sem o sinal manual, bastando somente o morfema-boca em U para compreender o significado",sign2voice,sign2voice,,"Exige verificação de configuração de boca e expressão facial, ausentes na glosa."
sign2voice,LIBRAS.MORFOLOGIA.001,morfologia,Verbos sem concordância,"Verbos sem concordância não se flexionam em pessoa e número e não tomam afixos locativos. Alguns podem flexionar em aspecto. Exemplos: CONHECER, AMAR, APRENDER, SABER, INVENTAR, GOSTAR.",Uso de verbos da classe sem concordância.,false,CONHECER ; AMAR ; SABER,Língua de Sinais Brasileira: Estudos Linguísticos (Quadros & Karnopp) — Cap.4 A sintaxe espacial,197,Viu-se no Capítulo 3 que os verbos sem concordância são aqueles que não se flexionam em pessoa e número e não tomam afixos locativos.,voice2sign,sign2voice,sim,Flexão morfológica não é representada na glosa linear.
sign2voice,LIBRAS.MORFOLOGIA.002,morfologia,Verbos com concordância,"Verbos com concordância flexionam-se em pessoa, número e aspecto. Incluem verbos espaciais com afixos locativos (VIAJAR, IR, CHEGAR) e verbos como DAR, ENVIAR, RESPONDER, PERGUNTAR, DIZER, PROVOCAR.",Uso de verbos da classe com concordância.,false,DAR ; PERGUNTAR ; VIAJAR,Língua de Sinais Brasileira: Estudos Linguísticos (Quadros & Karnopp) — Cap.4 A sintaxe espacial,197,"Por outro lado, os verbos com concordância são os que se flexionam em pessoa, número e aspecto. Exemplos dessa categoria na língua de sinais brasileira são DAR, ENVIAR, RESPONDER, PERGUNTAR, DIZER, PROVOCAR.",voice2sign,sign2voice,sim,"Concordância depende de configuração de mão e movimento, ausentes na glosa."
sign2voice,LIBRAS.MORFOLOGIA.003,morfologia,Compostos simultâneos,"A modalidade visual permite a articulação simultânea de dois radicais distintos, utilizando os dois articuladores manuais (as duas mãos). Isso difere das línguas orais e é uma propriedade específica da morfologia das Línguas de Sinais.",Quando a formação de um sinal envolve a combinação de dois radicais diferentes produzidos ao mesmo tempo pelas duas mãos.,false,,Gramática da Libras Vol.1 (INES/Quadros et al.) — Cap.5 Morfologia,177,"Compostos simultâneos 1 são fruto de uma propriedade específica da modalidade das Línguas de Sinais, pois apenas a modalidade visual permite a articulação simultânea de dois radicais, graças à disponibilidade de dois articuladores manuais (as duas mãos do sinalizante).",sign2voice,sign2voice,,A glosa linear não registra a simultaneidade dos sinais.
sign2voice,LIBRAS.MORFOLOGIA.004,morfologia,Contagem de morfemas duplicados,Morfemas espelhados ou duplicados no espaço (produzidos simultaneamente pelas duas mãos com a mesma configuração de mão) não são contados em duplicidade no somatório de morfemas de um sinal. Eles são reconhecidos como um único morfema. O mesmo vale para morfemas repetidos sequencialmente no tempo.,Ao analisar a estrutura interna de um sinal realizado com as duas mãos em espelhamento ou com repetição temporal.,false,"CASA (monomorfêmico, CM espelhada) ; LÍNGUA-DE-SINAIS (monomorfêmico, CM espelhada)",Gramática da Libras Vol.1 (INES/Quadros et al.) — Cap.5 Morfologia,178,"morfemas espelhados / duplicados, no espaço, não são contados em duplicidade no somatório de quantidade de morfemas de um sinal. Morfemas repetidos, aqueles que se repetem no tempo, sequencialmente, um após outro, também não são contados duplamente.",sign2voice,sign2voice,,"Exige distinguir execução simultânea ou sequencial, invisível na glosa linear."
sign2voice,LIBRAS.MORFOLOGIA.005,morfologia,Derivação por apagamento de duplicação,"Sinais monomorfêmicos constituídos de duas mãos com a configuração de mão duplicada podem perder o espelhamento para servir de base na formação de novos sinais (derivação). O apagamento da duplicação não compromete o conteúdo semântico, permitindo a justaposição ou aglutinação com outro morfema.","Quando um sinal base com mãos duplicadas é modificado para criar um novo sinal derivado, removendo a redundância espacial.",false,,Gramática da Libras Vol.1 (INES/Quadros et al.) — Cap.5 Morfologia,179,"quando sinais monomorfêmicos constituídos de duas mãos com a CM duplicada perdem o espelhamento, tornam-se base para formação de novos sinais. O apagamento da duplicação ou da repetição, entretanto, não compromete o conteúdo semântico na derivação de novos sinais",sign2voice,sign2voice,,"Exige análise de configuração de mão e espelhamento, ausentes na glosa."
sign2voice,LIBRAS.MORFOLOGIA.006,morfologia,Morfemas livres e presos,"Morfemas livres são unidades lexicais consolidadas que podem ocorrer isoladas e encerram o significado de um vocábulo (ex: CASA). Morfemas presos são dependentes, não podem ocorrer isolados e funcionam como afixos (sufixos, prefixos, infixos), associando-se a outro morfema para constituir uma nova unidade lexical.","Na análise da formação de palavras, distinguindo entre radicais independentes e afixos dependentes.",false,CASA (livre) ; LÍNGUA-DE-SINAIS^INFERIOR (base livre + morfema preso),Gramática da Libras Vol.1 (INES/Quadros et al.) — Cap.5 Morfologia,184,"morfemas livres quando ocorrem isolados e, por si sós, encerram o significado de um vocábulo, e presos, quando não podem ocorrer isolados, mas exclusivamente ligados a outro(s) morfema(s), pois, isolados, não detêm significado",voice2sign,sign2voice,sim,"Exige conhecimento externo sobre status lexical dos sinais, não presente na glosa."
sign2voice,LIBRAS.MORFOLOGIA.007,morfologia,Uso do morfema boca na derivação,"O morfema 'boca' (movimento da mão para a boca) atua como morfema preso afixal na derivação de novos sinais a partir de uma base lexical livre. Ele agrega valores semânticos como 'inferioridade', 'facilidade' ou 'expansão' ao radical base.",Quando um sinal derivado incorpora o movimento da mão para a boca para modificar o significado da base.,false,LÍNGUA-DE-SINAIS^INFERIOR (+ morfema boca) ; LÍNGUA-DE-SINAIS^FÁCIL (+ morfema boca),Gramática da Libras Vol.1 (INES/Quadros et al.) — Cap.5 Morfologia,187,"Os sinais de (20) a (25) agregam ao morfema base, morfemas afixais presos que compreendem tanto o morfema boca (PÊGO, 2013, p.65), quanto outros movimentos que, ao lado do morfema boca, acrescentam informação linguística ao radical.",sign2voice,sign2voice,,A regra descreve movimento físico que não aparece na glosa escrita.
sign2voice,LIBRAS.MORFOLOGIA.008,morfologia,Composição Base + Especificador,Novas unidades lexicais podem ser formadas pela justaposição de um morfema livre (base) com outro morfema livre (especificador) ou com um morfema preso. A base fornece o núcleo semântico e o especificador restringe ou detalha o significado.,Na formação de compostos ou derivados onde um sinal atua como base e outro como especificador (ex: PALAVRA + ESCOLHER = LÉXICO).,false,LÉXICO (PALAVRA + ESCOLHER) ; TERMINOLOGIA (PALAVRA + MÃO EM CONCHA) ; SINAL-TERMO (PALAVRA + SINAL),Gramática da Libras Vol.1 (INES/Quadros et al.) — Cap.5 Morfologia,188,"O Quadro se apresenta em três colunas, considerando a coluna mais à esquerda como espaço do produto, a coluna do meio, a base e a coluna da direita o especificador",voice2sign,sign2voice,sim,Regra descreve fenômeno sem exigir nada sobre a linha escrita.
sign2voice,LIBRAS.MORFOLOGIA.009,morfologia,Composição por Aglutinação,"Dois sinais lexicais livres se unem, mas há supressão ou redução de um ou mais elementos (movimento, configuração de mão, repetição) de um ou ambos os sinais. Na glosa, pode-se indicar a redução ou apenas o resultado composto.","Formação de um composto onde ocorre perda de movimento, repetição ou configuração de mão (ex: CASA^ESTUDAR para 'escola', com perda de repetições).",false,escola -> CASA^ESTUDAR ; almoço -> COMER^MEIO-DIA ; museu -> CASA^ANTIGA,Gramática da Libras Vol.1 (INES/Quadros et al.) — Cap.5 Morfologia,201,"Na Língua de Sinais brasileira, a aglutinação ocorre quando dois morfemas lexicais livres, radicais, chegam à estrutura de raiz e se unem... há uma supressão ou redução de um ou mais elementos do composto.",sign2voice,sign2voice,,"Exige verificar supressão de movimento ou configuração, invisível na glosa."
sign2voice,LIBRAS.MORFOLOGIA.010,morfologia,Composição por Subordinação,"O composto possui um núcleo (radical) que é modificado por um morfema especificador. A relação é assimétrica. A categoria gramatical do composto é a mesma do núcleo. Na glosa, o núcleo geralmente vem primeiro, seguido do especificador.","Composto onde um elemento modifica o outro semanticamente (ex: CASA + ESTUDAR = escola, onde CASA é o núcleo).",false,escola -> CASA^ESTUDAR,Gramática da Libras Vol.1 (INES/Quadros et al.) — Cap.5 Morfologia,198,Composição por subordinação: Ocorre quando o composto tem um núcleo (radical) que é modificado por um morfema especificador / modificador. A categoria da unidade lexical resultante da composição é a mesma categoria do núcleo.,voice2sign,sign2voice,sim,"Exige análise semântica de modificação, não verificável apenas pela ordem das glosas."
sign2voice,LIBRAS.MORFOLOGIA.011,morfologia,Composição Simultânea,"Os elementos do composto são articulados simultaneamente pelas duas mãos. Não há núcleos distintos na sequência linear, mas na execução simultânea. Na glosa, pode ser representado por um único item ou por sinais separados por '^' indicando simultaneidade.",Composto realizado com as duas mãos ao mesmo tempo (ex: PALAVRA^PALAVRA para 'composição').,false,composição -> PALAVRA^PALAVRA ; uniforme -> UNIFORME-INES,Gramática da Libras Vol.1 (INES/Quadros et al.) — Cap.5 Morfologia,199,Composição por simultaneidade: Compostos simultâneos ocorrem quando não têm núcleos e a realização dos elementos é simultânea. Os compostos simultâneos são constituídos de dois componentes articulados simultaneamente pelas duas mãos.,sign2voice,voice2sign,sim,A regra define a notação textual esperada para a simultaneidade.
sign2voice,LIBRAS.MORFOLOGIA.012,morfologia,Regra da Sequência Única em Compostos,"Em compostos, o movimento interno ou a repetição do movimento é eliminado para evitar redundância. Isso resulta em uma forma mais curta e fluida.",Quando dois sinais com movimentos repetitivos ou internos são combinados (ex: SÁBADO^DOMINGO).,false,fim de semana -> SÁBADO^DOMINGO,Gramática da Libras Vol.1 (INES/Quadros et al.) — Cap.5 Morfologia,196,"Regra da sequência única: Em compostos, o movimento interno ou a repetição do movimento é eliminada, como em (58) SÁBADO^DOMINGO (fim de semana), em que a repetição de movimento interno do sinal (59) SÁBADO foi eliminado.",sign2voice,sign2voice,,Movimento interno e repetição não aparecem na glosa escrita.
sign2voice,LIBRAS.MORFOLOGIA.013,morfologia,Regra da Antecipação da Mão Não Dominante,"Em compostos por coordenação (justaposição com dois núcleos), a mão passiva (não dominante) antecipa a configuração de mão do segundo sinal no espaço neutro, enquanto a mão ativa realiza o primeiro sinal. Isso permite a transição suave entre os sinais.","Compostos coordenados onde a mão não dominante prepara o próximo sinal (ex: BOA^NOITE, CARRO^BATER).",false,boa noite -> BOA^NOITE ; acidente -> CARRO^BATER,Gramática da Libras Vol.1 (INES/Quadros et al.) — Cap.5 Morfologia,197,"Regra da antecipação da mão não dominante: Quando dois sinais são combinados para formar um composto, a mão passiva do sinalizante antecipa o segundo sinal no processo de composição... a mão não dominante aparece no espaço neutro... antecipando sua configuração de mão.",sign2voice,sign2voice,,"Exige verificação de configuração de mão e antecipação espacial, invisíveis na glosa."
sign2voice,LIBRAS.MORFOLOGIA.014,morfologia,Morfologia Simultânea para Flexão,"A flexão (concordância, aspecto, número, tamanho, forma) é frequentemente realizada por morfologia simultânea, sobreponendo movimentos ou parâmetros à estrutura canônica do sinal. Isso difere da morfologia sequencial, que é mais derivacional.","Quando o sinal sofre alterações simultâneas (movimento, localização, configuração) para marcar gramaticalidade, em vez de adicionar sinais separados.",false,,Gramática da Libras Vol.1 (INES/Quadros et al.) — Cap.5 Morfologia,193,"enquanto as construções morfológicas simultâneas sinalizam a flexão morfológica em Libras, que traz como resultado: a flexão de concordância; a flexão aspectual; a flexão de número, tamanho, forma e manipulação; são produtivas, estáveis entre os sinalizantes e semanticamente coerentes.",sign2voice,sign2voice,,Exige distinguir parâmetros de execução não representados na glosa escrita.
sign2voice,LIBRAS.MORFOLOGIA.015,morfologia,Justaposição de Classificador com Item Lexical,"Um classificador (CL) pode ser justaposto a um item lexical, funcionando como um clítico. O classificador descreve a forma ou o movimento do objeto, enquanto o item lexical fornece o significado específico.",Quando um classificador é usado para especificar a forma ou o tipo de objeto em um composto (ex: CL-coisa-pequena^PERFURAR para 'alfinete').,false,alfinete -> CL-coisa-pequena^PERFURAR ; agulha -> CL-coisa-pequena^APLICAR-NO-BRAÇO ; alojamento -> DORMIR^CL-pessoa+,Gramática da Libras Vol.1 (INES/Quadros et al.) — Cap.5 Morfologia,200,Justaposição de um classificador com um item lexicais. Nesse processo o classificador funciona como um clítico. São exemplos desse processo os sinais: (73) CL-coisa-pequena^PERFURAR (alfinete); (74) CL-coisa-pequena^APLICAR-NO-BRAÇO (agulha); (75) DORMIR^CL-pessoa+ (alojamento).,voice2sign,sign2voice,sim,"Exige distinguir classificador de item lexical, o que não está explícito na glosa."
sign2voice,LIBRAS.MORFOLOGIA.016,morfologia,Compostos aparentes (ordem variável),Compostos aparentes possuem ordem variável dos elementos componentes. Cada sinal pode ocorrer isoladamente e a troca de posição não altera a gramaticalidade da estrutura.,Formação de compostos onde a ordem dos sinais é variável e os sinais podem ocorrer isoladamente.,false,padaria -> PÃO^CASA (gramatical) ; padaria -> CASA^PÃO (gramatical),Gramática da Libras Vol.1 (INES/Quadros et al.) — Cap.5 Morfologia,206,"b) Compostos aparentes: A ordem dos elementos componentes é variável. Cada sinal pode ocorrer isoladamente, como nos exemplos a seguir (93) e (94): (93) PÃO^CASA (padaria) (94) CASA^PÃO (padaria)",voice2sign,sign2voice,sim,A regra descreve propriedade gramatical sem exigir verificação específica na sequência escrita.
sign2voice,LIBRAS.MORFOLOGIA.017,morfologia,Derivação por sobrefixos,"Novos sinais podem ser derivados de unidades terminológicas base por meio da sobreposição de morfemas (sobrefixos), alterando parâmetros como configuração de mão, movimento ou orientação.",Formação de novos sinais a partir de uma base terminológica existente com alteração de parâmetros manuais.,false,MORFOLOGIA -> MORFEMA ; MORFOLOGIA -> COMPOSIÇÃO,Gramática da Libras Vol.1 (INES/Quadros et al.) — Cap.5 Morfologia,207,"Por meio de mudanças nos parâmetros do sinal, seja pela configuração de mão ou de movimento e orientação da mão, é possível derivar outras unidades terminológicas, como (95) MORFEMA, (96) COMPOSIÇÃO.",sign2voice,sign2voice,,Exige verificação de parâmetros manuais não representados na glosa escrita.
sign2voice,LIBRAS.MORFOLOGIA.018,morfologia,Derivação por numerais,"Numerais podem funcionar como morfemas base livres para derivar outros sinais, incorporando o significado numérico à nova palavra.",Uso de um numeral como base para a formação de um sinal composto ou derivado.,false,DOIS -> DUAS SEMANAS ; DOIS -> BILÍNGUE,Gramática da Libras Vol.1 (INES/Quadros et al.) — Cap.5 Morfologia,207,"Os numerais também podem ocorrer como morfemas base para derivar outros sinais. É o caso do numeral DOIS, um morfema livre, que pode derivar sinais como (97) DUAS SEMANAS e (98) BILÍNGUE:",sign2voice,sign2voice,,Regra descreve fenômeno sem exigir nada sobre a linha escrita.
sign2voice,LIBRAS.MORFOLOGIA.019,morfologia,Derivação por morfemas presos,"Morfemas presos (como a configuração de mão L, que significa tela) podem servir de base para a criação de vários sinais, sendo incorporados a outras raízes.",Uso de um morfema preso como base ou componente na formação de novos sinais.,false,L (tela) -> VIDEOCONFERÊNCIA ; L (tela) -> HIPERTEXTO,Gramática da Libras Vol.1 (INES/Quadros et al.) — Cap.5 Morfologia,208,"Morfemas presos também podem servir de morfema base para a criação de vários sinais, como o morfema preso L, que tem o significado de tela, pode derivar sinais como (99) VIDEOCONFERÊNCIA e HIPERTEXTO.",sign2voice,sign2voice,,"Exige identificar configuração de mão, que não está na glosa."
sign2voice,LIBRAS.MORFOLOGIA.020,morfologia,Distinção nome/verbo por posição sintática,"Na Libras, não há distinção morfofonológica regular (como mudança de movimento) entre nomes e verbos. A distinção é feita pela posição sintática e pelas propriedades distribucionais/funcionais do sinal na frase.",Identificação da classe gramatical (nome ou verbo) de um sinal na frase.,false,TELEFONE (nome) vs COMER (verbo) - mesma articulação possível ; SONHAR (verbo) - dois movimentos repetidos,Gramática da Libras Vol.1 (INES/Quadros et al.) — Cap.5 Morfologia,213,"Ou seja, a distinção entre categorias pode ser associada, na Libras, apenas à posição sintática que deve ser ocupada por um verbo ou por um nome, a depender da grade argumental do item predicador; assim, há forte relação entre a morfos-sintaxe e a distinção entre nomes e verbos",voice2sign,sign2voice,sim,Exige análise de propriedades distribucionais e funcionais não presentes na glosa linear.
sign2voice,LIBRAS.MORFOLOGIA.021,morfologia,Reciprocidade em verbos unimanuais por cópia da M2,"Para verbos unimanuais que não são inerentemente recíprocos, a reciprocidade é marcada pela cópia da segunda mão (M2), que copia as especificações fonológicas da M1. A concordância verbal incide para cada mão: localização da mão coincide com o sujeito e orientação da palma para o objeto.",Verbo unimanual + necessidade de marcar reciprocidade (ex: FALAR-ORAL),false,Sinal DUAS-PESSOAS-FALAM com a concordância recíproca,Gramática da Libras Vol.1 (INES/Quadros et al.) — Cap.5 Morfologia,222,"a marcação de reciprocidade se dá através do processo de cópia da segunda mão. Assim, o sinal passa a ser produzido com as duas mãos, sendo que a M2 copia as especificações fonológicas da M1.",sign2voice,sign2voice,,"Exige verificação de cópia de mão e concordância espacial, invisíveis na glosa."
sign2voice,LIBRAS.MORFOLOGIA.022,morfologia,Reciprocidade em verbos unimanuais por conversão do movimento,"Além da cópia da M2, verbos unimanuais com movimento de trajetória direcional (ex: AVISAR, DAR) podem sofrer conversão do movimento. A M1 move-se de A para B, enquanto a M2 move-se de B para A.",Verbo unimanual com movimento direcional + necessidade de marcar reciprocidade,false,Sinal DUAS-PESSOAS-AVISAM com movimento trajetória direcional ; Sinal DUAS-PESSOAS-DÃO com movimento trajetória direcional,Gramática da Libras Vol.1 (INES/Quadros et al.) — Cap.5 Morfologia,222,"além da duplicação do número de mãos, a M1 move-se de um ponto A para um ponto B, enquanto que a M2 apresenta um movimento convertido que vai do ponto B para o ponto A.",sign2voice,sign2voice,,"Exige verificação de direção do movimento, não presente na glosa."
sign2voice,LIBRAS.MORFOLOGIA.023,morfologia,Reciprocidade em verbos bimanuais por reduplicação reversa,"Para verbos bimanuais, a reciprocidade é marcada pela conversão do movimento através de reduplicação reversa. O movimento tradicional de A para B é reduplicado de forma alternada: A para B e depois B para A, repetidamente.","Verbo bimanual + necessidade de marcar reciprocidade (ex: AJUDAR, CONVERSAR-EM-LIBRAS, ENVIAR-MENSAGEM)",false,AJUDAR(recíproco) ; CONVERSAR EM LIBRAS (recíproco) ; MANDAR MENSAGEM (recíproco),Gramática da Libras Vol.1 (INES/Quadros et al.) — Cap.5 Morfologia,223,"o movimento que é tradicionalmente de A para B, passa a ser reduplicado, de maneira alternada, movendo-se de A para B e depois de B para A, e, assim, repetidamente.",sign2voice,sign2voice,,"Exige verificação de movimento e trajetória, ausentes na glosa escrita."
sign2voice,LIBRAS.MORFOLOGIA.024,morfologia,Pluralidade verbal: leitura exaustiva,"Para expressar múltiplos eventos com participantes distintos (leitura exaustiva), o verbo é marcado por múltiplas reduplicações do movimento verbal, distribuídas ao longo de um arco em frente ao corpo do sinalizante.",Verbo + pluralidade de participantes (leitura exaustiva),false,"Verbo DEMITIR com movimentos reduplicados, distribuídos em arco, marcando uma leitura exaustiva. ; Verbo ENCONTRAR com movimentos reduplicados, distribuídos em arco, marcando uma leitura exaustiva.",Gramática da Libras Vol.1 (INES/Quadros et al.) — Cap.5 Morfologia,225,"Na leitura exaustiva, o verbo é marcado por múltiplas reduplicações do movimento verbal, distribuídas ao longo de um arco em frente ao corpo do sinalizante.",sign2voice,sign2voice,,"Exige verificação de múltiplas reduplicações e trajetória espacial, invisíveis na glosa."
sign2voice,LIBRAS.MORFOLOGIA.025,morfologia,Pluralidade verbal: leitura coletiva,"Para expressar um único evento envolvendo múltiplos participantes (leitura coletiva), o verbo é realizado com um movimento único, em formato de arco, em frente ao corpo do sinalizante.",Verbo + pluralidade de participantes (leitura coletiva),false,"Verbo SINALIZAR com movimento em arco, marcando uma leitura coletiva. ; Verbo AVISAR com movimento em arco, marcando uma leitura coletiva.",Gramática da Libras Vol.1 (INES/Quadros et al.) — Cap.5 Morfologia,226,"Nesse caso, o verbo é realizado com um movimento único, em formato de arco, também em frente ao corpo do sinalizante.",sign2voice,sign2voice,,Exige verificação de movimento físico não representado na glosa.
sign2voice,LIBRAS.MORFOLOGIA.026,morfologia,Pluralidade verbal: pluralidade de lugar,"Para expressar pluralidade de lugares (evento acontece em diferentes lugares repetida/sequencialmente), o verbo é marcado por múltiplas reduplicações do movimento verbal, distribuídas ao longo de um arco em frente ao corpo do sinalizante.",Verbo + pluralidade de argumentos locativos,false,FREQUENTAR(plural),Gramática da Libras Vol.1 (INES/Quadros et al.) — Cap.5 Morfologia,226,"Em Libras, esse tipo de pluralidade também é marcada por múltiplas reduplicações do movimento verbal, distribuídas ao longo de um arco em frente ao corpo do sinalizante.",sign2voice,sign2voice,,"Exige verificação de trajetória espacial e repetição de movimento, ausentes na glosa."
sign2voice,LIBRAS.MORFOLOGIA.027,morfologia,Morfemas-boca como afixos derivacionais,"Morfemas-boca funcionam como afixos derivacionais (composição/derivação) que se combinam com sinais manuais. Eles são formas presas, ocorrem simultaneamente ao sinal manual e não se espalham pelo campo sintático, agindo sobre a palavra única.","Presença de um movimento de boca específico que altera o significado do sinal manual concomitante, funcionando como parte integrante da palavra (ex: composição ou derivação).",false,Sinal ESTOURAR + BOCA EM POW ; cs (boca) + sinal -> 'próximo' (ex: ontem à noite),Gramática da Libras Vol.1 (INES/Quadros et al.) — Cap.5 Morfologia,245,"Eles argumentam que os morfemas-boca são formas presas, pois devem coocorrer com os sinais manuais. Também relatam que tais morfemas normalmente ocorrem apenas em sinais simples, pois eles não se espalham ao longo do campo sintático.",sign2voice,sign2voice,,"Morfemas-boca não aparecem na glosa escrita, exigindo análise de vídeo."
sign2voice,LIBRAS.MORFOLOGIA.028,morfologia,Morfemas-boca como modificadores de movimento,Morfemas-boca podem exigir mudanças no movimento do sinal manual para refletir o significado alterado (ex: negligência). Essa mudança no movimento é parte integrante do morfema-boca e não tem status morfêmico independente.,Uso de morfema-boca específico (ex: configuração 'th') que altera a semântica do sinal manual associado.,false,escrever desleixadamente -> LÍNGUA EM 'th' + SOBRANCELHA NEUTRA + SINAL ESCREVER,Gramática da Libras Vol.1 (INES/Quadros et al.) — Cap.5 Morfologia,249,"quando associado ao sinal manual, exige que este apresente movimento diferente, acompanhando o significado alterado pelo morfema-boca 'th'.",sign2voice,sign2voice,,"Exige análise de movimento manual, invisível na glosa escrita."
sign2voice,LIBRAS.MORFOLOGIA.029,morfologia,Morfemas-boca como marcadores de intensidade/certeza,"Configurações de lábios apertados podem conferir intensidade ou certeza ao sinal manual, substituindo a necessidade de sinais adicionais como CERTO.",Necessidade de enfatizar certeza ou intensidade de um adjetivo ou substantivo.,false,regra com caráter de certeza -> SINAL <REGRA> + LÁBIOS APERTADOS,Gramática da Libras Vol.1 (INES/Quadros et al.) — Cap.5 Morfologia,251,"Já quando a boca se configura de tal forma que os lábios se apertam, acrescenta o significado de certeza ao sinal manual, sem, no entanto, necessitar de um sinal manual CERTO.",sign2voice,sign2voice,,Configurações de lábios não aparecem na glosa escrita.
sign2voice,LIBRAS.MORFOLOGIA.030,morfologia,Restrição de coocorrência de morfemas-boca,"Morfemas-boca possuem restrições de uso e não podem ser combinados com quaisquer sinais manuais. Alguns são 'presos' a sinais específicos (ex: sorvete, pirulito).",Tentativa de aplicar um morfema-boca a um sinal manual que não permite essa combinação.,false,morfema preso ocorre somente em dois sinais: sorvete e pirulito,Gramática da Libras Vol.1 (INES/Quadros et al.) — Cap.5 Morfologia,254,"possuem limitações de uso, não podem ser combinados com quaisquer sinais... seria um morfema preso; este somente ocorre em dois sinais",sign2voice,sign2voice,,"Morfemas-boca não aparecem na glosa escrita, impossibilitando verificação."
sign2voice,LIBRAS.MORFOLOGIA.031,morfologia,Morfema-boca como parte integrante do sinal (COMO),"Em alguns casos, o sinal manual é condicionado à presença do morfema-boca, indicando que o sinal manual é parte do morfema-boca (ex: COMO).","Produção do sinal COMO, onde a articulação-boca é obrigatória para a formação do item lexical.",false,COMO -> sinal manual condicionado à presença do morfema-boca 'como',Gramática da Libras Vol.1 (INES/Quadros et al.) — Cap.5 Morfologia,255,"tal morfema-boca muitas vezes ocorre sem o sinal manual, enquanto o sinal manual está condicionado à presença desse morfema-boca, indicando então que o sinal manual é parte do morfema-boca.",sign2voice,sign2voice,,"Exige verificação de articulação de boca, invisível na glosa escrita."
sign2voice,LIBRAS.MORFOLOGIA.032,morfologia,Gestos-boca para aspecto de volume/velocidade,"Gestos-boca (diferentes de articulações-boca) podem indicar aspectos como volume e velocidade, conferindo significado de fluência ou intensidade ao sinal associado.","Necessidade de expressar aspecto de volume, velocidade ou fluência em relação a um sinal (ex: LÍNGUA-DE-SINAIS).",false,pessoa fluente -> gesto-boca (inflar lábios) + LÍNGUA-DE-SINAIS,Gramática da Libras Vol.1 (INES/Quadros et al.) — Cap.5 Morfologia,256,"ele infla os lábios para indicar o aspecto de 'volume' e de 'velocidade' da Língua de Sinais que, associado ao sinal LÍNGUA-DE-SINAIS, confere a ele um significado de pessoa fluente",sign2voice,sign2voice,,Gestos-boca não são representados na glosa escrita.
sign2voice,LIBRAS.MORFOLOGIA.033,morfologia,Gestos-boca para quantidade/movimento,"Gestos-boca podem indicar movimento e quantidade de pessoas, associando-se a sinais como MULTIDÃO.",Descrição de multidão ou grande quantidade de pessoas em movimento.,false,multidão -> gesto-boca + MULTIDÃO,Gramática da Libras Vol.1 (INES/Quadros et al.) — Cap.5 Morfologia,256,"Sequência do movimento do gesto-boca... associado ao sinal MULTIDÃO, que confere ao referente do espaço o significado de movimento e quantidade de pessoas",sign2voice,sign2voice,,Gestos-boca não aparecem na glosa escrita.
sign2voice,LIBRAS.MORFOLOGIA.034,morfologia,Articulação-boca obrigatória para desambiguação,"Articulações-boca são obrigatórias quando servem para desambiguar pares mínimos, especificar gênero (sem usar HOMEM/MULHER) ou definir características classificadoras.",Sinais com significados diferentes ou classes gramaticais diferentes que exigem especificação (ex: irmão/irmã).,false,irmão/irmã -> sinal + articulação-boca especificando sexo,Gramática da Libras Vol.1 (INES/Quadros et al.) — Cap.5 Morfologia,260,"As articulações-boca são obrigatoriamente presentes quando assumem funções específicas, tais como: desambiguação de pares mínimos... Na Libras, temos o exemplo 'irmão' e 'irmã', que são sinalizados com as articulações-boca especificando o sexo",sign2voice,sign2voice,,Articulações de boca não são representadas na glosa escrita.
sign2voice,LIBRAS.MORFOLOGIA.035,morfologia,Articulação-boca para modificação de advérbios,"Articulações-boca podem modificar advérbios para acrescentar intensidade ou mudar o modo, alinhando-se temporalmente ao sinal manual.",Produção de advérbios que requerem ajuste de intensidade ou modo.,false,COPIAR -> sinal + articulação-boca 'copiaa',Gramática da Libras Vol.1 (INES/Quadros et al.) — Cap.5 Morfologia,261,"quando o surdo faz um sinal manual de um advérbio, precisa acrescentar intensidade ou mudar o modo de um advérbio... Na Libras temos o exemplo apresentado anteriormente do sinal COPIAR.",sign2voice,sign2voice,,Articulações de boca não aparecem na glosa escrita.
sign2voice,LIBRAS.MORFOLOGIA.036,morfologia,Derivação gramatical via articulação-boca,"Articulações-boca permitem a criação de novos itens lexicais a partir de um mesmo sinal manual, alterando o significado (ex: ESCOLA-REGULAR).",Necessidade de derivar um novo significado de um sinal base (ex: NATURAL + 'eeculaa' = ESCOLA-REGULAR).,false,ESCOLA-REGULAR -> sinal NATURAL + articulação-boca 'eeculaa',Gramática da Libras Vol.1 (INES/Quadros et al.) — Cap.5 Morfologia,261,"as articulações-boca permitem a criação de novos itens lexicais a partir de um mesmo sinal manual, como o sinal de ESCOLA-REGULAR, que é composto pelo sinal NATURAL acompanhado da sua articulação-boca 'eeculaa'.",sign2voice,sign2voice,,"Exige verificação de articulação de boca, que não está na glosa."
sign2voice,LIBRAS.MORFOLOGIA.037,morfologia,Articulação-boca prototípica,"Articulações-boca prototípicas são as mais frequentes, coocorrendo com substantivos, adjetivos e verbos não flexionados. Elas refletem a interpretação visual-vibracional do contato com a língua oral, não a forma fonética exata.","Produção de sinais substantivos, adjetivos ou verbos simples (ex: ESCOLA).",false,ESCOLA -> sinal + articulação-boca 'esola',Gramática da Libras Vol.1 (INES/Quadros et al.) — Cap.5 Morfologia,262,"Essa categoria é a mais frequente na Libras e coocorre, frequentemente, com sinais substantivos, adjetivos e verbos não flexionados... como, por exemplo, o sinal ESCOLA, que é acompanhado da articulação-boca prototípica 'esola'",sign2voice,sign2voice,,"Exige verificação de articulação de boca, invisível na glosa."
sign2voice,LIBRAS.MORFOLOGIA.038,morfologia,Flexão verbal de tempo e pessoa via articulação-boca,"A articulação-boca pode flexionar verbos manuais para indicar tempo (passado) e pessoa (1ª pessoa do singular), substituindo a necessidade de sinais manuais adicionais como JÁ, PASSADO ou pronomes explícitos. Exemplos: LEMBRAR com 'eepaa' (lembra) ou 'nao-eepoo' (não lembro); VIAJAR com 'foi' (viajou).",Verbo manual que requer especificação de tempo verbal ou pessoa gramatical.,false,Lembrar -> LEMBRAR + AB('eepaa') ; Não lembro -> LEMBRAR + AB('nao-eepoo') ; Viajou -> VIAJAR + AB('foi'),Gramática da Libras Vol.1 (INES/Quadros et al.) — Cap.5 Morfologia,272,"participantes mostram as várias flexões do sinal manual verbal LEMBRAR, resultando nas articulações-boca flexionadas, ´eepaa´ e ´nao-eepoo´, que indicam flexão verbal de tempo e de pessoa (lembra, não lembro).",sign2voice,sign2voice,,Articulação de boca não é representada na glosa escrita.
sign2voice,LIBRAS.MORFOLOGIA.039,morfologia,Flexão de gênero via articulação-boca,"A articulação-boca pode especificar o gênero de substantivos (como IRMÃO) sem a necessidade de adicionar os sinais manuais HOMEM ou MULHER, desde que produzida simultaneamente ao sinal base.",Substantivo que admite variação de gênero e onde a especificação é necessária.,false,Irmão (homem) -> IRMAO + AB('iipa') ; Irmão (homem) -> IRMAO + AB('iipao'),Gramática da Libras Vol.1 (INES/Quadros et al.) — Cap.5 Morfologia,273,"a articulação-boca ´iipa´ ou ´ii-pao´ permite essa flexão sem necessidade de sinalização manual, quando ocorre simultaneamente com o sinal IRMÃO.",sign2voice,sign2voice,,Articulação de boca não é representada na glosa escrita.
sign2voice,LIBRAS.MORFOLOGIA.040,morfologia,Mudança de categoria gramatical por articulação-boca especificadora,"A associação de uma articulação-boca especificadora a um sinal manual pode alterar a categoria gramatical do sinal, transformando-o (ex.: de verbo para substantivo) ou desambiguando pares mínimos. Isso permite especificar, complementar ou modificar significados.","Quando um sinal manual verbal (ou de outra classe) é acompanhado por uma articulação-boca que atua como especificadora, alterando sua função sintática ou semântica.",false,CONHECER + articulação-boca 'ooesipeto' -> CONHECIMENTO,Gramática da Libras Vol.1 (INES/Quadros et al.) — Cap.5 Morfologia,279,Um sinal manual verbal pode mudar de categoria gramatical quando as - sociado a uma articulação-boca especificadora.,sign2voice,sign2voice,,Articulações de boca não aparecem na glosa escrita.
sign2voice,LIBRAS.MORFOLOGIA.041,morfologia,Articulação-boca independente (lexicalização),"Articulações-boca podem ser produzidas de forma independente, sem o sinal manual associado, carregando significado sozinhas ou preenchendo lacunas lexicais. Isso demonstra a alta lexicalização desses componentes não manuais na Libras.","Quando a articulação-boca é produzida sem a presença do sinal manual correspondente, atuando como unidade lexical autônoma.",false,articulação-boca 'tao-eteti' produzida sem o sinal manual ENTENDER-NÃO,Gramática da Libras Vol.1 (INES/Quadros et al.) — Cap.5 Morfologia,288,"Nessa classe observa-se a produção da articulação-boca prototípica, variante, flexionada ou especificadora, mas sem o sinal que normalmente é a ela associado",sign2voice,sign2voice,,"Glosa não carrega ações de boca, impossibilitando verificação textual."
sign2voice,LIBRAS.MORFOLOGIA.042,morfologia,Transcrição visual das articulações-boca (Sons Surdos),"As glosas das articulações-boca devem ser transcritas com base na visualidade do movimento articulatório (Sons Surdos), e não na fonética auditiva da língua oral. Isso significa omitir sons não visuais (como o G em IGUAL) e adaptar a grafia ao movimento labial/lingual percebido.","Ao transcrever ou validar a glosa de uma articulação-boca, deve-se priorizar a forma visual do movimento sobre a ortografia da língua oral.",false,Sinal IGUAL -> articulação-boca transcrita como IUA (e não IGUAL ou [igw'aw]) ; Sinal CASA -> articulação-boca transcrita como ASA (e não /kaza/),Gramática da Libras Vol.1 (INES/Quadros et al.) — Cap.5 Morfologia,292,"Por ainda não haver esse recurso no ELAN, as glosas das articulações-boca da Libras devem ser transcritas com referência somente aos Sons Surdos",voice2sign,sign2voice,sim,"Exige análise visual do movimento, não apenas leitura da glosa."
sign2voice,LIBRAS.MORFOLOGIA.043,morfologia,Parâmetros obrigatórios do sinal,"Cada sinal é constituído por cinco parâmetros fundamentais: Configuração de Mão, Orientação da Mão, Movimento, Locação e Expressões Não Manuais. A glosa deve refletir a integridade desses parâmetros, pois a ausência ou desequilíbrio de qualquer um altera o processamento visual e perceptivo do sinal.",Produção ou validação de qualquer sinal individual na glosa.,false,,Gramática da Libras Vol.1 (INES/Quadros et al.) — Cap.5 Morfologia,324,"Cada sinal apresenta parâmetros que, se não estiverem interligados, apresentarão um desequilíbrio no processamento visual e perceptivo.",sign2voice,sign2voice,,Glosa não carrega parâmetros como configuração de mão ou movimento.
sign2voice,LIBRAS.MORFOLOGIA.044,morfologia,Variabilidade de locação para mudança de sentido,"O ponto de articulação (locação) de um sinal pode variar para modificar seu significado ou adicionar nuances pragmáticas (como ironia, desprezo ou zombaria). Por exemplo, um sinal que usualmente é fixado na cabeça pode ser movido para a mão, rosto ou mesa para alterar o alvo ou a intenção da mensagem.","Quando o contexto exige uma nuance específica (ironia, desprezo) ou quando o sinal é usado para apontar 'outros' de forma diferenciada.",false,Sinal de 'tolerância' fixado na cabeça (padrão) vs. fixado na mesa/mão (para apontar outros com desprezo),Gramática da Libras Vol.1 (INES/Quadros et al.) — Cap.5 Morfologia,332,"se aparecer fora do ponto de articulação (uma das regras do parâmetro da Língua de Sinais), que usualmente é fixado na cabeça e agora pode ser fixado em qualquer ponto de articulação",sign2voice,sign2voice,,A glosa não registra a locação ou o ponto de articulação do sinal.
sign2voice,LIBRAS.MORFOLOGIA.045,morfologia,Produtividade morfológica de expressões idiomáticas,"Expressões idiomáticas funcionam como unidades morfológicas produtivas. Pequenas variações morfológicas na base da expressão podem ampliar ou ajustar o significado para contextos semânticos próximos, gerando novas expressões derivadas.",Quando uma expressão idiomática base é modificada por um sinal adicional ou variação sutil para criar um novo significado relacionado (ex.: variações de 'encher os olhos').,false,Arregalar os olhos -> OLHOS-SALTAR ; Encher os olhos -> OLHOS-INCHAR ; Abismado! -> OLHOS-QUICAR ; Inacreditável! -> OLHOS-CAIR ROUPA-LIMPAR,Gramática da Libras Vol.1 (INES/Quadros et al.) — Cap.5 Morfologia,374,"As expressões idiomáticas, ainda que como unidades morfológicas, são produtivas sintaticamente uma vez que podem ampliar seu significado sintático com pequenas variações que levam a estruturas mais complexas de significado",voice2sign,sign2voice,sim,"Exige interpretação semântica de significado, não verificável apenas pela sequência de glosas."
sign2voice,LIBRAS.NEGACAO.001,negacao,Posição da negação em verbos com e sem concordância,"Verbos sem concordância não admitem a partícula de negação (NÃO) antes do verbo; a negação deve vir depois. Verbos com concordância admitem a negação antes do verbo. Verbos que podem ser classificados como sem concordância, mas sinalizados incorporando o referente (com concordância), seguem a regra dos verbos com concordância (negação antes).",Presença de negação na frase e uso de verbos que podem ou não marcar concordância espacial.,false,Ele pagou -> <ELE>do <PAGAR>do ; Ele não pagou -> <ELE>do <NÃO <PAGAR>do>n ; Ele não pagou (incorreto para verbo sem concordância) -> *ELE NÃO PAGAR,Língua de Sinais Brasileira: Estudos Linguísticos (Quadros & Karnopp) — Cap.4 A sintaxe espacial,198,"Os verbos sem concordância não admitem a negação antes do verbo, ao contrário dos verbos com concordância",voice2sign,sign2voice,sim,"Exige distinguir concordância espacial, que não está na glosa."
sign2voice,LIBRAS.NEGACAO.002,negacao,Negação incorporada por mudança de movimento,"A negação pode ser incorporada ao sinal base por meio da alteração de um dos parâmetros, especialmente o movimento, resultando em uma contraparte negativa do sinal. Pode haver também movimento de cabeça.","Expressão de negação diretamente no verbo/sinal base, sem uso de sinal de negação separado.",false,não saber -> NÃO SABER (com alteração de movimento) ; não ter -> NÃO TER (com alteração de movimento),Gramática da Libras Vol.1 (INES/Quadros et al.) — Cap.5 Morfologia,208,"Na incorporação da negação... o item a ser negado sofre alteração em um dos parâmetros, especialmente o parâmetro Movimento... Os sinais (100) NÃO SABER e (101) NÃO TER têm a incorporação da negação em que há o movimento da cabeça de um lado para o outro, também sofre a alteração de movimento no sinal.",sign2voice,sign2voice,,Mudança de movimento não é registrada na glosa escrita.
sign2voice,LIBRAS.NEGACAO.003,negacao,Negação via morfema-boca,"Morfemas-boca (ex: lábios apertados curvados para baixo) podem cumprir a função de negação, dispensando o balanço de cabeça ou outros sinais não manuais de negação.",Produção de sentença negativa onde o morfema-boca se funde ao sinal para indicar negação.,false,alguns não -> Sinal <ALGUNS> + MORFEMA APERTANDO OS LÁBIOS CURVADOS PARA BAIXO,Gramática da Libras Vol.1 (INES/Quadros et al.) — Cap.5 Morfologia,252,"quando associado a um sinal manual, também se configura uma negação... Não ocorre o balanço de cabeça, pois o morfema-boca cumpre a função de negação.",sign2voice,sign2voice,,Morfemas-boca não aparecem na glosa escrita.
sign2voice,LIBRAS.NEGACAO.004,negacao,Negação via articulação-boca,"Articulações-boca podem cumprir a função de negação, fundindo-se ao verbo e dispensando recursos não manuais como balanço de cabeça.",Produção de sentença negativa onde a negação é marcada pela boca.,false,,Gramática da Libras Vol.1 (INES/Quadros et al.) — Cap.5 Morfologia,261,"as articulações-boca podem cumprir a função de negação, fundindo-se ao verbo, conferindo significado negativo a este, dispensando esses recursos não manuais",sign2voice,sign2voice,,"A glosa não registra articulações de boca, impossibilitando a verificação textual."
sign2voice,LIBRAS.TEMPO-ASPECTO.001,tempo-aspecto,Pluralidade verbal: pluralidade de tempo,"Para expressar repetição de um evento ao longo do tempo (aspecto habitual/iterativo), o movimento do verbo é repetido, mas localizado no mesmo ponto do espaço, sem movimento em arco.",Verbo + repetição temporal do evento,false,"PAGAR (movimento repetido, marcando uma leitura de pluralidade de tempo)",Gramática da Libras Vol.1 (INES/Quadros et al.) — Cap.5 Morfologia,227,"Esse tipo de pluralidade é marcado pela repetição do movimento do verbo, mas localizado no mesmo ponto do espaço. Ou seja, não há nenhum tipo de movimento em arco associado.",sign2voice,sign2voice,,"Regra exige análise de trajetória e espaço, ausentes na glosa."
sign2voice,LIBRAS.CLASSIFICADORES.001,classificadores,Articulação-boca para especificar sujeito em verbos classificadores,Surdos nativos produzem articulações-boca associadas a verbos classificadores para definir o sujeito do verbo.,Uso de verbos classificadores onde o sujeito precisa ser especificado semanticamente.,false,,Gramática da Libras Vol.1 (INES/Quadros et al.) — Cap.5 Morfologia,261,"surdos nativos produzem articulações-boca associadas a verbos classificadores, para definir o sujeito daquele verbo.",sign2voice,sign2voice,,Articulações de boca não são representadas na glosa escrita.
sign2voice,LIBRAS.CLASSIFICADORES.002,classificadores,Articulação-boca classificadora,"Articulações-boca podem conferir características classificadoras ao sinal manual, incorporando a forma do significado. Podem sofrer lexicalização (repetição do movimento), como 'peeto' tornando-se 'pepepe' para BEBÊ/PEQUENO, ou 'p' para MARCAR.",Sinais manuais que beneficiam de uma característica classificadora ou icônica adicionada pela boca.,false,Pequeno -> PEQUENO + AB('peeto') ; Bebê -> BEBE + AB('pepepe') ; Marcar -> MARCAR + AB('p'),Gramática da Libras Vol.1 (INES/Quadros et al.) — Cap.5 Morfologia,270,Essa classe compõe-se de articulações-boca que conferem características classificadoras ao sinal manual. Observe este exemplo: o sinal manual PEQUENO pode ser associado à articulação-boca ´peeto´.,sign2voice,sign2voice,,"Exige verificar articulação de boca, que não está na glosa."
sign2voice,LIBRAS.CLASSIFICADORES.003,classificadores,Classificadores como argumentos sintáticos,"Os classificadores podem assumir o papel de entidades e, portanto, integram posições argumentais na sintaxe visual da Libras, funcionando como sujeitos ou objetos na estrutura da frase.","Quando a frase requer a referência a uma entidade (objeto, pessoa, animal) e o sinalizador opta por usar um classificador em vez de um sinal lexical convencional para essa entidade.",false,,Gramática da Libras Vol.1 (INES/Quadros et al.) — Cap.5 Morfologia,306,"Os classificadores podem assumir o papel de entidades, por isso integram posições argumentais na sintaxe visual da Libras.",sign2voice,sign2voice,,"Exige distinguir classificador de sinal lexical, o que a glosa não diferencia."
sign2voice,LIBRAS.CLASSIFICADORES.004,classificadores,Plural em classificadores por repetição,"O plural é marcado nos classificadores quando a configuração de mão, que representa um recorte do referente, se repete várias vezes.",Quando se deseja expressar o plural de uma entidade descrita por um classificador.,false,um conjunto de potes lado a lado ; quadros espalhados na parede,Gramática da Libras Vol.1 (INES/Quadros et al.) — Cap.5 Morfologia,306,"O plural também pode ser marcado nos classificadores, quando a configuração de mão, que representa um recorte do referente, se repete várias vezes.",sign2voice,sign2voice,,Repetição de movimento não é registrada na glosa escrita.
sign2voice,LIBRAS.CLASSIFICADORES.005,classificadores,Descrição de Tamanho e Forma,"O sinalizador utiliza o dedo indicador para traçar o contorno do objeto, representando simultaneamente seu tamanho e forma. A direção do olhar indica a altura do objeto em relação ao sinalizante (ex.: olhar para cima indica que o objeto é mais alto).","Quando a frase descreve a aparência física, dimensões ou contorno de um objeto estático (ex.: uma janela, uma mesa).",false,A janela é alta -> [OLHAR-CIMA] [DEDO-INDICADOR-CONTORO-ALTO] (Glosa aproximada baseada na descrição do frame 3),Gramática da Libras Vol.1 (INES/Quadros et al.) — Cap.5 Morfologia,313,"visualiza-se uma descrição do tamanho e da forma da JANELA feita com o dedo indicador do sinalizante, sendo muito recorrente o uso do dedo indicador realizando um contorno dos objetivos descritos.",sign2voice,sign2voice,,"Exige verificação de direção do olhar, que não está na glosa."
sign2voice,LIBRAS.CLASSIFICADORES.006,classificadores,Transferência Espacial e Profundidade,A profundidade do espaço é reconstruída na sinalização estabelecendo referentes em posições relativas (ex.: um atrás do outro). O olhar do sinalizante ou dos personagens incorporados direciona-se para a posição espacial correspondente (ex.: olhar para trás para indicar profundidade).,"Quando a frase descreve a posição de múltiplos elementos no espaço, especialmente relações de frente/atrás ou profundidade cênica.",false,O policial estava atrás do menino -> [DOIS-DEDOS-INDICADORES] [POSICAO-UM-ATRAS-DO-OUTRO] [OLHAR-PARA-TRAS],Gramática da Libras Vol.1 (INES/Quadros et al.) — Cap.5 Morfologia,313,"a profundidade é reconstruída na sinalização; de fato, observamos tal elemento pelo estabelecimento de dois referentes (o menino e o policial), um atrás do outro.",sign2voice,sign2voice,,"Exige verificação de olhar e uso do espaço, ausentes na glosa."
sign2voice,LIBRAS.CLASSIFICADORES.007,classificadores,Transferência de Localização,"A localização é marcada pelo ponto de aplicação ou locação do signo no corpo ou no espaço neutro, acompanhada de intensidade, movimento direcional e direção do olhar. A direção visual (para cima, baixo, esquerda, direita) é indispensável para definir a posição.","Quando a frase especifica onde algo acontece ou a posição de um grupo/objeto em relação ao sinalizante ou a outros elementos (ex.: 'do outro lado', 'no centro').",false,"O grupo se reúne de um lado, os falantes de português do outro -> [SINAL-GRUPO-ESQUERDA] [SINAL-GRUPO-DIREITA] [OLHAR-DIRECIONAL]",Gramática da Libras Vol.1 (INES/Quadros et al.) — Cap.5 Morfologia,314,"observa-se que se relaciona mais com a direção do ponto ao qual o signo está direcionado (para cima; para baixo; lado esquerdo; lado direito; do meio; de trás, de frente ou do uso de grande velocidade ou de pequena velocidade).",sign2voice,sign2voice,,"Exige direção do olhar e movimento, ausentes na glosa."
sign2voice,LIBRAS.CLASSIFICADORES.008,classificadores,Transferência de Movimento,"O movimento é usado para condicionar a locação de um signo para outro ou para unir dois signos, criando novos significados (ex.: juntar 'fora' e 'dentro' para formar 'juntos'). A velocidade, intensidade e direção (cima/baixo, frente/atrás) evidenciam desigualdades ou dualidades.","Quando a frase descreve uma ação de movimento que conecta dois estados ou posições, ou quando o significado depende da trajetória da mão (ex.: 'juntos', 'unir', 'mover de X para Y').",false,Eles ficaram juntos -> [SINAL-FORA] [MOVIMENTO-UNIR] [SINAL-DENTRO] (Glosa conceitual: movimento que junta os dois sinais),Gramática da Libras Vol.1 (INES/Quadros et al.) — Cap.5 Morfologia,315,A figura 85 exemplifica o movimento necessário para se juntar os dois sinais de 'fora' para 'dentro' dando o novo significado: 'juntos'.,sign2voice,sign2voice,,"Exige verificar velocidade, intensidade e direção, ausentes na glosa."
sign2voice,LIBRAS.CLASSIFICADORES.009,classificadores,Transferência de Incorporação,"O narrador incorpora objetos ou personagens no seu próprio corpo, transformando-se em um objeto para caracterizar ações ou sentimentos. Os olhos passam a enunciar a ação (ex.: olhar para trás ao incorporar um personagem). A incorporação apaga o assunto original da enunciação para focar na ação incorporada.","Quando a frase descreve uma ação específica de um personagem ou objeto que o sinalizante 'vive' fisicamente (ex.: 'o gato caiu', 'o menino olhou para trás').",false,O menino olhou para trás -> [INCORPORAR-MENINO] [OLHAR-PARA-TRAS],Gramática da Libras Vol.1 (INES/Quadros et al.) — Cap.5 Morfologia,315,"O narrador passa a ser transformado em um objeto para caracterizar aquilo que sente ou mostra fisicamente. Usa a incorporação de objetos e as suas estruturas, quando incorporadas, apagam o assunto da enunciação e do narrador.",sign2voice,sign2voice,,"Exige verificação de olhar e incorporação física, ausentes na glosa."
sign2voice,LIBRAS.CLASSIFICADORES.010,classificadores,Transferência de Vibração,"Representa percepções vibracionais sentidas pelo corpo (tato) ou associadas a sons, usando movimentos que simulam a vibração (ex.: estalar de beijo, carro passando, árvore caindo). É uma representação sinestésica além da visualidade pura.","Quando a frase descreve sensações táteis, sons percebidos como vibração ou eventos físicos que geram tremores/impactos (ex.: 'o beijo estalou', 'o carro passou').",false,Ele deu um beijo na orelha -> [SINAL-BEIJAR] [MOVIMENTO-VIBRACAO-ESTALAR],Gramática da Libras Vol.1 (INES/Quadros et al.) — Cap.5 Morfologia,316,"a transferência de vibração está para além da visualidade dos surdos, sendo percebida de forma sinestésica e produzida por descrições das diferentes sensações que os surdos têm sobre tais fenômenos vibratórios.",sign2voice,sign2voice,,"Exige verificar movimento de vibração, que não está na glosa."
sign2voice,LIBRAS.CLASSIFICADORES.011,classificadores,Metáforas Ontológicas: Mente como Recipiente,"Conceitos abstratos como informação, ideias e memória são tratados como objetos concretos que podem ser manipulados e colocados dentro de um recipiente (a mente/cabeça). Aprender é colocar na cabeça; esquecer é tirar da cabeça.","Quando a frase em português descreve processos cognitivos (aprender, esquecer, estar com a cabeça cheia) que em Libras são representados por movimentos de inserção/remoção de objetos na cabeça.",false,Aprender -> APRENDER (colocar informação na cabeça) ; Esquecer -> ESQUECER (tirar informação da cabeça) ; Estar com a cabeça cheia -> CABEÇA-EXPLODIR,Gramática da Libras Vol.1 (INES/Quadros et al.) — Cap.5 Morfologia,368,"Na metáfora ontológica, a mente é uma entidade que funciona como um recipiente. Podemos, literalmente, colocar objetos concretos dentro de um recipiente e, metaforicamente, a informação é colocada dentro dele e manejada por meio de vários classificadores",sign2voice,sign2voice,,"Exige verificar movimento de inserção na cabeça, ausente na glosa."
sign2voice,LIBRAS.EXPRESSOES-IDIOMATICAS.001,expressoes-idiomaticas,Articulação-boca divergente para função discursiva,"A articulação-boca pode ser semanticamente divergente do sinal manual, mas cumprir uma função sintático-discursiva (ênfase, negação implícita, construção de significado). Exemplos: AJUDAR + 'copo' (como ajudar?), PROBLEMA + 'pote' (não tem problema).","Contextos discursivos onde a sobreposição semântica não é direta, mas a articulação-boca contribui para a construção do sentido ou ênfase.",false,Como ajudar? -> AJUDAR + AB('copo') ; Não tem problema -> PROBLEMA + AB('pote'),Gramática da Libras Vol.1 (INES/Quadros et al.) — Cap.5 Morfologia,268,"a articulação-boca não possui congruência semântica, mas se relaciona morfossintática ou discursivamente para a construção da sinalização.",sign2voice,sign2voice,,A articulação de boca não é representada na glosa escrita.
sign2voice,LIBRAS.EXPRESSOES-IDIOMATICAS.002,expressoes-idiomaticas,Articulação-boca performática,"Uso de articulações-boca que imitam formas visuais-vibracionais da língua oral ou comportamentos (como 'papapa' para imitar fala/tagarelar ou fantoches), conferindo caráter performático e prosódico à sinalização.","Narrativas ou descrições que envolvem fala de ouvintes, imitação de sons ou comportamentos verbais.",false,Falar muito/tagarelar -> [Sinal contextual] + AB('papapa') ; Telefone -> TELEFONE + AB('alo'),Gramática da Libras Vol.1 (INES/Quadros et al.) — Cap.5 Morfologia,274,"os surdos articulam em forma de pa-pa-pa e isso pode ser referência a um teatro de fantoche, por exemplo, em que o movimento visual dos fantoches (visualmente os surdos veem como pa-pa-pa) é imitado e incorporado como recurso prosódico para imitar ouvinte.",sign2voice,sign2voice,,Glosa não carrega ações de boca ou imitações sonoras.
sign2voice,LIBRAS.EXPRESSOES-IDIOMATICAS.003,expressoes-idiomaticas,Blocos de sentido em sinal único,"Expressões idiomáticas em Libras frequentemente consistem em um único sinal simples que representa um bloco de sentido complexo, equivalente a uma estrutura oracional completa em Língua Portuguesa. Isso ocorre devido à alta produtividade da modalidade visual em condensar conceitos complexos em unidades lexicais manuais simples.","Quando uma expressão idiomática ou conceito complexo em português pode ser traduzido por um único sinal em Libras, em vez de uma sequência de sinais.",false,,Gramática da Libras Vol.1 (INES/Quadros et al.) — Cap.5 Morfologia,338,"é bastante produtivo na Língua de Sinais brasileira a criação de sinais que representam ideias complexas, blocos de sentido, que, em Língua Portuguesa, por exemplo, equivalem a estruturas oracionais.",voice2sign,sign2voice,sim,Regra descreve fenômeno sem exigir nada sobre a linha escrita.
sign2voice,LIBRAS.EXPRESSOES-IDIOMATICAS.004,expressoes-idiomaticas,Morfemas-boca como unidade lexical,"Unidades lexicais sinalizadas podem ser constituídas exclusivamente por expressões faciais, especificamente morfemas-boca, para representar significados oracionais complexos. Isso permite a criação de sinais que traduzem sentidos complexos sem o uso de movimentos manuais complexos.","Quando o significado é expresso primariamente pela boca/rosto, formando uma unidade lexical independente ou parte de uma expressão idiomática.",false,,Gramática da Libras Vol.1 (INES/Quadros et al.) — Cap.5 Morfologia,338,"unidades lexicais sinalizadas constituídas por expressões faciais, como aquelas constituídas apenas de morfemas-boca.",sign2voice,sign2voice,,"Morfemas-boca não aparecem na glosa escrita, impossibilitando verificação."
sign2voice,LIBRAS.EXPRESSOES-IDIOMATICAS.005,expressoes-idiomaticas,Expressões idiomáticas de mão única,"Expressões idiomáticas podem ser constituídas por uma única unidade lexical sinalizada (um único sinal), onde o significado não é a soma literal das partes, mas uma construção cultural fixa.",Quando a frase em português corresponde a um idiomatismo que em Libras é realizado por um único sinal morfológico simples.,false,Ficar de cabelos em pé -> CABELOS-EM-PÉ ; Estar entendiado/a perto de um casal -> VELA-MOSTRAR ; Quebrar a cara -> CARA-QUEBRAR,Gramática da Libras Vol.1 (INES/Quadros et al.) — Cap.5 Morfologia,342,"Existem Expressões Idiomáticas constituídas de apenas uma unidade lexical sinalizada, como nos exemplos a seguir: (4) VELA-MOSTRAR ... (5) CARA-QUEBRAR",voice2sign,sign2voice,sim,Exige conhecimento cultural externo não presente na glosa escrita.
sign2voice,LIBRAS.EXPRESSOES-IDIOMATICAS.006,expressoes-idiomaticas,Expressões idiomáticas de múltiplos sinais,"Expressões idiomáticas podem ser constituídas por mais de uma unidade lexical sinalizada (combinação de sinais), formando uma estrutura sintática fixa com significado conotativo.",Quando a frase em português corresponde a um idiomatismo que em Libras é realizado por uma sequência de dois ou mais sinais.,false,Pessoa turrona -> CABEÇA DURA ; Não ter vergonha na cara -> VERGONHA NÃO TER ; Olho vivo -> ORELHA CARA,Gramática da Libras Vol.1 (INES/Quadros et al.) — Cap.5 Morfologia,343,"Existem expressões idiomáticas constituídas por mais de uma unidade lexical sinalizada, ou seja, por mais de um sinal, como nos exemplos a seguir: (7) CABEÇA DURA ... (8) VERGONHA NÃO TER",voice2sign,sign2voice,sim,"Exige conhecimento externo sobre o significado idiomático, não presente na glosa."
sign2voice,LIBRAS.EXPRESSOES-IDIOMATICAS.007,expressoes-idiomaticas,Morfemas faciais como constituintes idiomáticos,"Expressões idiomáticas podem ser constituídas exclusivamente por morfemas-boca (expressões faciais) ou combiná-los com sinais manuais, onde a expressão facial carrega o significado idiomático.",Quando o significado da expressão depende de uma configuração labial ou facial específica (morfema-boca) que funciona como unidade lexical ou parte dela.,false,Isso mesmo! -> LÍNGUA-FORA ; Impressionante! -> LÁBIOS-FECHADOS ; Que desânimo! -> LÁBIOS-TREME,Gramática da Libras Vol.1 (INES/Quadros et al.) — Cap.5 Morfologia,346,"Quanto às expressões idiomáticas constituídas apenas de morfemas-boca, exemplificam-se as que seguem: (16) LÍNGUA-FORA ... (17) LÁBIOS-FECHADOS",sign2voice,sign2voice,,Morfemas faciais não aparecem na glosa escrita.
sign2voice,LIBRAS.EXPRESSOES-IDIOMATICAS.009,expressoes-idiomaticas,Metáforas baseadas em mãos e fluência,"A produtividade idiomática em Libras frequentemente utiliza a metáfora das 'mãos' para descrever a fluência, a clareza ou a dificuldade na produção linguística (ex: mãos leves, mãos duras).","Quando a frase descreve a habilidade, fluência ou dificuldade de alguém em se comunicar ou sinalizar, utilizando a metáfora do peso ou leveza das mãos.",false,Tem fluência em Libras -> MÃOS LEVES ; Tem pouca fluência em Libras -> MÃOS DURAS ; Extremamente fluente em Libras -> MÃOS-HABILIDOSAS,Gramática da Libras Vol.1 (INES/Quadros et al.) — Cap.5 Morfologia,348,Exemplos de expressões idiomáticas com 'olhos' e com as 'mãos' refletem uma tipicidade cultural própria das línguas de sinais ... (19) MÃOS LEVES ... (20) MÃOS DURAS,voice2sign,sign2voice,sim,Regra descreve fenômeno sem exigir nada na linha escrita.
sign2voice,LIBRAS.EXPRESSOES-IDIOMATICAS.010,expressoes-idiomaticas,Expressões Idiomáticas Equivalentes,"Expressões da Libras que possuem o mesmo sentido semântico que expressões da Língua Portuguesa, mas diferem na forma (glosa/sinal). Devem ser traduzidas mantendo o sentido idiomático, não a estrutura literal.",Quando a frase em português contém uma expressão idiomática que possui um equivalente direto em Libras com glosa diferente (ex: 'cara de pau' -> CARA-BATER).,false,Cara de pau -> CARA-BATER ; Num piscar de olhos -> OLHO-PISCAR ; Prestes atenção! -> OLHOS-ABRIR ; Babando! -> BABAR ; Dar com a cara na porta -> PORTA-NA-CARA ; Ficar cara a cara -> CARA-CARA ; Fulano é cabeção -> CABEÇA-E-MÃO ; Falar mal pelas costas -> FALAR PELAS-COSTAS ; Por baixo dos panos -> POR-BAIXO ; Arregaçar as mangas -> MANGA-ENROLAR ; Cair o queixo -> QUEIXO-CAIR ; Que linguarudo! -> LÍNGUA-GRANDE ; Engolir sapo -> ESTAR-ENTALADO ; Ficar congelado -> GELO-FICAR ; A máscara caiu -> ROSTO-CAIR ; Não é comigo! -> UNHAS-LIXAR ; Disfarçar -> MAQUIAR ; Passar na frente -> ATRAVESSAR-NA-FRENTE ; Pessoa antiquada -> CARA-QUADRADA ; Que nojo! -> HORROR ; Pegar alguém no laço -> PESCAR-EL@ ; Ter dor de cotovelo -> COTOVELO-CAIR ; Morrer de rir -> BARRIGA-TORCER ; Matar aula -> CUSPIR,Gramática da Libras Vol.1 (INES/Quadros et al.) — Cap.5 Morfologia,354,EXPRESSÕES IDIOMÁTICAS SINALIZADAS GLOSAS E SIGNIFICADOS EM LÍNGUA PORTUGUESA (35’) (35’) e (35’’) CARA-BATER Cara de pau. Que safadeza. Ter vergonha na cara.,voice2sign,sign2voice,sim,Exige conhecimento externo de equivalências semânticas não presentes no texto.
sign2voice,LIBRAS.EXPRESSOES-IDIOMATICAS.011,expressoes-idiomaticas,Expressões Idiomáticas Semelhantes,"Expressões da Libras que são equivalentes no sentido, mas diferentes na forma em relação às expressões da Língua Portuguesa. Diferem das equivalentes por não serem traduções diretas de estruturas idiomáticas portuguesas, mas sim construções próprias com sentido similar.","Quando a frase em português expressa um conceito idiomático que em Libras é representado por uma glosa que não é uma tradução literal nem uma estrutura idêntica, mas semanticamente alinhada.",false,Ficar com ciúme -> COTOVELO-CAIR ; Morrer de rir -> BARRIGA-TORCER ; Desprezar algo -> CUSPIR,Gramática da Libras Vol.1 (INES/Quadros et al.) — Cap.5 Morfologia,358,"As expressões idiomáticas semelhantes referem-se a expressões idiomáticas da Libras, equivalentes no sentido e diferentes na forma em relação a expressões idiomáticas da Língua Portuguesa",voice2sign,sign2voice,sim,"Exige julgamento semântico de equivalência idiomática, não verificável apenas pela sequência de glosas."
sign2voice,LIBRAS.EXPRESSOES-IDIOMATICAS.012,expressoes-idiomaticas,Expressões Idiomáticas Diferentes (Próprias da Libras),"Expressões idiomáticas que são tipicamente da Libras, diferentes tanto no sentido quanto na forma em relação às expressões da Língua Portuguesa. Não possuem um equivalente idiomático direto em português com a mesma estrutura ou imagem metafórica.",Quando a glosa em Libras representa um conceito idiomático que não tem um paralelo estrutural ou semântico direto em uma expressão idiomática da Língua Portuguesa.,false,Passou da hora -> ABRE-FECHA ; Faltou eu! -> BOCA-BATER-PASSAR ; Estou pasma! -> QUEIXO-MÃO-BATER-PASSAR ; Não tem mais jeito! -> MÃOS-PEITO-APERTAR ; Assim não dá! -> U-GIRA ; Só enxerga a orelha (do surdo) -> ORELHA-QUADRADA ; Falar disso me dá alergia -> BRAÇO-COÇAR ; Pegou mal! -> IRRITAR ; Convencer alguém -> VIOLINO-TOCAR ; Brega -> MÃO-BOCA-LIMPAR ; Disfarça! -> NARIZ-PINÇAR+++ ; Deixa pra lá! -> ABANDONAR-EF ; Que exagero! -> BOCA-ABANDONAR,Gramática da Libras Vol.1 (INES/Quadros et al.) — Cap.5 Morfologia,359,"As Expressões idiomáticas diferentes referem-se a expressões idiomáticas da Libras diferentes, no sentido e na forma, em relação a expressões idiomáticas da Língua Portuguesa",voice2sign,sign2voice,sim,"Exige análise semântica externa, não verificável apenas pela sequência de glosas."
sign2voice,LIBRAS.EXPRESSOES-IDIOMATICAS.013,expressoes-idiomaticas,Falsos Cognatos Idiomáticos,"Expressões que parecem ter o mesmo significado em Libras e Português devido à similaridade lexical, mas possuem significados distintos. Exemplo: 'mãos leves' em português significa ladrão, mas em Libras significa intérprete fluente/suave.","Quando uma expressão idiomática em português tem uma tradução literal que parece correta em Libras, mas o significado real em Libras é diferente (falso cognato).",false,Mãos leves (ladrão) -> MÃOS LEVES (Bem fluente em Libras),Gramática da Libras Vol.1 (INES/Quadros et al.) — Cap.5 Morfologia,362,"Em Língua Portuguesa, a expressão idiomática “mãos leves” refere-se, grosso modo, a uma pessoa que furta algo sem que seja percebido; em outras palavras, um ladrão. Em Língua de Sinais brasileira, entretanto, (73) refere-se a intérprete(s) de mãos leves",voice2sign,sign2voice,sim,Exige conhecimento semântico externo não presente na glosa.
sign2voice,LIBRAS.EXPRESSOES-IDIOMATICAS.014,expressoes-idiomaticas,Metáforas Estruturais: Pessoas como Tempero,Mapeamento metafórico onde pessoas são conceituadas como temperos. A ausência de sal indica falta de carisma/graça; doçura indica simpatia.,"Quando a descrição de uma pessoa em português usa termos como 'sem graça', 'sem carisma' ou 'fofo/doce', mapeando para a metáfora do tempero.",false,Sem sal! -> SAL-FALTA ; Que doce! -> DOCE-MUITO,Gramática da Libras Vol.1 (INES/Quadros et al.) — Cap.5 Morfologia,364,"Em Língua de Sinais brasileira, podemos elencar alguns desses mapeamentos metafóricos presentes em expressões idiomáticas. Seguem exemplos que retratam que pessoas são tempero, como em (74) e (75), há pessoas sem sal (sem sabor, sem graça), doces, azedas etc",voice2sign,sign2voice,sim,Regra descreve mapeamento sem especificar quais sinais devem aparecer na glosa.
sign2voice,LIBRAS.EXPRESSOES-IDIOMATICAS.015,expressoes-idiomaticas,Metáforas Estruturais: Pessoas como Máquinas,Mapeamento metafórico onde pessoas são conceituadas como máquinas. 'Enferrujar' ou 'travar' refere-se a falta de prática ou rigidez física/mental.,"Quando a frase em português descreve alguém como 'enferrujado', 'travado' ou precisando de 'lubrificação' (prática), mapeando para a metáfora da máquina.",false,Precisa desenferrujar as mãos -> MÃO-LUBRIFICAR ; Braço enferrujado -> BRAÇO-JUNTA-ENCOLHER,Gramática da Libras Vol.1 (INES/Quadros et al.) — Cap.5 Morfologia,365,"pessoas são máquinas, como em (76), que demonstra que as pessoas enferrujam e precisam de lubrificantes como as máquinas; e em (77), que demonstra que pessoas travam como máquinas",voice2sign,sign2voice,sim,Regra descreve fenômeno sem exigir nada sobre a linha escrita.
sign2voice,LIBRAS.EXPRESSOES-IDIOMATICAS.016,expressoes-idiomaticas,Metáforas Estruturais: Pessoas como Animais,"Mapeamento metafórico onde pessoas são comparadas a animais para descrever velocidade (lesma, tartaruga) ou comportamento (humildade/submissão via rabo/orelhas).","Quando a frase em português usa comparações com animais para descrever lentidão ('lento como lesma') ou submissão ('rabo entre as pernas', 'baixar as orelhas').",false,É uma lesma -> LESMA ; É uma tartaruga -> TARTARUGA ; Ficar com o rabo entre as pernas -> RABO-ESCONDER ; Baixar as orelhas -> ORELHAS-BAIXAR,Gramática da Libras Vol.1 (INES/Quadros et al.) — Cap.5 Morfologia,365,"pessoas são animais, como em (78) e (79), que mostram que uma pessoa pode ser uma lesma ou uma tartaruga, por agir lentamente. Também pode ter comportamento de animais, como é o caso de uma pessoa humilde ou que se humilha, “colocando o rabo entre as pernas”, como em (80) e abaixando as orelhas, como em (81)",voice2sign,sign2voice,sim,Regra descreve mapeamento metafórico sem exigir sequência específica de sinais na glosa.
sign2voice,LIBRAS.EXPRESSOES-IDIOMATICAS.017,expressoes-idiomaticas,Metáforas Orientacionais: Rejeição e Afastamento,"Sinais que envolvem afastamento do corpo ou abaixamento das mãos remetem a sentidos negativos, rejeição, desprezo ou incompatibilidade. Aproximação do corpo e elevação remetem a sentidos positivos.","Quando a intenção comunicativa é de rejeitar, afastar, desprezar ou indicar incompatibilidade, utilizando movimentos de afastamento do corpo ou empurrar para longe.",false,Não perca tempo com isso! -> AFASTAR-EU ; Rejeitar alguém -> VOMITAR ; Deixe longe! -> EMPURRAR-X ; Não combina -> CHOQUE,Gramática da Libras Vol.1 (INES/Quadros et al.) — Cap.5 Morfologia,366,"O afastamento do corpo e o abaixamento das mãos remete a sentidos negativos e a sentimento de rejeição, afastar do corpo tem o sentido negativo. Colar ao corpo tem sentido de aperto.",sign2voice,sign2voice,,"Exige verificar movimento de afastamento, que não está na glosa."
sign2voice,LIBRAS.EXPRESSOES-IDIOMATICAS.018,expressoes-idiomaticas,Metáforas Orientacionais: Aperto e Encurralamento,"Sinais que envolvem colar ao corpo ou pressão remetem a sentidos de aperto, encurralamento ou beco sem saída.","Quando a intenção comunicativa é de encurralar, pressionar ou indicar uma situação sem saída, utilizando movimentos de aperto contra o corpo.",false,Encurralar alguém -> APERTAR-PESCOÇO-TRÁS,Gramática da Libras Vol.1 (INES/Quadros et al.) — Cap.5 Morfologia,367,"Por fim, (86) demonstra o aperto, refletindo a ideia de “colocar contra a parede”, “encurralar”.",sign2voice,sign2voice,,"Exige verificar movimento de aperto contra o corpo, invisível na glosa."
